UDI,Product ID,Type,Air temperature [K],Process temperature [K],Rotational speed [rpm],Torque [Nm],Tool wear [min],Machine failure,TWF,HDF,PWF,OSF,RNF,soma_subtipos,probabilidade_falha,risco
1,M14860,M,298.1,308.6,1551,42.8,0,0,0,0,0,0,0,0,2.9725163e-07,Baixo
2,L47181,L,298.2,308.7,1408,46.3,3,0,0,0,0,0,0,0,2.4124227e-05,Baixo
3,L47182,L,298.1,308.5,1498,49.4,5,0,0,0,0,0,0,0,5.9382733e-06,Baixo
4,L47183,L,298.2,308.6,1433,39.5,7,0,0,0,0,0,0,0,1.2396674e-05,Baixo
5,L47184,L,298.2,308.7,1408,40.0,9,0,0,0,0,0,0,0,5.6840392e-05,Baixo
6,M14865,M,298.1,308.6,1425,41.9,11,0,0,0,0,0,0,0,4.1414137e-06,Baixo
7,L47186,L,298.1,308.6,1558,42.4,14,0,0,0,0,0,0,0,2.172076e-07,Baixo
8,L47187,L,298.1,308.6,1527,40.2,16,0,0,0,0,0,0,0,8.933466e-06,Baixo
9,M14868,M,298.3,308.7,1667,28.6,18,0,0,0,0,0,0,0,1.9173162e-06,Baixo
10,M14869,M,298.5,309.0,1741,28.0,21,0,0,0,0,0,0,0,6.3832863e-07,Baixo
11,H29424,H,298.4,308.9,1782,23.9,24,0,0,0,0,0,0,0,1.5784389e-06,Baixo
12,H29425,H,298.6,309.1,1423,44.3,29,0,0,0,0,0,0,0,1.6339015e-07,Baixo
13,M14872,M,298.6,309.1,1339,51.1,34,0,0,0,0,0,0,0,4.7182687e-07,Baixo
14,M14873,M,298.6,309.2,1742,30.0,37,0,0,0,0,0,0,0,1.9608032e-07,Baixo
15,L47194,L,298.6,309.2,2035,19.6,40,0,0,0,0,0,0,0,8.207891e-06,Baixo
16,L47195,L,298.6,309.2,1542,48.4,42,0,0,0,0,0,0,0,6.2577993e-07,Baixo
17,M14876,M,298.6,309.2,1311,46.6,44,0,0,0,0,0,0,0,3.395534e-06,Baixo
18,M14877,M,298.7,309.2,1410,45.6,47,0,0,0,0,0,0,0,8.3281844e-07,Baixo
19,H29432,H,298.8,309.2,1306,54.5,50,0,0,0,0,0,0,0,5.71033e-07,Baixo
20,M14879,M,298.9,309.3,1632,32.5,55,0,0,0,0,0,0,0,6.303711e-08,Baixo
21,H29434,H,298.9,309.3,1375,42.7,58,0,0,0,0,0,0,0,1.1184234e-05,Baixo
22,L47201,L,298.8,309.3,1450,44.8,63,0,0,0,0,0,0,0,5.7207258e-06,Baixo
23,M14882,M,298.9,309.3,1581,30.7,65,0,0,0,0,0,0,0,4.6087638e-07,Baixo
24,L47203,L,299.0,309.4,1758,25.7,68,0,0,0,0,0,0,0,6.1364113e-07,Baixo
25,M14884,M,299.0,309.4,1561,37.3,70,0,0,0,0,0,0,0,1.2249995e-05,Baixo
26,L47205,L,299.0,309.5,1861,23.3,73,0,0,0,0,0,0,0,2.8045877e-06,Baixo
27,L47206,L,299.1,309.5,1512,39.0,75,0,0,0,0,0,0,0,8.087264e-07,Baixo
28,H29441,H,299.1,309.4,1811,24.6,77,0,0,0,0,0,0,0,2.0715595e-06,Baixo
29,L47208,L,299.1,309.4,1439,44.2,82,0,0,0,0,0,0,0,8.718423e-06,Baixo
30,L47209,L,299.0,309.4,1693,30.1,84,0,0,0,0,0,0,0,8.942348e-06,Baixo
31,M14890,M,299.1,309.5,1339,48.2,86,0,0,0,0,0,0,0,2.9539622e-05,Baixo
32,L47211,L,299.0,309.4,1798,25.5,89,0,0,0,0,0,0,0,2.4015244e-06,Baixo
33,L47212,L,299.0,309.4,1419,48.3,91,0,0,0,0,0,0,0,3.4484133e-06,Baixo
34,L47213,L,298.9,309.3,1665,32.5,93,0,0,0,0,0,0,0,5.4249324e-07,Baixo
35,M14894,M,298.8,309.1,1559,34.7,95,0,0,0,0,0,0,0,1.6451938e-07,Baixo
36,M14895,M,298.8,309.2,1452,48.6,98,0,0,0,0,0,0,0,5.9985166e-07,Baixo
37,M14896,M,298.9,309.2,1581,36.7,101,0,0,0,0,0,0,0,4.5225622e-08,Baixo
38,L47217,L,298.8,309.1,1439,39.2,104,0,0,0,0,0,0,0,2.23794e-06,Baixo
39,H29452,H,298.9,309.2,1379,50.7,106,0,0,0,0,0,0,0,3.1711574e-05,Baixo
40,L47219,L,298.8,309.1,1350,52.5,111,0,0,0,0,0,0,0,7.12511e-06,Baixo
41,L47220,L,298.8,309.1,1362,45.4,113,0,0,0,0,0,0,0,6.331028e-05,Baixo
42,L47221,L,298.8,309.1,1368,50.8,115,0,0,0,0,0,0,0,1.4468057e-05,Baixo
43,M14902,M,298.8,309.1,1368,49.1,117,0,0,0,0,0,0,0,1.16251e-05,Baixo
44,H29457,H,298.8,309.2,1372,48.5,120,0,0,0,0,0,0,0,7.4852155e-06,Baixo
45,M14904,M,298.8,309.1,1472,47.5,125,0,0,0,0,0,0,0,1.3497746e-06,Baixo
46,L47225,L,298.8,309.1,1489,49.1,128,0,0,0,0,0,0,0,8.0089995e-07,Baixo
47,M14906,M,298.7,309.0,1843,25.8,130,0,0,0,0,0,0,0,1.0074297e-06,Baixo
48,L47227,L,298.8,309.1,1418,46.3,133,0,0,0,0,0,0,0,1.6323394e-05,Baixo
49,H29462,H,298.8,309.2,1425,53.9,135,0,0,0,0,0,0,0,2.1359085e-07,Baixo
50,M14909,M,298.9,309.2,1412,44.1,140,0,0,0,0,0,0,0,3.13068e-06,Baixo
51,L47230,L,298.9,309.1,2861,4.6,143,1,0,0,1,0,0,1,0.9872405,Crítico
52,L47231,L,298.9,309.1,1383,54.9,145,0,0,0,0,0,0,0,1.47542405e-05,Baixo
53,H29466,H,298.8,309.0,1497,43.8,147,0,0,0,0,0,0,0,6.231441e-07,Baixo
54,L47233,L,298.7,309.0,1565,35.1,152,0,0,0,0,0,0,0,2.0718794e-06,Baixo
55,L47234,L,298.7,309.0,1691,30.1,154,0,0,0,0,0,0,0,2.6506767e-05,Baixo
56,L47235,L,298.8,309.1,1512,40.7,156,0,0,0,0,0,0,0,9.22363e-07,Baixo
57,L47236,L,298.8,309.1,1477,42.4,158,0,0,0,0,0,0,0,6.179204e-07,Baixo
58,L47237,L,298.8,309.1,1513,40.3,160,0,0,0,0,0,0,0,2.325634e-06,Baixo
59,M14918,M,298.8,309.0,1661,29.5,162,0,0,0,0,0,0,0,2.881504e-07,Baixo
60,L47239,L,298.8,309.1,1378,54.4,165,0,0,0,0,0,0,0,4.633466e-06,Baixo
61,L47240,L,298.8,309.1,1393,52.6,167,0,0,0,0,0,0,0,3.8193566e-06,Baixo
62,M14921,M,298.8,309.0,1592,38.2,169,0,0,0,0,0,0,0,5.2755117e-06,Baixo
63,L47242,L,298.8,309.0,1829,22.9,172,0,0,0,0,0,0,0,1.5710291e-06,Baixo
64,M14923,M,298.9,309.0,1812,25.9,174,0,0,0,0,0,0,0,9.359769e-06,Baixo
65,L47244,L,299.0,309.1,1523,38.6,177,0,0,0,0,0,0,0,4.6695077e-06,Baixo
66,L47245,L,299.0,309.1,1394,45.1,179,0,0,0,0,0,0,0,1.4693866e-06,Baixo
67,M14926,M,298.9,308.9,1679,28.7,181,0,0,0,0,0,0,0,3.410161e-05,Baixo
68,H29481,H,298.8,308.9,1466,44.1,184,0,0,0,0,0,0,0,5.283774e-06,Baixo
69,L47248,L,298.8,308.9,1527,32.4,189,0,0,0,0,0,0,0,7.6905184e-05,Baixo
70,L47249,L,298.9,309.0,1410,65.7,191,1,0,0,1,1,0,2,0.9999448,Crítico
71,M14930,M,298.9,309.0,1924,22.6,193,0,0,0,0,0,0,0,5.328111e-06,Baixo
72,L47251,L,298.9,309.1,1452,45.5,196,0,0,0,0,0,0,0,3.3297256e-05,Baixo
73,L47252,L,298.9,309.1,1369,44.4,198,0,0,0,0,0,0,0,0.008174442,Baixo
74,L47253,L,299.0,309.1,1592,35.0,200,0,0,0,0,0,0,0,1.9946747e-06,Baixo
75,L47254,L,298.9,309.0,1601,32.3,202,0,0,0,0,0,0,0,4.542655e-06,Baixo
76,L47255,L,298.8,308.9,1379,46.7,204,0,0,0,0,0,0,0,0.76843274,Alto
77,L47256,L,298.8,308.9,1461,47.9,206,0,0,0,0,0,0,0,0.00016631465,Baixo
78,L47257,L,298.8,308.9,1455,41.3,208,1,1,0,0,0,0,1,6.798794e-05,Baixo
79,L47258,L,298.8,308.9,1398,51.5,0,0,0,0,0,0,0,0,8.815288e-06,Baixo
80,L47259,L,298.8,308.9,1402,37.9,2,0,0,0,0,0,0,0,0.0022727696,Baixo
81,H29494,H,298.8,308.8,1445,49.9,4,0,0,0,0,0,0,0,5.1431687e-07,Baixo
82,L47261,L,298.9,308.9,1450,47.5,9,0,0,0,0,0,0,0,1.3788303e-05,Baixo
83,L47262,L,298.9,308.9,1453,40.8,11,0,0,0,0,0,0,0,1.9539446e-05,Baixo
84,L47263,L,299.0,309.0,1469,40.1,13,0,0,0,0,0,0,0,8.6065813e-07,Baixo
85,L47264,L,298.9,308.9,1422,47.6,15,0,0,0,0,0,0,0,2.6067225e-06,Baixo
86,M14945,M,299.0,309.0,1804,26.8,17,0,0,0,0,0,0,0,3.557507e-07,Baixo
87,H29500,H,299.0,309.0,1436,43.9,20,0,0,0,0,0,0,0,8.125929e-08,Baixo
88,L47267,L,299.0,309.0,1544,31.8,25,0,0,0,0,0,0,0,1.09548814e-07,Baixo
89,M14948,M,299.0,309.0,1419,45.2,27,0,0,0,0,0,0,0,8.3804576e-07,Baixo
90,M14949,M,298.9,308.9,1487,39.5,30,0,0,0,0,0,0,0,9.380509e-06,Baixo
91,L47270,L,298.9,308.9,1753,25.8,33,0,0,0,0,0,0,0,1.939392e-05,Baixo
92,L47271,L,298.9,308.9,1830,24.9,35,0,0,0,0,0,0,0,3.0818612e-06,Baixo
93,M14952,M,298.9,308.9,1727,27.1,37,0,0,0,0,0,0,0,1.508664e-07,Baixo
94,L47273,L,299.1,309.0,1450,43.0,40,0,0,0,0,0,0,0,9.840672e-07,Baixo
95,L47274,L,299.0,308.9,1622,31.9,42,0,0,0,0,0,0,0,8.541652e-08,Baixo
96,M14955,M,299.0,309.0,1351,52.2,44,0,0,0,0,0,0,0,1.0670148e-06,Baixo
97,M14956,M,299.0,309.0,1575,35.3,47,0,0,0,0,0,0,0,7.155271e-07,Baixo
98,M14957,M,298.9,308.9,1750,29.9,50,0,0,0,0,0,0,0,1.5146814e-07,Baixo
99,L47278,L,298.9,308.8,1529,32.7,53,0,0,0,0,0,0,0,1.7485894e-07,Baixo
100,L47279,L,298.8,308.8,1523,44.4,55,0,0,0,0,0,0,0,7.167009e-06,Baixo
101,L47280,L,298.8,308.9,1852,25.0,57,0,0,0,0,0,0,0,6.3708408e-06,Baixo
102,L47281,L,298.8,308.8,1991,20.7,59,0,0,0,0,0,0,0,2.6396237e-06,Baixo
103,L47282,L,298.8,308.8,1555,40.6,61,0,0,0,0,0,0,0,2.3710074e-06,Baixo
104,M14963,M,298.8,308.8,1441,40.5,63,0,0,0,0,0,0,0,0.00011488199,Baixo
105,L47284,L,298.8,308.7,1450,43.4,66,0,0,0,0,0,0,0,0.00016362703,Baixo
106,L47285,L,298.8,308.7,1591,31.1,68,0,0,0,0,0,0,0,1.3701089e-06,Baixo
107,L47286,L,298.8,308.7,1445,48.5,70,0,0,0,0,0,0,0,8.929463e-06,Baixo
108,M14967,M,298.8,308.8,1497,46.8,72,0,0,0,0,0,0,0,1.32222185e-05,Baixo
109,H29522,H,298.9,308.8,1621,32.7,75,0,0,0,0,0,0,0,1.3133689e-07,Baixo
110,L47289,L,298.9,308.7,1572,34.1,80,0,0,0,0,0,0,0,2.1003143e-06,Baixo
111,L47290,L,298.8,308.6,1872,22.5,82,0,0,0,0,0,0,0,5.9444557e-07,Baixo
112,H29525,H,298.7,308.6,1499,43.5,84,0,0,0,0,0,0,0,3.265533e-07,Baixo
113,M14972,M,298.8,308.7,1498,39.5,89,0,0,0,0,0,0,0,8.4271176e-07,Baixo
114,M14973,M,298.8,308.6,1486,41.9,92,0,0,0,0,0,0,0,1.2785713e-06,Baixo
115,L47294,L,298.8,308.6,1680,29.4,95,0,0,0,0,0,0,0,1.1528223e-05,Baixo
116,L47295,L,298.8,308.6,1431,45.7,97,0,0,0,0,0,0,0,7.712257e-05,Baixo
117,L47296,L,298.9,308.7,1564,34.1,99,0,0,0,0,0,0,0,1.0782085e-06,Baixo
118,L47297,L,298.8,308.6,1599,33.0,101,0,0,0,0,0,0,0,2.6636394e-06,Baixo
119,M14978,M,298.8,308.6,1707,28.1,103,0,0,0,0,0,0,0,3.0411811e-05,Baixo
120,L47299,L,298.7,308.5,1467,40.7,106,0,0,0,0,0,0,0,1.0414317e-05,Baixo
121,L47300,L,298.9,308.7,1433,44.7,108,0,0,0,0,0,0,0,4.588455e-06,Baixo
122,L47301,L,298.9,308.7,1558,41.2,110,0,0,0,0,0,0,0,3.6376468e-06,Baixo
123,L47302,L,299.0,308.8,1310,50.7,112,0,0,0,0,0,0,0,0.00010311176,Baixo
124,L47303,L,298.9,308.7,1546,43.4,114,0,0,0,0,0,0,0,2.5597265e-07,Baixo
125,L47304,L,298.9,308.7,1727,29.4,116,0,0,0,0,0,0,0,6.260223e-05,Baixo
126,L47305,L,298.9,308.6,1560,32.2,118,0,0,0,0,0,0,0,6.0420416e-07,Baixo
127,L47306,L,299.0,308.6,1329,60.5,120,0,0,0,0,0,0,0,0.0008086983,Baixo
128,L47307,L,298.9,308.6,1413,46.5,122,0,0,0,0,0,0,0,1.0275276e-05,Baixo
129,L47308,L,299.0,308.6,1587,38.6,124,0,0,0,0,0,0,0,7.403481e-06,Baixo
130,L47309,L,298.9,308.5,1559,34.3,126,0,0,0,0,0,0,0,1.060612e-06,Baixo
131,L47310,L,298.8,308.4,1473,41.1,128,0,0,0,0,0,0,0,3.2516335e-05,Baixo
132,L47311,L,298.8,308.4,1737,27.7,130,0,0,0,0,0,0,0,1.3780324e-05,Baixo
133,M14992,M,298.7,308.4,1441,43.2,132,0,0,0,0,0,0,0,1.480107e-05,Baixo
134,M14993,M,298.7,308.4,1430,49.6,135,0,0,0,0,0,0,0,2.3947043e-05,Baixo
135,L47314,L,298.8,308.4,1369,53.0,138,0,0,0,0,0,0,0,0.00017278412,Baixo
136,M14995,M,298.8,308.5,1711,28.5,140,0,0,0,0,0,0,0,9.424006e-06,Baixo
137,H29550,H,298.7,308.5,1420,45.7,143,0,0,0,0,0,0,0,1.2711458e-05,Baixo
138,L47317,L,298.7,308.6,1297,55.3,148,0,0,0,0,0,0,0,3.407697e-05,Baixo
139,H29552,H,298.8,308.6,1449,49.4,150,0,0,0,0,0,0,0,1.0434806e-05,Baixo
140,L47319,L,298.8,308.6,1268,55.8,155,0,0,0,0,0,0,0,1.7804732e-05,Baixo
141,L47320,L,298.8,308.6,1511,36.1,157,0,0,0,0,0,0,0,1.0000847e-05,Baixo
142,L47321,L,298.7,308.5,1544,35.2,159,0,0,0,0,0,0,0,1.0322675e-05,Baixo
143,M15002,M,298.6,308.4,1778,28.2,161,0,0,0,0,0,0,0,2.5399959e-06,Baixo
144,H29557,H,298.6,308.4,1407,50.5,164,0,0,0,0,0,0,0,1.3625094e-05,Baixo
145,M15004,M,298.6,308.4,1391,42.4,169,0,0,0,0,0,0,0,1.739503e-05,Baixo
146,L47325,L,298.5,308.4,1513,33.6,172,0,0,0,0,0,0,0,5.7827845e-05,Baixo
147,H29560,H,298.5,308.4,1612,36.1,174,0,0,0,0,0,0,0,1.2541153e-06,Baixo
148,L47327,L,298.4,308.4,1515,40.1,179,0,0,0,0,0,0,0,0.0007748404,Baixo
149,M15008,M,298.3,308.3,1379,48.0,181,0,0,0,0,0,0,0,1.8649185e-05,Baixo
150,L47329,L,298.4,308.3,1473,39.9,184,0,0,0,0,0,0,0,8.086378e-05,Baixo
151,L47330,L,298.4,308.3,1422,42.7,186,0,0,0,0,0,0,0,5.7682496e-06,Baixo
152,M15011,M,298.4,308.2,1463,37.6,188,0,0,0,0,0,0,0,3.5295645e-05,Baixo
153,M15012,M,298.4,308.2,1584,41.0,191,0,0,0,0,0,0,0,0.000100426674,Baixo
154,L47333,L,298.4,308.2,1850,27.0,194,0,0,0,0,0,0,0,7.722371e-06,Baixo
155,L47334,L,298.4,308.2,1528,36.2,196,0,0,0,0,0,0,0,3.1151903e-05,Baixo
156,H29569,H,298.4,308.2,1987,19.8,198,0,0,0,0,0,0,0,0.011234715,Baixo
157,M15016,M,298.4,308.1,1495,46.0,203,0,0,0,0,0,0,0,0.003119537,Baixo
158,H29571,H,298.4,308.2,1478,43.5,206,0,0,0,0,0,0,0,0.0018368065,Baixo
159,M15018,M,298.4,308.2,1499,40.0,211,0,0,0,0,0,0,0,8.424737e-05,Baixo
160,L47339,L,298.4,308.2,1471,47.0,214,0,0,0,0,0,0,0,0.013403073,Baixo
161,L47340,L,298.4,308.2,1282,60.7,216,1,0,0,0,1,0,1,0.9999304,Crítico
162,L47341,L,298.3,308.1,1412,52.3,218,1,0,0,0,1,0,1,0.9097548,Crítico
163,L47342,L,298.3,308.1,1586,35.5,0,0,0,0,0,0,0,0,2.6952355e-06,Baixo
164,M15023,M,298.4,308.2,1468,43.8,2,0,0,0,0,0,0,0,5.167538e-06,Baixo
165,M15024,M,298.5,308.3,1440,43.6,5,0,0,0,0,0,0,0,4.9562263e-06,Baixo
166,L47345,L,298.5,308.4,1733,26.0,8,0,0,0,0,0,0,0,2.101592e-05,Baixo
167,H29580,H,298.4,308.2,1612,32.6,10,0,0,0,0,0,0,0,1.5248341e-07,Baixo
168,H29581,H,298.4,308.3,1458,42.9,15,0,0,0,0,0,0,0,6.8001723e-06,Baixo
169,L47348,L,298.4,308.3,1433,62.3,20,1,0,0,1,0,0,1,0.9982497,Crítico
170,L47349,L,298.4,308.3,1318,59.1,22,0,0,0,0,0,0,0,0.00033649761,Baixo
171,M15030,M,298.4,308.2,1610,35.0,24,0,0,0,0,0,0,0,7.746053e-07,Baixo
172,L47351,L,298.2,308.1,1462,50.8,27,0,0,0,0,0,0,0,8.245167e-07,Baixo
173,M15032,M,298.1,308.0,1924,20.8,29,0,0,0,0,0,0,0,4.752749e-06,Baixo
174,M15033,M,298.2,308.0,1591,33.7,32,0,0,0,0,0,0,0,9.938741e-07,Baixo
175,L47354,L,298.2,308.1,1306,58.3,35,0,0,0,0,0,0,0,6.0898645e-05,Baixo
176,L47355,L,298.2,308.1,1382,43.5,37,0,0,0,0,0,0,0,1.8706775e-06,Baixo
177,L47356,L,298.2,308.1,1618,34.7,39,0,0,0,0,0,0,0,5.4663803e-07,Baixo
178,L47357,L,298.2,308.2,1988,21.4,41,0,0,0,0,0,0,0,2.2868373e-06,Baixo
179,L47358,L,298.2,308.2,1436,50.2,43,0,0,0,0,0,0,0,2.1724376e-05,Baixo
180,L47359,L,298.2,308.3,1304,49.8,45,0,0,0,0,0,0,0,1.7179182e-05,Baixo
181,L47360,L,298.2,308.3,1475,49.9,47,0,0,0,0,0,0,0,1.703537e-05,Baixo
182,H29595,H,298.2,308.3,1824,24.2,49,0,0,0,0,0,0,0,2.0355515e-07,Baixo
183,M15042,M,298.1,308.2,1342,48.1,54,0,0,0,0,0,0,0,9.405962e-07,Baixo
184,L47363,L,298.1,308.2,1485,40.7,57,0,0,0,0,0,0,0,2.4711073e-05,Baixo
185,L47364,L,298.2,308.2,1667,30.6,59,0,0,0,0,0,0,0,6.39183e-06,Baixo
186,L47365,L,298.2,308.2,1446,38.2,61,0,0,0,0,0,0,0,0.0025409274,Baixo
187,L47366,L,298.1,308.3,1301,56.0,63,0,0,0,0,0,0,0,3.058154e-05,Baixo
188,L47367,L,298.2,308.4,1379,43.1,65,0,0,0,0,0,0,0,3.5035348e-05,Baixo
189,L47368,L,298.3,308.5,1606,33.6,67,0,0,0,0,0,0,0,1.6507037e-06,Baixo
190,M15049,M,298.3,308.4,1539,43.4,69,0,0,0,0,0,0,0,2.3124614e-06,Baixo
191,L47370,L,298.2,308.4,1477,49.9,72,0,0,0,0,0,0,0,2.6654014e-05,Baixo
192,L47371,L,298.2,308.4,1666,34.6,74,0,0,0,0,0,0,0,2.5128784e-06,Baixo
193,H29606,H,298.2,308.4,1398,51.8,76,0,0,0,0,0,0,0,2.1031497e-05,Baixo
194,H29607,H,298.2,308.4,1678,34.6,81,0,0,0,0,0,0,0,1.0799347e-07,Baixo
195,M15054,M,298.2,308.5,2678,10.7,86,1,0,0,1,0,0,1,0.10894868,Baixo
196,L47375,L,298.3,308.5,1453,42.9,89,0,0,0,0,0,0,0,5.480433e-05,Baixo
197,H29610,H,298.3,308.6,1432,49.5,91,0,0,0,0,0,0,0,2.5384943e-06,Baixo
198,M15057,M,298.4,308.6,1527,40.9,96,0,0,0,0,0,0,0,0.0002846319,Baixo
199,L47378,L,298.4,308.7,1588,35.0,99,0,0,0,0,0,0,0,7.992503e-06,Baixo
200,L47379,L,298.4,308.6,1433,47.1,101,0,0,0,0,0,0,0,0.00018384082,Baixo
201,L47380,L,298.4,308.6,1609,35.0,103,0,0,0,0,0,0,0,2.2097336e-06,Baixo
202,L47381,L,298.3,308.5,1575,41.2,105,0,0,0,0,0,0,0,2.1751202e-06,Baixo
203,M15062,M,298.4,308.5,1636,35.7,107,0,0,0,0,0,0,0,2.5480313e-06,Baixo
204,L47383,L,298.4,308.5,1490,37.9,110,0,0,0,0,0,0,0,4.303284e-05,Baixo
205,L47384,L,298.4,308.5,1741,32.8,112,0,0,0,0,0,0,0,3.6945964e-06,Baixo
206,M15065,M,298.5,308.6,1344,53.0,114,0,0,0,0,0,0,0,0.00015651305,Baixo
207,L47386,L,298.5,308.7,1609,35.3,117,0,0,0,0,0,0,0,3.8068854e-05,Baixo
208,M15067,M,298.4,308.7,1421,60.7,119,1,0,0,1,0,0,1,0.9659847,Crítico
209,L47388,L,298.4,308.6,1591,36.7,122,0,0,0,0,0,0,0,8.8040616e-07,Baixo
210,L47389,L,298.4,308.6,1477,44.0,124,0,0,0,0,0,0,0,2.8760383e-05,Baixo
211,L47390,L,298.4,308.7,1523,36.1,126,0,0,0,0,0,0,0,4.8244554e-05,Baixo
212,L47391,L,298.5,308.7,1575,33.9,128,0,0,0,0,0,0,0,1.3195311e-06,Baixo
213,H29626,H,298.4,308.7,1344,52.9,130,0,0,0,0,0,0,0,1.4310716e-05,Baixo
214,L47393,L,298.4,308.7,1386,44.9,135,0,0,0,0,0,0,0,8.302656e-05,Baixo
215,M15074,M,298.3,308.6,1589,37.1,137,0,0,0,0,0,0,0,7.93791e-06,Baixo
216,L47395,L,298.3,308.6,1548,40.3,140,0,0,0,0,0,0,0,1.0548301e-06,Baixo
217,L47396,L,298.3,308.6,1499,38.3,142,0,0,0,0,0,0,0,4.681922e-06,Baixo
218,L47397,L,298.3,308.5,1664,31.6,144,0,0,0,0,0,0,0,1.41504825e-05,Baixo
219,L47398,L,298.3,308.6,1447,38.1,146,0,0,0,0,0,0,0,8.784841e-06,Baixo
220,M15079,M,298.3,308.5,1434,46.2,148,0,0,0,0,0,0,0,9.4096526e-05,Baixo
221,L47400,L,298.3,308.5,1416,52.7,151,0,0,0,0,0,0,0,5.5704022e-05,Baixo
222,H29635,H,298.4,308.5,1827,24.3,153,0,0,0,0,0,0,0,3.0535564e-06,Baixo
223,L47402,L,298.4,308.6,1304,45.0,158,0,0,0,0,0,0,0,1.3603606e-05,Baixo
224,L47403,L,298.4,308.6,1569,34.4,160,0,0,0,0,0,0,0,7.690057e-06,Baixo
225,L47404,L,298.3,308.6,1584,29.3,162,0,0,0,0,0,0,0,3.0890566e-05,Baixo
226,L47405,L,298.3,308.5,1362,53.8,164,0,0,0,0,0,0,0,7.819681e-05,Baixo
227,L47406,L,298.3,308.4,1329,49.2,166,0,0,0,0,0,0,0,2.8403241e-05,Baixo
228,L47407,L,298.3,308.5,1539,36.1,168,0,0,0,0,0,0,0,1.6848486e-05,Baixo
229,M15088,M,298.3,308.5,1629,37.1,170,0,0,0,0,0,0,0,2.7138913e-06,Baixo
230,L47409,L,298.3,308.5,1538,32.2,173,0,0,0,0,0,0,0,3.6101388e-05,Baixo
231,L47410,L,298.3,308.6,1570,34.8,175,0,0,0,0,0,0,0,2.2483043e-06,Baixo
232,L47411,L,298.3,308.4,1408,43.1,177,0,0,0,0,0,0,0,1.6858789e-05,Baixo
233,L47412,L,298.2,308.4,1424,47.6,179,0,0,0,0,0,0,0,1.7915647e-05,Baixo
234,L47413,L,298.2,308.4,1512,34.9,181,0,0,0,0,0,0,0,1.034772e-05,Baixo
235,L47414,L,298.2,308.4,1478,42.9,183,0,0,0,0,0,0,0,1.8057855e-06,Baixo
236,M15095,M,298.1,308.3,1680,33.7,185,0,0,0,0,0,0,0,1.622936e-07,Baixo
237,L47416,L,298.1,308.3,1495,38.7,188,0,0,0,0,0,0,0,5.911107e-06,Baixo
238,M15097,M,298.0,308.1,1552,36.6,190,0,0,0,0,0,0,0,0.00020118039,Baixo
239,L47418,L,297.9,308.1,1393,50.3,193,0,0,0,0,0,0,0,1.2020394e-06,Baixo
240,L47419,L,298.0,308.2,1611,30.6,195,0,0,0,0,0,0,0,2.334813e-05,Baixo
241,M15100,M,298.0,308.1,1339,51.6,197,0,0,0,0,0,0,0,6.7072147e-06,Baixo
242,L47421,L,298.0,308.1,1777,24.3,200,0,0,0,0,0,0,0,0.00067898136,Baixo
243,L47422,L,298.0,308.2,1348,58.8,202,1,0,0,0,1,0,1,0.98115015,Crítico
244,L47423,L,298.0,308.2,1442,44.1,204,0,0,0,0,0,0,0,0.005351765,Baixo
245,M15104,M,298.0,308.2,1395,49.1,206,0,0,0,0,0,0,0,0.00011911373,Baixo
246,M15105,M,297.9,308.1,1627,31.4,209,0,0,0,0,0,0,0,0.0009900801,Baixo
247,L47426,L,297.9,308.1,1585,33.5,212,0,0,0,0,0,0,0,0.0012565097,Baixo
248,L47427,L,298.0,308.2,1469,45.5,214,0,0,0,0,0,0,0,0.0012058739,Baixo
249,L47428,L,298.0,308.3,1362,56.8,216,1,0,0,0,1,0,1,0.99994004,Crítico
250,L47429,L,298.0,308.3,1405,56.2,218,1,0,0,0,1,0,1,0.9999454,Crítico
251,L47430,L,298.0,308.3,1662,32.7,0,0,0,0,0,0,0,0,1.4337942e-06,Baixo
252,M15111,M,298.0,308.2,1466,42.6,2,0,0,0,0,0,0,0,1.687884e-07,Baixo
253,L47432,L,298.0,308.2,1620,35.8,5,0,0,0,0,0,0,0,2.985684e-06,Baixo
254,L47433,L,298.0,308.2,1357,48.2,7,0,0,0,0,0,0,0,6.6030148e-06,Baixo
255,L47434,L,298.0,308.2,1514,37.9,9,0,0,0,0,0,0,0,6.5013523e-06,Baixo
256,L47435,L,298.0,308.2,1489,40.4,11,0,0,0,0,0,0,0,7.882621e-07,Baixo
257,L47436,L,298.1,308.3,1331,63.0,13,0,0,0,0,0,0,0,0.50372386,Moderado
258,L47437,L,298.0,308.0,1615,29.5,15,0,0,0,0,0,0,0,2.168908e-06,Baixo
259,L47438,L,298.1,308.2,1482,37.9,17,0,0,0,0,0,0,0,9.832223e-06,Baixo
260,M15119,M,298.1,308.2,1420,63.9,19,1,0,0,1,0,0,1,0.9996408,Crítico
261,M15120,M,298.2,308.3,1522,49.1,22,0,0,0,0,0,0,0,5.3313993e-06,Baixo
262,L47441,L,298.1,308.2,1654,32.1,25,0,0,0,0,0,0,0,2.9188197e-07,Baixo
263,M15122,M,298.1,308.2,1736,26.8,27,0,0,0,0,0,0,0,3.1613342e-07,Baixo
264,M15123,M,298.0,308.1,1587,32.3,30,0,0,0,0,0,0,0,6.6099057e-07,Baixo
265,L47444,L,298.1,308.2,1390,47.5,33,0,0,0,0,0,0,0,1.9356296e-06,Baixo
266,L47445,L,298.0,308.1,1454,37.1,35,0,0,0,0,0,0,0,3.991185e-06,Baixo
267,H29680,H,298.0,308.1,1440,43.7,37,0,0,0,0,0,0,0,1.7802153e-08,Baixo
268,L47447,L,297.9,308.0,1954,21.1,42,0,0,0,0,0,0,0,1.0796617e-05,Baixo
269,H29682,H,297.9,308.0,1800,24.8,44,0,0,0,0,0,0,0,8.2895474e-07,Baixo
270,L47449,L,298.0,308.0,1524,37.0,49,0,0,0,0,0,0,0,1.6060876e-05,Baixo
271,H29684,H,298.0,308.0,1520,39.6,51,0,0,0,0,0,0,0,8.470531e-07,Baixo
272,M15131,M,298.1,308.1,1452,40.8,56,0,0,0,0,0,0,0,0.00012491824,Baixo
273,L47452,L,298.1,308.1,1484,40.4,59,0,0,0,0,0,0,0,7.075451e-07,Baixo
274,L47453,L,298.1,308.0,1426,46.0,61,0,0,0,0,0,0,0,3.3012273e-06,Baixo
275,L47454,L,298.1,308.0,1652,28.5,63,0,0,0,0,0,0,0,6.192387e-06,Baixo
276,L47455,L,298.0,308.0,1401,54.7,65,0,0,0,0,0,0,0,0.00013430035,Baixo
277,M15136,M,298.0,307.9,1750,26.6,67,0,0,0,0,0,0,0,3.5821695e-06,Baixo
278,H29691,H,298.0,308.0,1479,50.7,70,0,0,0,0,0,0,0,3.3956178e-06,Baixo
279,M15138,M,298.0,308.0,1620,29.4,75,0,0,0,0,0,0,0,3.941268e-06,Baixo
280,L47459,L,298.0,308.1,1819,23.4,78,0,0,0,0,0,0,0,4.4111935e-06,Baixo
281,M15140,M,298.1,308.1,1456,43.7,80,0,0,0,0,0,0,0,3.3871183e-06,Baixo
282,L47461,L,298.1,308.0,1626,36.5,83,0,0,0,0,0,0,0,4.8445247e-07,Baixo
283,M15142,M,298.1,308.1,1390,49.8,85,0,0,0,0,0,0,0,3.916423e-06,Baixo
284,L47463,L,298.2,308.2,1469,43.0,88,0,0,0,0,0,0,0,3.960923e-07,Baixo
285,L47464,L,298.2,308.3,2051,19.2,90,0,0,0,0,0,0,0,3.2531872e-05,Baixo
286,L47465,L,298.2,308.3,1568,36.0,92,0,0,0,0,0,0,0,7.1675554e-06,Baixo
287,L47466,L,298.2,308.3,1589,33.2,94,0,0,0,0,0,0,0,1.4004095e-06,Baixo
288,L47467,L,298.2,308.3,1805,31.6,96,0,0,0,0,0,0,0,9.125992e-07,Baixo
289,H29702,H,298.2,308.4,1385,42.2,98,0,0,0,0,0,0,0,7.1020727e-06,Baixo
290,L47469,L,298.1,308.4,1436,46.7,103,0,0,0,0,0,0,0,4.276634e-06,Baixo
291,L47470,L,298.1,308.4,1438,45.6,105,0,0,0,0,0,0,0,3.4884567e-06,Baixo
292,L47471,L,298.0,308.3,1473,42.6,107,0,0,0,0,0,0,0,7.306151e-07,Baixo
293,L47472,L,298.1,308.4,1335,40.2,109,0,0,0,0,0,0,0,1.4381297e-05,Baixo
294,H29707,H,298.1,308.5,1392,44.8,111,0,0,0,0,0,0,0,1.0959601e-05,Baixo
295,M15154,M,298.1,308.5,1372,51.1,116,0,0,0,0,0,0,0,7.939611e-05,Baixo
296,M15155,M,298.1,308.6,1716,30.7,119,0,0,0,0,0,0,0,2.357601e-05,Baixo
297,L47476,L,298.0,308.5,1395,46.2,122,0,0,0,0,0,0,0,9.436957e-06,Baixo
298,L47477,L,298.0,308.5,1713,25.3,124,0,0,0,0,0,0,0,4.738313e-06,Baixo
299,H29712,H,297.9,308.5,2129,18.7,126,0,0,0,0,0,0,0,2.6487764e-05,Baixo
300,M15159,M,297.8,308.3,1567,35.6,131,0,0,0,0,0,0,0,1.729583e-05,Baixo
301,L47480,L,297.8,308.4,1622,38.3,134,0,0,0,0,0,0,0,4.247171e-06,Baixo
302,L47481,L,297.7,308.4,1740,27.1,136,0,0,0,0,0,0,0,0.00020734743,Baixo
303,H29716,H,297.8,308.4,1512,35.1,138,0,0,0,0,0,0,0,9.667382e-06,Baixo
304,M15163,M,297.8,308.4,1479,43.5,143,0,0,0,0,0,0,0,7.7326295e-06,Baixo
305,L47484,L,297.8,308.4,1737,27.5,146,0,0,0,0,0,0,0,7.4089903e-06,Baixo
306,L47485,L,297.8,308.4,2129,19.2,148,0,0,0,0,0,0,0,5.5076824e-05,Baixo
307,L47486,L,297.8,308.4,1374,47.1,150,0,0,0,0,0,0,0,1.76788e-05,Baixo
308,M15167,M,297.8,308.4,1579,36.6,152,0,0,0,0,0,0,0,5.5452114e-05,Baixo
309,L47488,L,297.9,308.5,1305,47.2,155,0,0,0,0,0,0,0,1.0605964e-05,Baixo
310,M15169,M,297.9,308.5,1449,40.8,157,0,0,0,0,0,0,0,0.00040512768,Baixo
311,H29724,H,298.0,308.6,1526,41.8,160,0,0,0,0,0,0,0,4.5560528e-06,Baixo
312,M15171,M,298.0,308.6,1453,44.1,165,0,0,0,0,0,0,0,1.7473756e-05,Baixo
313,L47492,L,297.9,308.6,1468,36.0,168,0,0,0,0,0,0,0,6.7960427e-06,Baixo
314,L47493,L,298.0,308.6,1313,50.8,170,0,0,0,0,0,0,0,1.4488091e-05,Baixo
315,M15174,M,297.9,308.5,1300,53.0,172,0,0,0,0,0,0,0,5.684956e-06,Baixo
316,L47495,L,297.9,308.4,1646,40.6,175,0,0,0,0,0,0,0,3.2417352e-05,Baixo
317,L47496,L,297.8,308.4,1714,33.2,177,0,0,0,0,0,0,0,2.9157504e-06,Baixo
318,L47497,L,297.8,308.4,1685,28.4,179,0,0,0,0,0,0,0,0.00013741136,Baixo
319,L47498,L,297.8,308.4,1512,39.9,181,0,0,0,0,0,0,0,7.948269e-05,Baixo
320,L47499,L,297.8,308.4,1612,32.1,183,0,0,0,0,0,0,0,2.1053593e-05,Baixo
321,H29734,H,297.8,308.4,1550,38.2,185,0,0,0,0,0,0,0,5.1981257e-05,Baixo
322,L47501,L,297.8,308.4,1518,32.5,190,0,0,0,0,0,0,0,0.00040217457,Baixo
323,L47502,L,297.8,308.5,1448,40.0,192,0,0,0,0,0,0,0,0.00046012123,Baixo
324,L47503,L,297.8,308.5,1561,46.3,194,0,0,0,0,0,0,0,3.3869053e-06,Baixo
325,M15184,M,297.8,308.5,1488,41.9,196,0,0,0,0,0,0,0,1.585464e-05,Baixo
326,L47505,L,297.8,308.5,1699,27.8,199,0,0,0,0,0,0,0,0.0007178981,Baixo
327,L47506,L,297.7,308.5,1501,41.4,201,0,0,0,0,0,0,0,0.0014823455,Baixo
328,L47507,L,297.7,308.5,1373,56.7,203,1,0,0,0,1,0,1,0.9989343,Crítico
329,H29742,H,297.6,308.4,1703,31.4,205,0,0,0,0,0,0,0,0.00017313688,Baixo
330,H29743,H,297.7,308.5,1720,29.9,210,0,0,0,0,0,0,0,0.00021064773,Baixo
331,M15190,M,297.6,308.4,1398,41.9,215,0,0,0,0,0,0,0,0.010173484,Baixo
332,M15191,M,297.6,308.4,1391,51.9,218,0,0,0,0,0,0,0,0.03908422,Baixo
333,M15192,M,297.6,308.3,1538,40.2,0,0,0,0,0,0,0,0,1.851546e-06,Baixo
334,L47513,L,297.5,308.2,1647,31.3,3,0,0,0,0,0,0,0,1.9311533e-07,Baixo
335,M15194,M,297.5,308.1,1469,44.8,5,0,0,0,0,0,0,0,3.1840605e-07,Baixo
336,L47515,L,297.4,308.1,1749,25.9,8,0,0,0,0,0,0,0,1.6710874e-06,Baixo
337,M15196,M,297.6,308.2,1995,20.5,10,0,0,0,0,0,0,0,8.419539e-06,Baixo
338,L47517,L,297.6,308.3,1742,27.7,13,0,0,0,0,0,0,0,6.3777034e-06,Baixo
339,L47518,L,297.5,308.2,1563,38.2,15,0,0,0,0,0,0,0,1.6930138e-06,Baixo
340,M15199,M,297.5,308.2,1713,32.2,17,0,0,0,0,0,0,0,3.4955926e-07,Baixo
341,L47520,L,297.4,308.1,1474,39.4,20,0,0,0,0,0,0,0,5.986047e-07,Baixo
342,M15201,M,297.4,308.2,1530,32.6,22,0,0,0,0,0,0,0,2.9359103e-06,Baixo
343,L47522,L,297.4,308.2,1471,46.5,25,0,0,0,0,0,0,0,6.155529e-06,Baixo
344,L47523,L,297.5,308.3,1388,48.6,27,0,0,0,0,0,0,0,2.95014e-06,Baixo
345,M15204,M,297.5,308.2,2448,13.8,29,0,0,0,0,0,0,0,0.0009879585,Baixo
346,L47525,L,297.5,308.3,1585,32.9,32,0,0,0,0,0,0,0,7.312857e-07,Baixo
347,M15206,M,297.5,308.3,1459,45.2,34,0,0,0,0,0,0,0,1.2598521e-07,Baixo
348,L47527,L,297.5,308.3,1544,40.8,37,0,0,0,0,0,0,0,1.9034281e-06,Baixo
349,L47528,L,297.6,308.3,1617,31.7,39,0,0,0,0,0,0,0,2.4641733e-07,Baixo
350,L47529,L,297.6,308.3,1595,34.3,41,0,0,0,0,0,0,0,9.339273e-07,Baixo
351,H29764,H,297.6,308.3,1400,44.3,43,0,0,0,0,0,0,0,8.1597445e-06,Baixo
352,M15211,M,297.6,308.4,1611,31.0,48,0,0,0,0,0,0,0,8.54094e-07,Baixo
353,M15212,M,297.6,308.4,1507,46.0,51,0,0,0,0,0,0,0,4.704107e-06,Baixo
354,H29767,H,297.5,308.3,1674,30.0,54,0,0,0,0,0,0,0,1.0606783e-07,Baixo
355,L47534,L,297.6,308.3,1658,34.3,59,0,0,0,0,0,0,0,9.563693e-07,Baixo
356,L47535,L,297.6,308.3,1623,36.9,61,0,0,0,0,0,0,0,8.694875e-06,Baixo
357,M15216,M,297.6,308.4,1398,48.9,63,0,0,0,0,0,0,0,1.6362029e-06,Baixo
358,L47537,L,297.6,308.4,1517,34.2,66,0,0,0,0,0,0,0,6.0223488e-06,Baixo
359,M15218,M,297.6,308.3,1467,36.7,68,0,0,0,0,0,0,0,5.1168654e-06,Baixo
360,M15219,M,297.6,308.3,1567,34.6,71,0,0,0,0,0,0,0,4.101171e-06,Baixo
361,M15220,M,297.5,308.3,1521,38.2,74,0,0,0,0,0,0,0,1.2117132e-06,Baixo
362,L47541,L,297.5,308.3,1596,36.8,77,0,0,0,0,0,0,0,5.709661e-06,Baixo
363,H29776,H,297.6,308.3,1640,30.9,79,0,0,0,0,0,0,0,3.5962548e-06,Baixo
364,L47543,L,297.6,308.3,1438,47.8,84,0,0,0,0,0,0,0,5.1838806e-06,Baixo
365,L47544,L,297.6,308.4,1407,55.2,86,0,0,0,0,0,0,0,1.04453e-05,Baixo
366,L47545,L,297.6,308.4,1353,57.5,88,0,0,0,0,0,0,0,0.00012187788,Baixo
367,M15226,M,297.6,308.5,1552,40.9,90,0,0,0,0,0,0,0,5.9218648e-05,Baixo
368,M15227,M,297.6,308.4,1569,38.3,93,0,0,0,0,0,0,0,3.8175778e-05,Baixo
369,L47548,L,297.5,308.4,1489,39.5,96,0,0,0,0,0,0,0,6.1875467e-06,Baixo
370,H29783,H,297.5,308.4,1587,36.1,98,0,0,0,0,0,0,0,1.7184485e-06,Baixo
371,M15230,M,297.5,308.3,1622,37.2,103,0,0,0,0,0,0,0,1.9110894e-06,Baixo
372,L47551,L,297.5,308.4,1604,38.1,106,0,0,0,0,0,0,0,2.0097641e-05,Baixo
373,M15232,M,297.4,308.3,1405,51.7,108,0,0,0,0,0,0,0,7.5826414e-05,Baixo
374,L47553,L,297.4,308.3,1412,42.0,111,0,0,0,0,0,0,0,6.4104916e-06,Baixo
375,L47554,L,297.4,308.3,1431,43.0,113,0,0,0,0,0,0,0,4.550182e-06,Baixo
376,L47555,L,297.4,308.2,1533,37.4,115,0,0,0,0,0,0,0,3.963545e-05,Baixo
377,M15236,M,297.4,308.2,1401,51.9,117,0,0,0,0,0,0,0,8.201037e-06,Baixo
378,M15237,M,297.4,308.2,1424,53.9,120,0,0,0,0,0,0,0,1.0975028e-05,Baixo
379,L47558,L,297.3,308.2,1754,29.4,123,0,0,0,0,0,0,0,1.2423765e-05,Baixo
380,L47559,L,297.3,308.2,1754,26.8,125,0,0,0,0,0,0,0,3.425303e-06,Baixo
381,L47560,L,297.5,308.3,2564,12.8,127,1,0,0,1,0,0,1,0.8747214,Crítico
382,L47561,L,297.5,308.5,1546,40.4,129,0,0,0,0,0,0,0,2.583789e-06,Baixo
383,L47562,L,297.5,308.5,1335,48.0,131,0,0,0,0,0,0,0,7.015035e-06,Baixo
384,M15243,M,297.5,308.6,1842,27.0,133,0,0,0,0,0,0,0,8.7437246e-07,Baixo
385,L47564,L,297.5,308.5,1712,26.8,136,0,0,0,0,0,0,0,0.00021031799,Baixo
386,M15245,M,297.6,308.6,1414,45.4,138,0,0,0,0,0,0,0,1.33641e-06,Baixo
387,L47566,L,297.6,308.7,1319,50.9,141,0,0,0,0,0,0,0,1.0856864e-05,Baixo
388,L47567,L,297.7,308.7,1249,60.4,143,0,0,0,0,0,0,0,1.2463067e-05,Baixo
389,L47568,L,297.6,308.7,1455,48.2,145,0,0,0,0,0,0,0,1.0109406e-05,Baixo
390,M15249,M,297.6,308.7,1408,54.8,147,0,0,0,0,0,0,0,7.1258037e-06,Baixo
391,L47570,L,297.6,308.7,1460,46.7,150,0,0,0,0,0,0,0,3.7149843e-05,Baixo
392,L47571,L,297.6,308.6,1491,38.1,152,0,0,0,0,0,0,0,7.941749e-06,Baixo
393,M15252,M,297.6,308.5,1490,43.4,154,0,0,0,0,0,0,0,2.2806412e-06,Baixo
394,M15253,M,297.5,308.4,1350,52.2,157,0,0,0,0,0,0,0,1.6994229e-06,Baixo
395,L47574,L,297.5,308.4,1528,39.9,160,0,0,0,0,0,0,0,2.5028287e-06,Baixo
396,L47575,L,297.4,308.3,1571,37.7,162,0,0,0,0,0,0,0,1.045114e-05,Baixo
397,L47576,L,297.4,308.3,1490,42.6,164,0,0,0,0,0,0,0,5.8000387e-07,Baixo
398,M15257,M,297.4,308.3,1774,28.9,166,0,0,0,0,0,0,0,1.1515788e-06,Baixo
399,H29812,H,297.4,308.3,1502,43.6,169,0,0,0,0,0,0,0,1.04480186e-07,Baixo
400,L47579,L,297.4,308.4,1392,49.7,174,0,0,0,0,0,0,0,3.4096796e-05,Baixo
401,L47580,L,297.4,308.5,2100,16.9,176,0,0,0,0,0,0,0,0.0001510477,Baixo
402,L47581,L,297.5,308.5,1722,30.4,178,0,0,0,0,0,0,0,6.738039e-05,Baixo
403,L47582,L,297.4,308.6,1678,32.3,180,0,0,0,0,0,0,0,2.4501373e-06,Baixo
404,L47583,L,297.3,308.6,1273,59.8,182,0,0,0,0,0,0,0,0.019818941,Baixo
405,L47584,L,297.3,308.6,1297,45.9,184,0,0,0,0,0,0,0,7.136455e-05,Baixo
406,L47585,L,297.3,308.5,1350,57.6,186,0,0,0,0,0,0,0,0.31955183,Moderado
407,L47586,L,297.4,308.6,1439,51.9,188,0,0,0,0,0,0,0,6.947266e-05,Baixo
408,M15267,M,297.4,308.5,1600,42.1,190,0,0,0,0,0,0,0,1.6587503e-06,Baixo
409,M15268,M,297.4,308.6,1434,44.4,193,0,0,0,0,0,0,0,2.0879457e-05,Baixo
410,L47589,L,297.4,308.6,1459,41.3,196,0,0,0,0,0,0,0,1.5056677e-05,Baixo
411,M15270,M,297.5,308.6,1472,44.9,198,0,0,0,0,0,0,0,3.3156557e-06,Baixo
412,L47591,L,297.5,308.7,1429,44.3,201,0,0,0,0,0,0,0,0.060746614,Baixo
413,L47592,L,297.5,308.6,1388,48.2,203,0,0,0,0,0,0,0,0.00013633905,Baixo
414,L47593,L,297.4,308.4,1573,34.5,205,0,0,0,0,0,0,0,0.001877033,Baixo
415,L47594,L,297.4,308.4,1588,32.5,207,0,0,0,0,0,0,0,0.0010961624,Baixo
416,L47595,L,297.5,308.4,1511,42.8,209,0,0,0,0,0,0,0,3.717352e-05,Baixo
417,L47596,L,297.4,308.5,1495,37.8,211,0,0,0,0,0,0,0,0.025741568,Baixo
418,L47597,L,297.4,308.4,1394,50.1,213,0,0,0,0,0,0,0,0.016326085,Baixo
419,L47598,L,297.4,308.4,2151,17.7,0,0,0,0,0,0,0,0,0.00019823542,Baixo
420,M15279,M,297.3,308.3,1501,38.2,2,0,0,0,0,0,0,0,3.4618838e-06,Baixo
421,M15280,M,297.3,308.3,1301,39.6,5,0,0,0,0,0,0,0,0.00014684656,Baixo
422,M15281,M,297.3,308.3,1657,31.1,8,0,0,0,0,0,0,0,7.6582046e-07,Baixo
423,L47602,L,297.3,308.3,1333,55.2,11,0,0,0,0,0,0,0,1.1256537e-05,Baixo
424,L47603,L,297.3,308.3,1484,43.9,13,0,0,0,0,0,0,0,3.2988436e-07,Baixo
425,L47604,L,297.3,308.4,1430,45.7,15,0,0,0,0,0,0,0,3.5254898e-06,Baixo
426,M15285,M,297.3,308.4,1665,28.9,17,0,0,0,0,0,0,0,3.0645808e-06,Baixo
427,L47606,L,297.4,308.5,1501,44.9,20,0,0,0,0,0,0,0,7.2940026e-07,Baixo
428,M15287,M,297.5,308.5,1496,42.2,22,0,0,0,0,0,0,0,1.5779226e-06,Baixo
429,M15288,M,297.6,308.6,1595,36.9,25,0,0,0,0,0,0,0,3.1893044e-06,Baixo
430,L47609,L,297.5,308.6,1208,62.3,28,0,0,0,0,0,0,0,0.0006499977,Baixo
431,L47610,L,297.5,308.6,1596,37.1,30,0,0,0,0,0,0,0,6.010089e-07,Baixo
432,L47611,L,297.5,308.5,1446,41.9,32,0,0,0,0,0,0,0,3.2464995e-06,Baixo
433,M15292,M,297.6,308.5,1466,39.7,34,0,0,0,0,0,0,0,9.357199e-06,Baixo
434,M15293,M,297.6,308.5,1848,23.7,37,0,0,0,0,0,0,0,1.7831754e-06,Baixo
435,M15294,M,297.5,308.5,1484,44.7,40,0,0,0,0,0,0,0,1.0670799e-06,Baixo
436,L47615,L,297.4,308.3,1493,41.2,43,0,0,0,0,0,0,0,1.9970576e-06,Baixo
437,L47616,L,297.3,308.3,1504,36.3,45,0,0,0,0,0,0,0,1.8174162e-06,Baixo
438,L47617,L,297.3,308.3,1538,38.5,47,0,0,0,0,0,0,0,1.7633424e-06,Baixo
439,L47618,L,297.4,308.4,1341,52.2,49,0,0,0,0,0,0,0,6.2576355e-06,Baixo
440,M15299,M,297.4,308.3,1535,34.6,51,0,0,0,0,0,0,0,7.559392e-06,Baixo
441,L47620,L,297.4,308.5,1389,39.2,54,0,0,0,0,0,0,0,8.472701e-06,Baixo
442,H29855,H,297.5,308.5,1393,46.6,56,0,0,0,0,0,0,0,3.9321076e-06,Baixo
443,L47622,L,297.4,308.5,1399,61.5,61,1,0,0,1,0,0,1,0.9316416,Crítico
444,H29857,H,297.4,308.5,1469,45.1,63,0,0,0,0,0,0,0,2.7625817e-06,Baixo
445,L47624,L,297.4,308.4,1582,37.2,68,0,0,0,0,0,0,0,2.2785605e-06,Baixo
446,L47625,L,297.5,308.6,1793,26.7,70,0,0,0,0,0,0,0,1.5976337e-05,Baixo
447,L47626,L,297.5,308.6,1452,39.0,72,0,0,0,0,0,0,0,0.00030940375,Baixo
448,M15307,M,297.6,308.7,1376,59.9,74,0,0,0,0,0,0,0,0.00027554168,Baixo
449,L47628,L,297.5,308.6,1552,44.9,77,0,0,0,0,0,0,0,1.121493e-06,Baixo
450,L47629,L,297.6,308.7,1622,37.9,79,0,0,0,0,0,0,0,1.0328642e-05,Baixo
451,M15310,M,297.6,308.7,1419,41.7,81,0,0,0,0,0,0,0,1.1265836e-05,Baixo
452,H29865,H,297.5,308.6,1440,46.1,84,0,0,0,0,0,0,0,1.8020628e-06,Baixo
453,M15312,M,297.4,308.6,1643,31.0,89,0,0,0,0,0,0,0,1.3305298e-05,Baixo
454,L47633,L,297.4,308.7,1510,36.2,92,0,0,0,0,0,0,0,1.0165061e-05,Baixo
455,L47634,L,297.4,308.7,1468,46.6,94,0,0,0,0,0,0,0,2.2326563e-05,Baixo
456,L47635,L,297.4,308.7,1429,57.4,96,0,0,0,0,0,0,0,7.9338126e-05,Baixo
457,H29870,H,297.3,308.7,1478,47.6,98,0,0,0,0,0,0,0,1.3558805e-05,Baixo
458,L47637,L,297.4,308.6,1276,53.6,103,0,0,0,0,0,0,0,2.5096042e-05,Baixo
459,L47638,L,297.3,308.6,1486,42.6,105,0,0,0,0,0,0,0,5.910617e-06,Baixo
460,L47639,L,297.4,308.6,1476,42.3,107,0,0,0,0,0,0,0,1.1719746e-06,Baixo
461,H29874,H,297.3,308.6,1431,42.0,109,0,0,0,0,0,0,0,1.9651588e-06,Baixo
462,L47641,L,297.4,308.7,1402,40.2,114,0,0,0,0,0,0,0,0.00010193411,Baixo
463,L47642,L,297.4,308.7,1433,43.4,116,0,0,0,0,0,0,0,6.702789e-06,Baixo
464,L47643,L,297.4,308.7,2874,4.2,118,1,0,0,1,0,0,1,0.9987601,Crítico
465,L47644,L,297.3,308.6,1511,35.7,120,0,0,0,0,0,0,0,4.201996e-06,Baixo
466,M15325,M,297.3,308.6,1456,42.9,122,0,0,0,0,0,0,0,6.9423195e-06,Baixo
467,L47646,L,297.2,308.5,1550,41.5,125,0,0,0,0,0,0,0,9.699842e-06,Baixo
468,L47647,L,297.2,308.5,2182,16.5,127,0,0,0,0,0,0,0,0.00050083734,Baixo
469,L47648,L,297.3,308.7,1619,31.6,129,0,0,0,0,0,0,0,8.485537e-07,Baixo
470,M15329,M,297.3,308.8,1586,32.7,131,0,0,0,0,0,0,0,7.6222927e-06,Baixo
471,H29884,H,297.3,308.8,1499,44.2,134,0,0,0,0,0,0,0,4.035691e-06,Baixo
472,H29885,H,297.3,308.8,1419,42.4,139,0,0,0,0,0,0,0,7.982433e-07,Baixo
473,M15332,M,297.4,309.0,1497,41.8,144,0,0,0,0,0,0,0,3.1136692e-06,Baixo
474,M15333,M,297.4,309.0,1520,37.0,147,0,0,0,0,0,0,0,1.7000452e-06,Baixo
475,L47654,L,297.4,309.1,1478,49.8,150,0,0,0,0,0,0,0,2.2325808e-06,Baixo
476,L47655,L,297.4,309.1,1380,41.1,152,0,0,0,0,0,0,0,4.8312417e-05,Baixo
477,L47656,L,297.4,309.0,1570,37.9,154,0,0,0,0,0,0,0,5.5201263e-06,Baixo
478,H29891,H,297.4,309.0,1468,41.4,156,0,0,0,0,0,0,0,7.4293496e-07,Baixo
479,L47658,L,297.4,309.0,1833,22.6,161,0,0,0,0,0,0,0,8.6224617e-07,Baixo
480,M15339,M,297.4,308.9,1323,57.3,163,0,0,0,0,0,0,0,3.9178276e-06,Baixo
481,L47660,L,297.4,309.0,1583,32.0,166,0,0,0,0,0,0,0,1.0951502e-06,Baixo
482,M15341,M,297.3,309.0,1556,39.5,168,0,0,0,0,0,0,0,3.5406615e-07,Baixo
483,L47662,L,297.3,309.0,1548,37.4,171,0,0,0,0,0,0,0,3.3046513e-06,Baixo
484,L47663,L,297.4,309.0,1324,56.9,173,0,0,0,0,0,0,0,1.2269813e-05,Baixo
485,L47664,L,297.4,309.0,1568,33.7,175,0,0,0,0,0,0,0,4.5340066e-08,Baixo
486,M15345,M,297.4,309.0,1685,30.7,177,0,0,0,0,0,0,0,2.4054782e-06,Baixo
487,M15346,M,297.4,309.1,1582,35.9,180,0,0,0,0,0,0,0,1.6141823e-06,Baixo
488,M15347,M,297.4,309.1,1463,35.0,183,0,0,0,0,0,0,0,1.056978e-06,Baixo
489,L47668,L,297.4,309.2,1584,42.8,186,0,0,0,0,0,0,0,1.035643e-06,Baixo
490,M15349,M,297.5,309.2,1347,55.8,188,0,0,0,0,0,0,0,1.0084822e-05,Baixo
491,L47670,L,297.4,309.2,1459,37.9,191,0,0,0,0,0,0,0,1.8804738e-05,Baixo
492,L47671,L,297.4,309.2,1420,45.6,193,0,0,0,0,0,0,0,4.8128013e-06,Baixo
493,L47672,L,297.5,309.3,1404,43.5,195,0,0,0,0,0,0,0,1.9757515e-05,Baixo
494,L47673,L,297.5,309.3,1470,38.8,197,0,0,0,0,0,0,0,3.823786e-05,Baixo
495,L47674,L,297.6,309.4,1326,49.8,199,0,0,0,0,0,0,0,7.273175e-05,Baixo
496,H29909,H,297.5,309.3,1459,49.7,201,0,0,0,0,0,0,0,6.0768987e-05,Baixo
497,M15356,M,297.5,309.2,1530,40.0,206,0,0,0,0,0,0,0,0.00028895802,Baixo
498,L47677,L,297.4,309.0,1505,39.2,209,0,0,0,0,0,0,0,0.00062029756,Baixo
499,L47678,L,297.5,309.1,1611,30.2,211,0,0,0,0,0,0,0,0.0002127313,Baixo
500,L47679,L,297.5,309.1,1515,35.1,213,0,0,0,0,0,0,0,0.0041504297,Baixo
501,M15360,M,297.5,309.2,1804,27.4,215,0,0,0,0,0,0,0,0.00010019549,Baixo
502,M15361,M,297.6,309.3,1464,46.2,218,0,0,0,0,0,0,0,0.00021251378,Baixo
503,L47682,L,297.6,309.2,1390,43.3,221,0,0,0,0,0,0,0,0.0017105077,Baixo
504,M15363,M,297.6,309.2,1442,48.1,0,0,0,0,0,0,0,0,4.7193802e-07,Baixo
505,M15364,M,297.6,309.3,1529,41.9,3,0,0,0,0,0,0,0,1.3722283e-07,Baixo
506,L47685,L,297.6,309.3,1610,35.0,6,0,0,0,0,0,0,0,4.448864e-08,Baixo
507,L47686,L,297.6,309.3,1543,34.3,8,0,0,0,0,0,0,0,1.4311054e-07,Baixo
508,H29921,H,297.8,309.4,1445,48.2,10,0,0,0,0,0,0,0,7.278604e-07,Baixo
509,L47688,L,297.7,309.3,1893,24.6,15,0,0,0,0,0,0,0,0.0007063971,Baixo
510,M15369,M,297.6,309.3,1415,41.3,17,0,0,0,0,0,0,0,1.8278544e-05,Baixo
511,L47690,L,297.5,309.3,1564,37.5,20,0,0,0,0,0,0,0,3.733747e-06,Baixo
512,L47691,L,297.5,309.3,1479,39.4,22,0,0,0,0,0,0,0,5.113802e-06,Baixo
513,L47692,L,297.5,309.2,1426,44.8,24,0,0,0,0,0,0,0,5.965138e-07,Baixo
514,L47693,L,297.4,309.2,1428,38.8,26,0,0,0,0,0,0,0,2.0468042e-06,Baixo
515,L47694,L,297.4,309.2,1620,33.2,28,0,0,0,0,0,0,0,1.13254146e-07,Baixo
516,L47695,L,297.5,309.2,1715,28.0,30,0,0,0,0,0,0,0,4.765303e-07,Baixo
517,L47696,L,297.5,309.3,1732,29.9,32,0,0,0,0,0,0,0,1.0333658e-05,Baixo
518,M15377,M,297.5,309.4,1391,58.2,34,0,0,0,0,0,0,0,5.2823416e-05,Baixo
519,L47698,L,297.6,309.5,1924,20.6,37,0,0,0,0,0,0,0,2.6333948e-05,Baixo
520,M15379,M,297.7,309.5,2027,19.8,39,0,0,0,0,0,0,0,4.2806907e-05,Baixo
521,L47700,L,297.6,309.5,1617,36.2,42,0,0,0,0,0,0,0,8.8696356e-07,Baixo
522,L47701,L,297.5,309.4,1497,35.8,44,0,0,0,0,0,0,0,3.0393783e-06,Baixo
523,M15382,M,297.5,309.5,1448,43.7,46,0,0,0,0,0,0,0,1.8397375e-06,Baixo
524,L47703,L,297.4,309.4,1401,45.9,49,0,0,0,0,0,0,0,2.1384064e-06,Baixo
525,L47704,L,297.4,309.4,1620,35.4,51,0,0,0,0,0,0,0,4.1731315e-08,Baixo
526,L47705,L,297.4,309.4,1466,45.5,53,0,0,0,0,0,0,0,2.1993026e-07,Baixo
527,L47706,L,297.6,309.5,1373,50.6,55,0,0,0,0,0,0,0,3.4054294e-05,Baixo
528,M15387,M,297.6,309.6,1592,35.8,57,0,0,0,0,0,0,0,1.0160643e-06,Baixo
529,M15388,M,297.5,309.5,1553,42.4,60,0,0,0,0,0,0,0,3.1242388e-07,Baixo
530,L47709,L,297.6,309.5,1569,36.2,63,0,0,0,0,0,0,0,1.4481877e-06,Baixo
531,M15390,M,297.6,309.5,1709,32.2,65,0,0,0,0,0,0,0,6.203987e-07,Baixo
532,L47711,L,297.6,309.5,1549,34.9,68,0,0,0,0,0,0,0,1.4234315e-06,Baixo
533,L47712,L,297.5,309.4,1443,45.4,70,0,0,0,0,0,0,0,6.3322072e-06,Baixo
534,L47713,L,297.5,309.3,1675,29.8,72,0,0,0,0,0,0,0,5.5278542e-06,Baixo
535,L47714,L,297.5,309.3,1623,33.4,74,0,0,0,0,0,0,0,6.339576e-07,Baixo
536,H29949,H,297.4,309.3,1365,52.4,76,0,0,0,0,0,0,0,1.45398035e-05,Baixo
537,L47716,L,297.4,309.3,1759,24.8,81,0,0,0,0,0,0,0,1.4737126e-05,Baixo
538,H29951,H,297.4,309.3,1516,43.0,83,0,0,0,0,0,0,0,2.7012595e-07,Baixo
539,M15398,M,297.4,309.3,1499,36.8,88,0,0,0,0,0,0,0,5.860098e-07,Baixo
540,M15399,M,297.4,309.3,1775,25.8,91,0,0,0,0,0,0,0,4.3989476e-06,Baixo
541,L47720,L,297.4,309.4,1473,45.5,94,0,0,0,0,0,0,0,6.550006e-06,Baixo
542,L47721,L,297.4,309.4,1296,52.3,96,0,0,0,0,0,0,0,3.0547642e-05,Baixo
543,L47722,L,297.5,309.4,1803,24.7,98,0,0,0,0,0,0,0,6.0629027e-05,Baixo
544,H29957,H,297.5,309.3,1563,36.1,100,0,0,0,0,0,0,0,3.5534552e-07,Baixo
545,M15404,M,297.5,309.4,1831,26.6,105,0,0,0,0,0,0,0,1.367692e-05,Baixo
546,L47725,L,297.6,309.4,1958,22.1,108,0,0,0,0,0,0,0,6.229637e-05,Baixo
547,L47726,L,297.5,309.4,1809,24.3,110,0,0,0,0,0,0,0,2.6347338e-05,Baixo
548,M15407,M,297.5,309.4,1482,39.3,112,0,0,0,0,0,0,0,4.8735515e-06,Baixo
549,L47728,L,297.4,309.3,1332,53.2,115,0,0,0,0,0,0,0,1.4436138e-05,Baixo
550,L47729,L,297.4,309.2,1437,40.4,117,0,0,0,0,0,0,0,1.41376695e-05,Baixo
551,L47730,L,297.4,309.2,1698,29.4,119,0,0,0,0,0,0,0,3.2270407e-05,Baixo
552,L47731,L,297.4,309.2,1274,54.3,121,0,0,0,0,0,0,0,7.3873093e-06,Baixo
553,M15412,M,297.4,309.3,1622,35.0,123,0,0,0,0,0,0,0,1.0102312e-06,Baixo
554,M15413,M,297.4,309.3,1564,36.0,126,0,0,0,0,0,0,0,5.949214e-07,Baixo
555,H29968,H,297.5,309.4,1368,45.3,129,0,0,0,0,0,0,0,5.5263104e-06,Baixo
556,M15415,M,297.4,309.4,1539,42.2,134,0,0,0,0,0,0,0,1.9991212e-06,Baixo
557,L47736,L,297.5,309.4,1357,50.1,137,0,0,0,0,0,0,0,4.794908e-05,Baixo
558,M15417,M,297.5,309.4,1433,48.3,139,0,0,0,0,0,0,0,5.6197894e-07,Baixo
559,L47738,L,297.5,309.4,1650,34.6,142,0,0,0,0,0,0,0,3.3218687e-06,Baixo
560,L47739,L,297.5,309.4,1503,40.6,144,0,0,0,0,0,0,0,3.3506278e-06,Baixo
561,L47740,L,297.5,309.4,1318,58.2,146,0,0,0,0,0,0,0,2.095848e-05,Baixo
562,M15421,M,297.5,309.4,1678,34.4,148,0,0,0,0,0,0,0,2.0701355e-06,Baixo
563,L47742,L,297.6,309.5,1574,30.9,151,0,0,0,0,0,0,0,1.1250688e-06,Baixo
564,L47743,L,297.7,309.6,1529,35.2,153,0,0,0,0,0,0,0,4.5551665e-06,Baixo
565,H29978,H,297.6,309.6,1669,32.1,155,0,0,0,0,0,0,0,3.372516e-07,Baixo
566,H29979,H,297.7,309.7,1570,35.8,160,0,0,0,0,0,0,0,3.4707894e-06,Baixo
567,M15426,M,297.6,309.7,1541,33.7,165,0,0,0,0,0,0,0,5.255082e-07,Baixo
568,M15427,M,297.7,309.7,1680,30.2,168,0,0,0,0,0,0,0,9.2135815e-07,Baixo
569,L47748,L,297.8,309.7,1935,22.1,171,0,0,0,0,0,0,0,0.00012409122,Baixo
570,M15429,M,297.7,309.6,1596,35.2,173,0,0,0,0,0,0,0,2.109134e-06,Baixo
571,L47750,L,297.7,309.7,1498,41.0,176,0,0,0,0,0,0,0,4.4552664e-05,Baixo
572,M15431,M,297.8,309.8,1676,29.0,178,0,0,0,0,0,0,0,2.356688e-06,Baixo
573,L47752,L,297.8,309.9,1351,49.0,181,0,0,0,0,0,0,0,6.082105e-05,Baixo
574,L47753,L,297.9,309.9,1472,45.0,183,0,0,0,0,0,0,0,3.7737082e-06,Baixo
575,M15434,M,297.9,310.0,1439,41.7,185,0,0,0,0,0,0,0,4.8392144e-06,Baixo
576,M15435,M,297.9,309.9,1410,55.4,188,0,0,0,0,0,0,0,1.3996942e-05,Baixo
577,H29990,H,297.7,309.7,1440,51.1,191,0,0,0,0,0,0,0,3.3575786e-06,Baixo
578,L47757,L,297.7,309.7,1591,37.7,196,0,0,0,0,0,0,0,4.602339e-05,Baixo
579,L47758,L,297.8,309.8,1533,36.8,198,0,0,0,0,0,0,0,2.9448098e-05,Baixo
580,M15439,M,297.8,309.7,1700,31.3,200,0,0,0,0,0,0,0,2.8172833e-05,Baixo
581,M15440,M,297.8,309.8,1798,25.5,203,0,0,0,0,0,0,0,0.0015508832,Baixo
582,L47761,L,297.8,309.7,1394,42.9,206,0,0,0,0,0,0,0,0.009380876,Baixo
583,L47762,L,297.8,309.7,1341,49.2,208,0,0,0,0,0,0,0,0.020782145,Baixo
584,H29997,H,297.7,309.6,1697,32.2,210,0,0,0,0,0,0,0,0.00012356201,Baixo
585,H29998,H,297.6,309.6,1419,48.2,215,0,0,0,0,0,0,0,0.065749586,Baixo
586,L47765,L,297.6,309.5,2001,20.5,220,0,0,0,0,0,0,0,0.97073853,Crítico
587,L47766,L,297.6,309.6,1501,49.8,222,1,0,0,0,1,0,1,0.006147481,Baixo
588,H30001,H,297.6,309.5,1623,33.1,224,0,0,0,0,0,0,0,0.00014280924,Baixo
589,L47768,L,297.6,309.4,1628,33.4,229,0,0,0,0,0,0,0,0.011123303,Baixo
590,L47769,L,297.6,309.4,1491,40.2,231,0,0,0,0,0,0,0,0.01686266,Baixo
591,L47770,L,297.5,309.4,1517,36.7,233,0,0,0,0,0,0,0,0.005546568,Baixo
592,H30005,H,297.5,309.3,1525,41.7,235,0,0,0,0,0,0,0,0.00012932958,Baixo
593,H30006,H,297.5,309.5,1668,27.9,240,0,0,0,0,0,0,0,0.010728961,Baixo
594,L47773,L,297.5,309.6,1312,50.7,0,0,0,0,0,0,0,0,0.00019833865,Baixo
595,H30008,H,297.6,309.6,1278,50.4,2,0,0,0,0,0,0,0,1.1781627e-06,Baixo
596,M15455,M,297.6,309.6,1330,53.1,7,0,0,0,0,0,0,0,2.3406774e-06,Baixo
597,M15456,M,297.6,309.6,1530,37.3,10,0,0,0,0,0,0,0,4.8441274e-07,Baixo
598,H30011,H,297.6,309.6,1428,46.6,13,0,0,0,0,0,0,0,3.2594127e-07,Baixo
599,L47778,L,297.7,309.6,1480,47.9,18,0,0,0,0,0,0,0,1.2103551e-05,Baixo
600,H30013,H,297.7,309.7,1616,31.1,20,0,0,0,0,0,0,0,1.4257654e-07,Baixo
601,L47780,L,297.8,309.7,1547,37.3,25,0,0,0,0,0,0,0,2.4685118e-05,Baixo
602,L47781,L,297.9,309.7,2194,16.8,27,0,0,0,0,0,0,0,0.013111975,Baixo
603,L47782,L,297.9,309.8,2000,21.3,29,0,0,0,0,0,0,0,7.0428e-05,Baixo
604,L47783,L,297.9,309.8,1336,71.6,31,1,0,0,1,0,0,1,0.9997305,Crítico
605,L47784,L,297.9,309.9,1542,33.8,33,0,0,0,0,0,0,0,7.4936264e-07,Baixo
606,M15465,M,297.9,309.8,1693,29.9,35,0,0,0,0,0,0,0,3.6698607e-06,Baixo
607,L47786,L,297.9,309.8,1461,50.5,38,0,0,0,0,0,0,0,3.762841e-07,Baixo
608,M15467,M,298.0,309.9,1565,33.9,40,0,0,0,0,0,0,0,1.0757061e-07,Baixo
609,L47788,L,298.0,309.9,1403,47.7,43,0,0,0,0,0,0,0,0.00012593291,Baixo
610,L47789,L,298.1,309.9,1629,32.5,45,0,0,0,0,0,0,0,1.3067398e-07,Baixo
611,L47790,L,298.1,310.0,1534,33.7,47,0,0,0,0,0,0,0,4.1130366e-07,Baixo
612,L47791,L,298.1,310.0,1553,40.9,49,0,0,0,0,0,0,0,2.6967111e-06,Baixo
613,L47792,L,298.1,309.9,1563,32.8,51,0,0,0,0,0,0,0,4.6232287e-07,Baixo
614,L47793,L,298.1,309.9,1634,30.0,53,0,0,0,0,0,0,0,1.5842662e-06,Baixo
615,M15474,M,298.0,309.9,1445,45.2,55,0,0,0,0,0,0,0,1.3972452e-06,Baixo
616,L47795,L,298.1,309.9,1642,30.4,58,0,0,0,0,0,0,0,2.0903371e-06,Baixo
617,H30030,H,298.1,309.9,1686,29.1,60,0,0,0,0,0,0,0,7.842318e-07,Baixo
618,M15477,M,298.1,310.0,1393,43.1,65,0,0,0,0,0,0,0,1.0861614e-06,Baixo
619,H30032,H,298.2,310.0,1433,44.2,68,0,0,0,0,0,0,0,1.3361603e-06,Baixo
620,L47799,L,298.3,310.0,1507,44.7,73,0,0,0,0,0,0,0,4.84598e-06,Baixo
621,M15480,M,298.3,310.1,1389,49.6,75,0,0,0,0,0,0,0,5.7208126e-06,Baixo
622,L47801,L,298.3,310.1,1408,45.3,78,0,0,0,0,0,0,0,6.97485e-06,Baixo
623,M15482,M,298.4,310.2,1725,32.0,80,0,0,0,0,0,0,0,1.4434322e-06,Baixo
624,L47803,L,298.4,310.1,1926,23.7,83,0,0,0,0,0,0,0,5.8996233e-05,Baixo
625,H30038,H,298.3,310.1,1509,37.6,85,0,0,0,0,0,0,0,1.1146656e-05,Baixo
626,L47805,L,298.3,310.1,1545,36.3,90,0,0,0,0,0,0,0,1.3844731e-06,Baixo
627,L47806,L,298.4,310.1,1533,35.2,92,0,0,0,0,0,0,0,1.6239113e-06,Baixo
628,L47807,L,298.4,310.1,1455,42.2,94,0,0,0,0,0,0,0,5.0999628e-05,Baixo
629,M15488,M,298.4,310.1,1335,57.8,96,0,0,0,0,0,0,0,0.00036347398,Baixo
630,L47809,L,298.3,310.1,1523,45.9,99,0,0,0,0,0,0,0,0.00016531163,Baixo
631,L47810,L,298.3,310.0,1460,47.6,101,0,0,0,0,0,0,0,2.1993244e-06,Baixo
632,L47811,L,298.4,310.0,1554,37.3,103,0,0,0,0,0,0,0,3.7232163e-05,Baixo
633,H30046,H,298.3,310.0,1419,47.1,105,0,0,0,0,0,0,0,5.881692e-07,Baixo
634,L47813,L,298.3,310.0,1442,43.9,110,0,0,0,0,0,0,0,2.048169e-06,Baixo
635,L47814,L,298.3,309.9,1507,41.6,112,0,0,0,0,0,0,0,2.8706512e-05,Baixo
636,L47815,L,298.3,310.0,1858,23.9,114,0,0,0,0,0,0,0,5.587486e-06,Baixo
637,L47816,L,298.3,309.9,1463,43.9,116,0,0,0,0,0,0,0,2.2395827e-05,Baixo
638,L47817,L,298.2,309.7,1585,37.4,118,0,0,0,0,0,0,0,2.2982304e-06,Baixo
639,L47818,L,298.0,309.6,1536,37.3,120,0,0,0,0,0,0,0,7.388879e-05,Baixo
640,L47819,L,298.0,309.6,1403,51.3,122,0,0,0,0,0,0,0,1.0228396e-05,Baixo
641,M15500,M,297.9,309.6,1515,38.8,124,0,0,0,0,0,0,0,5.158135e-07,Baixo
642,L47821,L,297.9,309.5,1390,47.9,127,0,0,0,0,0,0,0,0.00038271764,Baixo
643,M15502,M,297.8,309.4,1226,58.7,129,0,0,0,0,0,0,0,2.9266039e-05,Baixo
644,M15503,M,297.8,309.4,1495,36.5,132,0,0,0,0,0,0,0,8.6064335e-07,Baixo
645,H30058,H,297.7,309.4,1608,30.2,135,0,0,0,0,0,0,0,1.8281438e-07,Baixo
646,L47825,L,297.7,309.4,1392,44.1,140,0,0,0,0,0,0,0,2.1718266e-05,Baixo
647,M15506,M,297.7,309.4,1461,43.7,142,0,0,0,0,0,0,0,9.34273e-07,Baixo
648,L47827,L,297.7,309.3,1559,36.9,145,0,0,0,0,0,0,0,4.5653465e-07,Baixo
649,H30062,H,297.7,309.3,1400,48.9,147,0,0,0,0,0,0,0,6.046421e-06,Baixo
650,M15509,M,297.7,309.2,1732,28.8,152,0,0,0,0,0,0,0,8.346711e-07,Baixo
651,L47830,L,297.6,309.2,1611,33.1,155,0,0,0,0,0,0,0,9.775785e-07,Baixo
652,L47831,L,297.6,309.1,1503,38.9,157,0,0,0,0,0,0,0,2.8123736e-06,Baixo
653,L47832,L,297.7,309.2,1391,44.5,159,0,0,0,0,0,0,0,1.0131885e-05,Baixo
654,L47833,L,297.8,309.3,2015,20.1,161,0,0,0,0,0,0,0,0.0002550395,Baixo
655,L47834,L,297.8,309.2,1683,30.9,163,0,0,0,0,0,0,0,2.4457067e-06,Baixo
656,L47835,L,297.7,309.1,1435,38.8,165,0,0,0,0,0,0,0,1.1181173e-05,Baixo
657,M15516,M,297.7,309.1,1732,28.1,167,0,0,0,0,0,0,0,8.705724e-07,Baixo
658,L47837,L,297.7,309.2,1365,58.6,170,0,0,0,0,0,0,0,1.5470265e-05,Baixo
659,L47838,L,297.7,309.1,1562,36.8,172,0,0,0,0,0,0,0,1.7879502e-06,Baixo
660,L47839,L,297.6,309.1,1449,49.1,174,0,0,0,0,0,0,0,8.751644e-06,Baixo
661,M15520,M,297.7,309.2,1700,27.4,176,0,0,0,0,0,0,0,1.7700971e-06,Baixo
662,M15521,M,297.6,309.0,1427,45.6,179,0,0,0,0,0,0,0,3.9643915e-06,Baixo
663,M15522,M,297.6,308.9,1479,38.1,182,0,0,0,0,0,0,0,6.6383036e-06,Baixo
664,L47843,L,297.5,308.9,1469,44.0,185,0,0,0,0,0,0,0,8.3889945e-06,Baixo
665,L47844,L,297.5,308.9,1390,47.4,187,0,0,0,0,0,0,0,2.4282357e-05,Baixo
666,L47845,L,297.5,308.9,1729,28.1,189,0,0,0,0,0,0,0,0.00017801531,Baixo
667,L47846,L,297.5,309.0,1470,43.5,191,0,0,0,0,0,0,0,3.203757e-06,Baixo
668,L47847,L,297.5,308.9,1459,48.5,193,0,0,0,0,0,0,0,5.1160214e-06,Baixo
669,L47848,L,297.5,308.9,1738,24.0,195,0,0,0,0,0,0,0,0.00014604043,Baixo
670,H30083,H,297.5,308.9,1471,37.7,197,0,0,0,0,0,0,0,0.00038943882,Baixo
671,L47850,L,297.6,309.0,1822,25.4,202,0,0,0,0,0,0,0,1.0850788e-05,Baixo
672,L47851,L,297.5,308.9,1554,34.8,204,0,0,0,0,0,0,0,0.00020737291,Baixo
673,M15532,M,297.6,308.9,1433,43.2,206,0,0,0,0,0,0,0,0.00096558844,Baixo
674,L47853,L,297.6,308.9,1449,47.7,209,0,0,0,0,0,0,0,0.010097171,Baixo
675,L47854,L,297.8,309.0,1456,41.2,0,0,0,0,0,0,0,0,7.402881e-06,Baixo
676,M15535,M,297.8,309.1,1424,45.5,2,0,0,0,0,0,0,0,5.2567566e-07,Baixo
677,H30090,H,297.9,309.2,1577,34.7,5,0,0,0,0,0,0,0,6.3849676e-08,Baixo
678,L47857,L,297.9,309.2,1478,39.7,10,0,0,0,0,0,0,0,5.256651e-07,Baixo
679,M15538,M,297.8,309.2,1295,61.2,12,0,0,0,0,0,0,0,0.00011691833,Baixo
680,L47859,L,297.8,309.2,1372,47.3,15,0,0,0,0,0,0,0,2.5146594e-06,Baixo
681,M15540,M,297.8,309.1,1432,42.6,17,0,0,0,0,0,0,0,7.3970693e-07,Baixo
682,M15541,M,297.7,309.0,1656,33.2,20,0,0,0,0,0,0,0,2.747008e-07,Baixo
683,H30096,H,297.8,309.0,1410,48.8,23,0,0,0,0,0,0,0,2.5650732e-07,Baixo
684,L47863,L,297.7,309.0,1874,24.4,28,0,0,0,0,0,0,0,0.00014154719,Baixo
685,L47864,L,297.7,309.0,1538,43.2,30,0,0,0,0,0,0,0,1.874964e-06,Baixo
686,M15545,M,297.7,309.0,1636,29.7,32,0,0,0,0,0,0,0,8.698521e-07,Baixo
687,M15546,M,297.7,309.0,1504,40.4,35,0,0,0,0,0,0,0,1.913499e-07,Baixo
688,M15547,M,297.7,309.0,1531,42.4,38,0,0,0,0,0,0,0,8.061806e-07,Baixo
689,H30102,H,297.6,309.0,1735,26.4,41,0,0,0,0,0,0,0,4.6020128e-07,Baixo
690,H30103,H,297.6,309.0,1354,55.6,46,0,0,0,0,0,0,0,4.9565153e-07,Baixo
691,H30104,H,297.6,309.0,1413,40.2,51,0,0,0,0,0,0,0,3.941437e-08,Baixo
692,L47871,L,297.7,309.1,1563,39.3,56,0,0,0,0,0,0,0,5.6640874e-07,Baixo
693,L47872,L,297.7,309.1,1479,42.1,58,0,0,0,0,0,0,0,5.368868e-07,Baixo
694,L47873,L,297.7,309.1,1477,38.3,60,0,0,0,0,0,0,0,5.441518e-07,Baixo
695,L47874,L,297.6,309.1,1394,50.0,62,0,0,0,0,0,0,0,7.0337182e-06,Baixo
696,L47875,L,297.6,309.0,1487,45.4,64,0,0,0,0,0,0,0,7.4685704e-07,Baixo
697,M15556,M,297.6,309.0,1815,25.3,66,0,0,0,0,0,0,0,4.3678797e-06,Baixo
698,M15557,M,297.6,308.8,1453,39.7,69,0,0,0,0,0,0,0,3.7815184e-06,Baixo
699,L47878,L,297.6,308.8,1539,40.2,72,0,0,0,0,0,0,0,2.206034e-06,Baixo
700,H30113,H,297.5,308.7,1416,39.2,74,0,0,0,0,0,0,0,8.423636e-05,Baixo
701,M15560,M,297.6,308.8,1683,31.6,79,0,0,0,0,0,0,0,1.8920391e-06,Baixo
702,L47881,L,297.7,308.8,1515,40.1,82,0,0,0,0,0,0,0,6.5214285e-06,Baixo
703,M15562,M,297.7,308.9,1531,48.3,84,0,0,0,0,0,0,0,8.021078e-08,Baixo
704,H30117,H,297.7,308.9,1479,40.9,87,0,0,0,0,0,0,0,3.1117308e-06,Baixo
705,L47884,L,297.7,308.9,1516,33.7,92,0,0,0,0,0,0,0,2.1626396e-05,Baixo
706,L47885,L,297.7,309.0,1507,38.2,94,0,0,0,0,0,0,0,2.4795697e-06,Baixo
707,M15566,M,297.8,309.0,1434,43.3,96,0,0,0,0,0,0,0,7.166621e-07,Baixo
708,L47887,L,297.7,308.9,1838,27.3,99,0,0,0,0,0,0,0,4.507674e-05,Baixo
709,M15568,M,297.6,308.8,1416,45.9,101,0,0,0,0,0,0,0,4.1488847e-06,Baixo
710,M15569,M,297.6,308.8,1357,49.7,104,0,0,0,0,0,0,0,4.799628e-06,Baixo
711,M15570,M,297.5,308.7,1697,28.1,107,0,0,0,0,0,0,0,1.016326e-06,Baixo
712,L47891,L,297.5,308.7,1443,46.2,110,0,0,0,0,0,0,0,4.3976265e-06,Baixo
713,L47892,L,297.5,308.7,1453,37.6,112,0,0,0,0,0,0,0,0.00014066562,Baixo
714,L47893,L,297.4,308.6,1439,46.4,114,0,0,0,0,0,0,0,3.058673e-05,Baixo
715,L47894,L,297.4,308.6,1609,36.2,116,0,0,0,0,0,0,0,2.716613e-07,Baixo
716,L47895,L,297.4,308.6,1324,59.1,118,0,0,0,0,0,0,0,0.0001403841,Baixo
717,H30130,H,297.4,308.6,1420,45.8,120,0,0,0,0,0,0,0,1.7029499e-06,Baixo
718,L47897,L,297.4,308.7,1545,36.9,125,0,0,0,0,0,0,0,1.6584921e-05,Baixo
719,L47898,L,297.5,308.8,1477,39.0,127,0,0,0,0,0,0,0,2.9983565e-05,Baixo
720,L47899,L,297.4,308.8,1447,58.1,129,0,0,0,0,0,0,0,5.1641917e-05,Baixo
721,L47900,L,297.4,308.9,1809,23.8,131,0,0,0,0,0,0,0,0.00036587362,Baixo
722,L47901,L,297.5,308.9,1696,30.9,133,0,0,0,0,0,0,0,6.366407e-06,Baixo
723,L47902,L,297.5,308.9,1427,44.7,135,0,0,0,0,0,0,0,1.5574451e-06,Baixo
724,M15583,M,297.4,308.9,1500,46.3,137,0,0,0,0,0,0,0,6.1061296e-06,Baixo
725,L47904,L,297.5,308.9,1390,44.6,140,0,0,0,0,0,0,0,3.526149e-06,Baixo
726,L47905,L,297.4,308.8,1640,34.2,142,0,0,0,0,0,0,0,5.0576153e-07,Baixo
727,M15586,M,297.4,308.8,1628,37.4,144,0,0,0,0,0,0,0,1.2640936e-06,Baixo
728,H30141,H,297.3,308.6,1499,37.6,147,0,0,0,0,0,0,0,2.4541465e-05,Baixo
729,M15588,M,297.4,308.7,1425,50.3,152,0,0,0,0,0,0,0,3.0678393e-07,Baixo
730,L47909,L,297.3,308.6,1586,37.7,155,0,0,0,0,0,0,0,2.771814e-05,Baixo
731,M15590,M,297.3,308.6,1471,50.7,157,0,0,0,0,0,0,0,7.6425815e-05,Baixo
732,M15591,M,297.3,308.6,1431,53.0,160,0,0,0,0,0,0,0,1.6543741e-05,Baixo
733,L47912,L,297.2,308.6,1924,22.1,163,0,0,0,0,0,0,0,0.0017694514,Baixo
734,M15593,M,297.1,308.4,1421,42.0,165,0,0,0,0,0,0,0,2.2673712e-06,Baixo
735,H30148,H,297.0,308.4,1305,54.6,168,0,0,0,0,0,0,0,6.8117324e-06,Baixo
736,L47915,L,296.9,308.4,1557,32.4,173,0,0,0,0,0,0,0,7.082384e-07,Baixo
737,L47916,L,296.9,308.3,1555,38.2,175,0,0,0,0,0,0,0,2.2752103e-05,Baixo
738,H30151,H,296.9,308.3,1474,39.2,177,0,0,0,0,0,0,0,1.0478465e-05,Baixo
739,L47918,L,296.8,308.3,1506,45.9,182,0,0,0,0,0,0,0,1.1790793e-05,Baixo
740,L47919,L,296.9,308.4,1390,41.8,184,0,0,0,0,0,0,0,7.250157e-05,Baixo
741,M15600,M,296.9,308.4,1450,46.9,186,0,0,0,0,0,0,0,7.950941e-06,Baixo
742,L47921,L,296.9,308.3,1513,38.8,189,0,0,0,0,0,0,0,5.1500185e-05,Baixo
743,L47922,L,296.8,308.2,1643,34.7,191,0,0,0,0,0,0,0,1.665657e-06,Baixo
744,L47923,L,296.8,308.2,1361,53.8,193,0,0,0,0,0,0,0,0.004009442,Baixo
745,L47924,L,296.7,308.1,1450,40.9,195,0,0,0,0,0,0,0,0.00016358383,Baixo
746,L47925,L,296.7,308.0,1451,50.7,197,0,0,0,0,0,0,0,2.8372271e-05,Baixo
747,L47926,L,296.8,308.1,1289,62.0,199,1,0,0,0,1,0,1,0.9991372,Crítico
748,L47927,L,296.8,308.1,1356,48.3,201,0,0,0,0,0,0,0,0.0001618341,Baixo
749,H30162,H,296.7,308.1,1528,46.3,203,0,0,0,0,0,0,0,0.003913524,Baixo
750,L47929,L,296.6,308.0,1978,22.3,208,0,0,0,0,0,0,0,0.011995353,Baixo
751,L47930,L,296.7,308.0,1535,36.8,210,0,0,0,0,0,0,0,0.0072317156,Baixo
752,M15611,M,296.8,308.1,1843,24.2,212,0,0,0,0,0,0,0,3.6231486e-05,Baixo
753,L47932,L,296.9,308.1,1422,48.7,215,0,0,0,0,0,0,0,0.0032280062,Baixo
754,L47933,L,296.8,308.0,1536,40.4,217,0,0,0,0,0,0,0,0.16414025,Baixo
755,M15614,M,296.9,308.1,1483,44.3,219,0,0,0,0,0,0,0,2.9578408e-05,Baixo
756,H30169,H,296.8,308.1,1492,43.7,222,0,0,0,0,0,0,0,0.0007746296,Baixo
757,L47936,L,296.8,308.0,1584,40.4,227,0,0,0,0,0,0,0,0.09093023,Baixo
758,L47937,L,296.9,308.1,1555,33.7,229,0,0,0,0,0,0,0,0.008912908,Baixo
759,L47938,L,296.8,308.0,1497,41.7,231,0,0,0,0,0,0,0,0.0012054427,Baixo
760,M15619,M,296.7,307.8,1537,36.3,233,0,0,0,0,0,0,0,0.097593404,Baixo
761,L47940,L,296.7,307.8,1505,39.4,236,0,0,0,0,0,0,0,0.00093470124,Baixo
762,L47941,L,296.7,307.8,1646,34.6,238,0,0,0,0,0,0,0,0.22525945,Baixo
763,M15622,M,296.7,307.8,1286,60.5,0,0,0,0,0,0,0,0,0.00029080448,Baixo
764,L47943,L,296.7,307.8,1400,47.5,3,0,0,0,0,0,0,0,1.2776419e-05,Baixo
765,L47944,L,296.8,307.9,1337,56.5,5,0,0,0,0,0,0,0,0.00011057427,Baixo
766,L47945,L,296.9,308.0,1332,53.9,7,0,0,0,0,0,0,0,7.911836e-06,Baixo
767,L47946,L,296.8,308.0,1561,38.3,9,0,0,0,0,0,0,0,8.8620445e-06,Baixo
768,L47947,L,296.9,308.0,1546,31.1,11,0,0,0,0,0,0,0,3.1389548e-06,Baixo
769,L47948,L,296.9,308.0,1713,29.3,13,0,0,0,0,0,0,0,0.00012564853,Baixo
770,L47949,L,296.9,308.0,1343,44.5,15,0,0,0,0,0,0,0,1.902462e-05,Baixo
771,L47950,L,296.8,308.0,1391,54.4,17,0,0,0,0,0,0,0,1.2150112e-05,Baixo
772,H30185,H,296.8,308.0,1311,58.6,19,0,0,0,0,0,0,0,1.4142794e-05,Baixo
773,H30186,H,296.8,308.0,1453,51.0,24,0,0,0,0,0,0,0,2.6605194e-06,Baixo
774,L47953,L,296.8,308.0,1510,39.4,29,0,0,0,0,0,0,0,8.8002e-07,Baixo
775,L47954,L,296.8,307.9,1448,48.8,31,0,0,0,0,0,0,0,2.5499735e-06,Baixo
776,L47955,L,296.7,307.8,1453,46.0,33,0,0,0,0,0,0,0,6.010592e-06,Baixo
777,L47956,L,296.7,307.8,1468,39.2,35,0,0,0,0,0,0,0,5.099238e-05,Baixo
778,L47957,L,296.7,307.8,1382,47.5,37,0,0,0,0,0,0,0,4.9998694e-06,Baixo
779,L47958,L,296.7,308.0,1580,32.2,39,0,0,0,0,0,0,0,2.0134848e-06,Baixo
780,L47959,L,296.8,308.0,1666,29.8,41,0,0,0,0,0,0,0,5.0281724e-05,Baixo
781,M15640,M,296.9,308.0,1409,50.7,43,0,0,0,0,0,0,0,7.5097523e-07,Baixo
782,L47961,L,296.8,308.0,1675,29.7,46,0,0,0,0,0,0,0,8.362412e-06,Baixo
783,L47962,L,296.8,307.9,1698,30.8,48,0,0,0,0,0,0,0,7.720029e-06,Baixo
784,H30197,H,296.7,307.9,1579,33.4,50,0,0,0,0,0,0,0,5.0746307e-06,Baixo
785,L47964,L,296.7,307.9,1743,27.9,55,0,0,0,0,0,0,0,5.9095686e-07,Baixo
786,M15645,M,296.9,308.0,1497,44.8,57,0,0,0,0,0,0,0,9.692977e-07,Baixo
787,L47966,L,296.9,308.1,1741,28.8,60,0,0,0,0,0,0,0,3.8729445e-06,Baixo
788,L47967,L,296.9,308.1,1435,45.3,62,0,0,0,0,0,0,0,3.858556e-06,Baixo
789,M15648,M,296.9,308.1,1440,46.3,64,0,0,0,0,0,0,0,6.0747016e-06,Baixo
790,M15649,M,296.9,308.0,1641,33.3,67,0,0,0,0,0,0,0,8.962574e-06,Baixo
791,L47970,L,296.8,307.9,1420,45.4,70,0,0,0,0,0,0,0,1.3390496e-06,Baixo
792,L47971,L,296.8,307.9,1611,35.4,72,0,0,0,0,0,0,0,6.465473e-06,Baixo
793,L47972,L,296.8,307.8,1373,42.9,74,0,0,0,0,0,0,0,3.895588e-05,Baixo
794,M15653,M,296.8,307.9,1683,31.8,76,0,0,0,0,0,0,0,1.0038256e-06,Baixo
795,H30208,H,296.9,307.9,1547,32.6,79,0,0,0,0,0,0,0,1.0355677e-05,Baixo
796,L47975,L,296.9,307.8,1605,37.0,84,0,0,0,0,0,0,0,2.493266e-05,Baixo
797,M15656,M,296.9,307.9,2010,18.9,86,0,0,0,0,0,0,0,0.000127406,Baixo
798,L47977,L,296.8,307.7,1565,40.1,89,0,0,0,0,0,0,0,1.6841932e-05,Baixo
799,M15658,M,296.9,307.8,1828,24.6,91,0,0,0,0,0,0,0,1.3163211e-05,Baixo
800,M15659,M,297.0,307.8,1579,34.1,94,0,0,0,0,0,0,0,1.546283e-05,Baixo
801,M15660,M,297.0,307.9,1882,24.2,97,0,0,0,0,0,0,0,0.00050874124,Baixo
802,L47981,L,296.9,307.8,1285,52.1,100,0,0,0,0,0,0,0,0.00019009333,Baixo
803,L47982,L,296.9,307.8,1571,35.0,102,0,0,0,0,0,0,0,2.3193163e-05,Baixo
804,H30217,H,296.9,307.8,1549,37.8,104,0,0,0,0,0,0,0,8.798956e-05,Baixo
805,M15664,M,296.9,307.8,1544,37.6,109,0,0,0,0,0,0,0,2.7971144e-05,Baixo
806,M15665,M,297.0,307.9,1412,47.4,112,0,0,0,0,0,0,0,1.9780024e-05,Baixo
807,M15666,M,297.0,307.9,1422,53.0,115,0,0,0,0,0,0,0,6.8633635e-06,Baixo
808,L47987,L,297.0,307.7,1867,22.8,118,0,0,0,0,0,0,0,2.417245e-05,Baixo
809,L47988,L,296.9,307.7,1424,43.3,120,0,0,0,0,0,0,0,5.6793633e-06,Baixo
810,L47989,L,296.9,307.6,1452,45.7,122,0,0,0,0,0,0,0,6.4829087e-06,Baixo
811,L47990,L,296.9,307.7,1550,39.7,124,0,0,0,0,0,0,0,2.5512882e-05,Baixo
812,L47991,L,296.8,307.6,1588,37.6,126,0,0,0,0,0,0,0,3.0349029e-05,Baixo
813,L47992,L,296.8,307.6,1338,44.4,128,0,0,0,0,0,0,0,0.00012296175,Baixo
814,L47993,L,296.8,307.6,1513,40.0,130,0,0,0,0,0,0,0,6.7443325e-05,Baixo
815,M15674,M,296.8,307.5,1470,45.9,132,0,0,0,0,0,0,0,4.6500304e-06,Baixo
816,M15675,M,296.8,307.5,1516,36.7,135,0,0,0,0,0,0,0,1.5950289e-05,Baixo
817,L47996,L,296.8,307.6,1434,48.3,138,0,0,0,0,0,0,0,8.630626e-06,Baixo
818,L47997,L,296.8,307.6,1368,52.0,140,0,0,0,0,0,0,0,0.00013531005,Baixo
819,L47998,L,296.8,307.6,1304,48.7,142,0,0,0,0,0,0,0,6.1386614e-05,Baixo
820,L47999,L,296.8,307.6,1398,46.7,144,0,0,0,0,0,0,0,6.867454e-05,Baixo
821,L48000,L,296.7,307.6,1516,37.4,146,0,0,0,0,0,0,0,7.438714e-05,Baixo
822,L48001,L,296.7,307.6,1474,41.7,148,0,0,0,0,0,0,0,1.8893198e-06,Baixo
823,M15682,M,296.7,307.6,1547,34.7,150,0,0,0,0,0,0,0,8.281307e-05,Baixo
824,M15683,M,296.6,307.5,1482,39.9,153,0,0,0,0,0,0,0,9.016111e-06,Baixo
825,L48004,L,296.6,307.4,1436,42.8,156,0,0,0,0,0,0,0,1.7986024e-05,Baixo
826,L48005,L,296.6,307.3,1474,40.0,158,0,0,0,0,0,0,0,7.682375e-06,Baixo
827,L48006,L,296.5,307.2,1481,38.2,160,0,0,0,0,0,0,0,5.5476652e-05,Baixo
828,L48007,L,296.5,307.3,1501,42.1,162,0,0,0,0,0,0,0,2.8746992e-06,Baixo
829,L48008,L,296.5,307.3,1566,37.2,164,0,0,0,0,0,0,0,4.5631919e-07,Baixo
830,L48009,L,296.5,307.3,1579,34.5,166,0,0,0,0,0,0,0,2.3737499e-05,Baixo
831,L48010,L,296.6,307.4,1631,35.0,168,0,0,0,0,0,0,0,0.00026168933,Baixo
832,M15691,M,296.6,307.4,1544,42.3,170,0,0,0,0,0,0,0,4.4272e-06,Baixo
833,L48012,L,296.6,307.4,1521,38.6,173,0,0,0,0,0,0,0,1.0494905e-05,Baixo
834,L48013,L,296.6,307.4,1616,28.0,175,0,0,0,0,0,0,0,0.00046274977,Baixo
835,H30248,H,296.6,307.4,1333,50.2,177,0,0,0,0,0,0,0,1.4214036e-05,Baixo
836,M15695,M,296.7,307.4,1533,32.5,182,0,0,0,0,0,0,0,0.00010169508,Baixo
837,L48016,L,296.6,307.4,1368,45.1,185,0,0,0,0,0,0,0,4.5543697e-05,Baixo
838,L48017,L,296.6,307.4,1465,47.8,187,0,0,0,0,0,0,0,1.490713e-05,Baixo
839,H30252,H,296.6,307.4,1406,41.5,189,0,0,0,0,0,0,0,3.1242285e-05,Baixo
840,M15699,M,296.5,307.4,1565,43.5,194,0,0,0,0,0,0,0,5.74683e-06,Baixo
841,L48020,L,296.6,307.5,1582,37.9,197,0,0,0,0,0,0,0,7.012642e-05,Baixo
842,L48021,L,296.6,307.5,1439,45.5,199,0,0,0,0,0,0,0,0.001737988,Baixo
843,M15702,M,296.6,307.5,1566,35.0,201,0,0,0,0,0,0,0,0.008511746,Baixo
844,L48023,L,296.6,307.5,1485,42.7,204,0,0,0,0,0,0,0,0.00024411432,Baixo
845,L48024,L,296.5,307.5,1566,35.1,206,0,0,0,0,0,0,0,0.0012181307,Baixo
846,L48025,L,296.3,307.3,1439,41.5,208,0,0,0,0,0,0,0,0.32209012,Moderado
847,M15706,M,296.4,307.4,1416,50.0,210,0,0,0,0,0,0,0,0.00012600295,Baixo
848,L48027,L,296.4,307.4,2833,5.6,213,1,0,0,1,0,0,1,0.20076102,Baixo
849,L48028,L,296.3,307.4,1465,47.1,215,0,0,0,0,0,0,0,7.120494e-05,Baixo
850,H30263,H,296.4,307.4,1586,35.5,0,0,0,0,0,0,0,0,8.26002e-05,Baixo
851,L48030,L,296.3,307.3,1567,31.4,5,0,0,0,0,0,0,0,2.6342088e-05,Baixo
852,M15711,M,296.2,307.2,1389,48.6,7,0,0,0,0,0,0,0,4.3800055e-06,Baixo
853,M15712,M,296.3,307.3,1368,49.5,10,0,0,0,0,0,0,0,1.7253327e-05,Baixo
854,L48033,L,296.3,307.3,1444,49.0,13,0,0,0,0,0,0,0,3.206402e-05,Baixo
855,M15714,M,296.3,307.3,1498,41.6,15,0,0,0,0,0,0,0,3.881612e-06,Baixo
856,L48035,L,296.1,307.2,1615,30.8,18,0,0,0,0,0,0,0,0.00010732582,Baixo
857,L48036,L,296.1,307.1,1898,22.7,20,0,0,0,0,0,0,0,0.00014921022,Baixo
858,M15717,M,296.1,307.1,1350,53.3,22,0,0,0,0,0,0,0,3.228275e-05,Baixo
859,M15718,M,296.2,307.0,1516,37.6,25,0,0,0,0,0,0,0,7.3173264e-06,Baixo
860,H30273,H,296.2,307.0,1542,40.6,28,0,0,0,0,0,0,0,2.6925327e-06,Baixo
861,H30274,H,296.1,306.9,1541,32.6,33,0,0,0,0,0,0,0,1.9865472e-05,Baixo
862,M15721,M,296.1,306.9,1951,23.3,38,0,0,0,0,0,0,0,0.0015194034,Baixo
863,H30276,H,296.1,306.8,1645,31.0,41,0,0,0,0,0,0,0,1.7648159e-05,Baixo
864,L48043,L,296.0,306.7,1416,44.2,46,0,0,0,0,0,0,0,1.5365651e-05,Baixo
865,M15724,M,296.0,306.7,2044,22.3,48,0,0,0,0,0,0,0,3.1551397e-05,Baixo
866,L48045,L,295.9,306.6,1414,50.2,51,0,0,0,0,0,0,0,3.1045515e-06,Baixo
867,L48046,L,295.9,306.6,1678,26.7,53,0,0,0,0,0,0,0,3.1405507e-05,Baixo
868,H30281,H,295.9,306.5,1594,33.2,55,0,0,0,0,0,0,0,6.004525e-06,Baixo
869,M15728,M,295.8,306.5,1514,37.7,60,0,0,0,0,0,0,0,0.0002654676,Baixo
870,L48049,L,295.8,306.5,1358,49.2,63,0,0,0,0,0,0,0,4.4358796e-05,Baixo
871,L48050,L,295.8,306.4,1325,56.2,65,0,0,0,0,0,0,0,0.00051050604,Baixo
872,L48051,L,295.8,306.4,1339,53.2,67,0,0,0,0,0,0,0,2.1039361e-05,Baixo
873,M15732,M,295.8,306.4,1335,51.7,69,0,0,0,0,0,0,0,1.8817276e-05,Baixo
874,L48053,L,295.9,306.4,1892,21.7,72,0,0,0,0,0,0,0,0.00035380488,Baixo
875,L48054,L,295.9,306.4,1575,28.5,74,0,0,0,0,0,0,0,0.000112838905,Baixo
876,M15735,M,295.8,306.3,1444,45.5,76,0,0,0,0,0,0,0,1.1489588e-05,Baixo
877,L48056,L,295.7,306.3,1915,22.4,79,0,0,0,0,0,0,0,0.00034283198,Baixo
878,M15737,M,295.6,306.2,1584,33.6,81,0,0,0,0,0,0,0,1.3624535e-05,Baixo
879,M15738,M,295.7,306.3,1685,34.9,84,0,0,0,0,0,0,0,1.6483802e-05,Baixo
880,L48059,L,295.8,306.3,1337,54.6,87,0,0,0,0,0,0,0,4.5415665e-05,Baixo
881,M15740,M,295.8,306.3,1235,76.2,89,1,0,0,1,0,0,1,0.5458226,Moderado
882,L48061,L,295.7,306.2,1464,46.2,92,0,0,0,0,0,0,0,1.0417774e-05,Baixo
883,M15742,M,295.7,306.2,1739,25.9,94,0,0,0,0,0,0,0,1.6612134e-05,Baixo
884,L48063,L,295.7,306.3,1490,34.3,97,0,0,0,0,0,0,0,0.00013003827,Baixo
885,L48064,L,295.8,306.4,1356,48.0,99,0,0,0,0,0,0,0,3.083394e-05,Baixo
886,L48065,L,295.7,306.2,1397,52.0,101,0,0,0,0,0,0,0,0.00016339708,Baixo
887,L48066,L,295.7,306.2,1458,40.6,103,0,0,0,0,0,0,0,8.036367e-06,Baixo
888,H30301,H,295.7,306.2,2161,16.5,105,0,0,0,0,0,0,0,0.00010345351,Baixo
889,M15748,M,295.6,306.1,1651,28.1,110,0,0,0,0,0,0,0,2.4060608e-05,Baixo
890,L48069,L,295.6,306.1,1389,46.2,113,0,0,0,0,0,0,0,0.00020469479,Baixo
891,L48070,L,295.6,306.0,1370,52.4,115,0,0,0,0,0,0,0,3.615224e-05,Baixo
892,L48071,L,295.7,306.1,1408,47.9,117,0,0,0,0,0,0,0,4.56915e-06,Baixo
893,L48072,L,295.7,306.1,1343,54.4,119,0,0,0,0,0,0,0,0.00016645648,Baixo
894,M15753,M,295.7,306.2,1423,42.5,121,0,0,0,0,0,0,0,1.2992449e-05,Baixo
895,L48074,L,295.6,306.2,1426,48.6,124,0,0,0,0,0,0,0,1.1207734e-05,Baixo
896,M15755,M,295.6,306.2,1435,51.6,126,0,0,0,0,0,0,0,0.00012872081,Baixo
897,L48076,L,295.5,306.1,1573,35.1,129,0,0,0,0,0,0,0,0.00012317239,Baixo
898,L48077,L,295.6,306.2,1612,31.2,131,0,0,0,0,0,0,0,1.1414332e-06,Baixo
899,L48078,L,295.6,306.2,1446,49.9,133,0,0,0,0,0,0,0,1.7168848e-05,Baixo
900,H30313,H,295.6,306.2,1329,55.3,135,0,0,0,0,0,0,0,1.6863742e-05,Baixo
901,L48080,L,295.6,306.2,1569,35.1,140,0,0,0,0,0,0,0,1.7556204e-05,Baixo
902,H30315,H,295.6,306.1,1256,62.3,142,0,0,0,0,0,0,0,0.0020375224,Baixo
903,L48082,L,295.6,306.1,1383,48.7,147,0,0,0,0,0,0,0,4.7933765e-05,Baixo
904,L48083,L,295.7,306.2,2270,14.6,149,1,0,0,1,0,0,1,0.015093766,Baixo
905,H30318,H,295.7,306.2,1458,49.8,151,0,0,0,0,0,0,0,1.1284148e-05,Baixo
906,L48085,L,295.6,306.1,1474,41.2,156,0,0,0,0,0,0,0,9.645533e-05,Baixo
907,M15766,M,295.6,306.1,1462,49.2,158,0,0,0,0,0,0,0,7.3948722e-06,Baixo
908,M15767,M,295.6,306.1,1669,29.0,161,0,0,0,0,0,0,0,1.944025e-05,Baixo
909,M15768,M,295.5,306.1,1822,24.3,164,0,0,0,0,0,0,0,5.1933097e-05,Baixo
910,L48089,L,295.5,306.0,1456,39.2,167,0,0,0,0,0,0,0,0.00015338518,Baixo
911,L48090,L,295.5,306.0,1546,35.9,169,0,0,0,0,0,0,0,0.001058501,Baixo
912,M15771,M,295.6,306.1,1490,42.7,171,0,0,0,0,0,0,0,4.7652074e-06,Baixo
913,L48092,L,295.6,306.0,1569,40.4,174,0,0,0,0,0,0,0,3.4506207e-05,Baixo
914,L48093,L,295.5,306.0,1621,29.5,176,0,0,0,0,0,0,0,5.895642e-06,Baixo
915,M15774,M,295.4,305.9,1518,40.6,178,0,0,0,0,0,0,0,1.33290205e-05,Baixo
916,M15775,M,295.4,305.8,1526,38.2,181,0,0,0,0,0,0,0,1.1804304e-05,Baixo
917,M15776,M,295.3,305.8,1589,36.2,184,0,0,0,0,0,0,0,1.9202678e-06,Baixo
918,L48097,L,295.3,305.7,1475,51.0,187,0,0,0,0,0,0,0,1.1728328e-05,Baixo
919,M15778,M,295.3,305.7,1473,38.5,189,0,0,0,0,0,0,0,3.1851116e-05,Baixo
920,L48099,L,295.4,305.8,1407,50.7,192,0,0,0,0,0,0,0,7.20175e-05,Baixo
921,M15780,M,295.5,305.9,1518,44.1,194,0,0,0,0,0,0,0,8.5951015e-06,Baixo
922,H30335,H,295.5,305.9,1593,37.2,197,0,0,0,0,0,0,0,2.3502562e-05,Baixo
923,M15782,M,295.5,305.9,1380,52.4,202,0,0,0,0,0,0,0,0.003623224,Baixo
924,M15783,M,295.5,306.0,1423,45.3,205,0,0,0,0,0,0,0,0.00030712318,Baixo
925,L48104,L,295.5,306.0,1800,27.6,208,0,0,0,0,0,0,0,0.0016561536,Baixo
926,H30339,H,295.6,306.1,1623,30.9,210,0,0,0,0,0,0,0,0.04213181,Baixo
927,L48106,L,295.6,306.1,1372,55.6,215,1,0,0,0,1,0,1,0.99981815,Crítico
928,H30341,H,295.6,306.0,1396,52.4,0,0,0,0,0,0,0,0,1.751565e-05,Baixo
929,L48108,L,295.6,306.0,1949,21.9,5,0,0,0,0,0,0,0,2.854477e-05,Baixo
930,L48109,L,295.6,306.0,1419,51.1,7,0,0,0,0,0,0,0,2.0366155e-05,Baixo
931,M15790,M,295.5,305.9,1453,47.3,9,0,0,0,0,0,0,0,1.30797725e-05,Baixo
932,L48111,L,295.5,305.9,1542,36.2,12,0,0,0,0,0,0,0,6.0419166e-05,Baixo
933,L48112,L,295.6,306.0,1363,50.0,14,0,0,0,0,0,0,0,0.00012072018,Baixo
934,L48113,L,295.5,306.0,1597,37.2,16,0,0,0,0,0,0,0,6.1717543e-07,Baixo
935,M15794,M,295.5,306.0,1326,50.8,18,0,0,0,0,0,0,0,1.3117222e-05,Baixo
936,M15795,M,295.5,306.0,1641,36.6,21,0,0,0,0,0,0,0,2.7653454e-05,Baixo
937,M15796,M,295.6,306.1,1418,46.2,24,0,0,0,0,0,0,0,1.6211203e-05,Baixo
938,L48117,L,295.6,306.2,1263,61.8,27,0,0,0,0,0,0,0,0.013288029,Baixo
939,L48118,L,295.6,306.2,1823,25.8,29,0,0,0,0,0,0,0,1.4315917e-05,Baixo
940,L48119,L,295.5,306.1,1488,40.7,31,0,0,0,0,0,0,0,4.813485e-06,Baixo
941,L48120,L,295.6,306.2,1443,48.9,33,0,0,0,0,0,0,0,8.884732e-06,Baixo
942,L48121,L,295.6,306.2,1650,28.2,35,0,0,0,0,0,0,0,4.8435772e-06,Baixo
943,M15802,M,295.7,306.3,1462,44.3,37,0,0,0,0,0,0,0,2.5765942e-06,Baixo
944,M15803,M,295.6,306.2,1477,45.0,40,0,0,0,0,0,0,0,3.81465e-06,Baixo
945,M15804,M,295.7,306.3,1712,28.5,43,0,0,0,0,0,0,0,2.368865e-06,Baixo
946,M15805,M,295.7,306.3,1347,50.4,46,0,0,0,0,0,0,0,1.8578872e-05,Baixo
947,L48126,L,295.6,306.2,1287,54.8,49,0,0,0,0,0,0,0,2.1093705e-05,Baixo
948,L48127,L,295.6,306.2,1428,44.5,51,0,0,0,0,0,0,0,3.805595e-06,Baixo
949,M15808,M,295.6,306.3,1426,45.5,53,0,0,0,0,0,0,0,4.2951456e-06,Baixo
950,L48129,L,295.6,306.3,1636,32.7,56,0,0,0,0,0,0,0,9.383149e-06,Baixo
951,L48130,L,295.6,306.2,1424,42.5,58,0,0,0,0,0,0,0,3.5869964e-06,Baixo
952,H30365,H,295.6,306.3,1509,35.8,60,0,0,0,0,0,0,0,0.0006543108,Baixo
953,L48132,L,295.5,306.2,1448,48.9,65,0,0,0,0,0,0,0,2.2263033e-05,Baixo
954,L48133,L,295.5,306.1,1650,32.8,67,0,0,0,0,0,0,0,0.00011322952,Baixo
955,H30368,H,295.6,306.2,1414,42.5,69,0,0,0,0,0,0,0,3.0141302e-05,Baixo
956,L48135,L,295.6,306.3,1911,20.9,74,0,0,0,0,0,0,0,5.4292937e-05,Baixo
957,H30370,H,295.6,306.2,1632,32.2,76,0,0,0,0,0,0,0,1.9445474e-06,Baixo
958,M15817,M,295.7,306.4,1387,40.1,81,0,0,0,0,0,0,0,0.0006395299,Baixo
959,L48138,L,295.8,306.4,1399,47.6,84,0,0,0,0,0,0,0,4.208408e-05,Baixo
960,L48139,L,295.8,306.5,1505,35.2,86,0,0,0,0,0,0,0,0.00014110896,Baixo
961,L48140,L,295.8,306.5,1534,37.9,88,0,0,0,0,0,0,0,3.5880046e-05,Baixo
962,L48141,L,295.8,306.5,1493,40.5,90,0,0,0,0,0,0,0,0.00022238265,Baixo
963,M15822,M,295.8,306.6,1480,43.2,92,0,0,0,0,0,0,0,5.270805e-06,Baixo
964,L48143,L,295.8,306.6,1621,31.6,95,0,0,0,0,0,0,0,2.085484e-05,Baixo
965,L48144,L,295.7,306.5,1737,26.2,97,0,0,0,0,0,0,0,5.5908968e-05,Baixo
966,L48145,L,295.8,306.6,1508,46.5,99,0,0,0,0,0,0,0,5.079618e-06,Baixo
967,M15826,M,295.8,306.5,1641,32.2,101,0,0,0,0,0,0,0,1.0128455e-05,Baixo
968,M15827,M,295.9,306.6,1532,38.6,104,0,0,0,0,0,0,0,4.0117102e-05,Baixo
969,L48148,L,295.9,306.7,1547,40.9,107,0,0,0,0,0,0,0,8.187565e-06,Baixo
970,L48149,L,295.9,306.6,1412,41.0,109,0,0,0,0,0,0,0,0.00024330498,Baixo
971,L48150,L,295.8,306.5,1568,35.1,111,0,0,0,0,0,0,0,2.0324691e-05,Baixo
972,L48151,L,295.9,306.6,1557,41.1,113,0,0,0,0,0,0,0,1.0084678e-05,Baixo
973,L48152,L,295.8,306.6,1644,35.2,115,0,0,0,0,0,0,0,1.3702756e-05,Baixo
974,L48153,L,295.9,306.6,1679,30.4,117,0,0,0,0,0,0,0,0.0002963417,Baixo
975,L48154,L,296.0,306.6,1511,35.2,119,0,0,0,0,0,0,0,0.0007920156,Baixo
976,M15835,M,296.0,306.6,1628,36.8,121,0,0,0,0,0,0,0,1.6251166e-06,Baixo
977,M15836,M,296.0,306.6,1392,51.3,124,0,0,0,0,0,0,0,5.3367872e-05,Baixo
978,L48157,L,296.0,306.7,1917,21.0,127,0,0,0,0,0,0,0,0.0011755868,Baixo
979,M15838,M,296.2,306.8,1526,42.3,129,0,0,0,0,0,0,0,3.2776575e-07,Baixo
980,L48159,L,296.2,306.8,1389,53.3,132,0,0,0,0,0,0,0,0.00013240408,Baixo
981,L48160,L,296.1,306.7,1409,42.8,134,0,0,0,0,0,0,0,4.8351135e-06,Baixo
982,L48161,L,296.2,306.8,1655,31.1,136,0,0,0,0,0,0,0,1.4419901e-05,Baixo
983,L48162,L,296.2,306.9,1516,39.1,138,0,0,0,0,0,0,0,0.0001114327,Baixo
984,L48163,L,296.2,306.9,1526,34.9,140,0,0,0,0,0,0,0,0.00022519701,Baixo
985,L48164,L,296.3,307.1,1419,48.6,142,0,0,0,0,0,0,0,6.7981046e-06,Baixo
986,L48165,L,296.4,307.2,1748,25.3,144,0,0,0,0,0,0,0,3.1472635e-05,Baixo
987,H30400,H,296.4,307.1,1638,32.5,146,0,0,0,0,0,0,0,1.6512344e-05,Baixo
988,M15847,M,296.3,307.1,1534,33.8,151,0,0,0,0,0,0,0,5.521819e-05,Baixo
989,H30402,H,296.3,307.1,1774,25.9,154,0,0,0,0,0,0,0,1.12011085e-05,Baixo
990,M15849,M,296.2,307.0,2119,18.3,159,0,0,0,0,0,0,0,0.00045021452,Baixo
991,L48170,L,296.2,307.0,1414,48.3,162,0,0,0,0,0,0,0,5.4983534e-06,Baixo
992,M15851,M,296.1,307.0,1523,42.0,164,0,0,0,0,0,0,0,1.2277527e-06,Baixo
993,L48172,L,296.1,307.1,1651,35.7,167,0,0,0,0,0,0,0,0.00023559968,Baixo
994,M15853,M,296.1,307.1,1485,36.0,169,0,0,0,0,0,0,0,0.00019821803,Baixo
995,M15854,M,296.2,307.2,1168,63.4,172,0,0,0,0,0,0,0,0.0006011202,Baixo
996,L48175,L,296.3,307.3,1566,35.8,175,0,0,0,0,0,0,0,0.00084571313,Baixo
997,M15856,M,296.3,307.2,1286,51.1,177,0,0,0,0,0,0,0,4.7151207e-05,Baixo
998,M15857,M,296.3,307.2,1446,45.9,180,0,0,0,0,0,0,0,1.1311784e-05,Baixo
999,M15858,M,296.4,307.2,2071,19.4,183,0,0,0,0,0,0,0,0.0019003177,Baixo
1000,L48179,L,296.3,307.1,1560,33.2,186,0,0,0,0,0,0,0,4.9319583e-06,Baixo
1001,L48180,L,296.3,307.1,1654,29.6,188,0,0,0,0,0,0,0,1.1308096e-05,Baixo
1002,L48181,L,296.3,307.1,1662,32.9,190,0,0,0,0,0,0,0,5.118149e-06,Baixo
1003,L48182,L,296.3,307.2,1646,35.0,192,0,0,0,0,0,0,0,5.322976e-06,Baixo
1004,L48183,L,296.2,307.1,1444,46.7,194,0,0,0,0,0,0,0,8.614897e-05,Baixo
1005,H30418,H,296.3,307.2,1424,42.0,196,0,0,0,0,0,0,0,2.1409638e-05,Baixo
1006,L48185,L,296.2,307.2,1382,52.0,201,0,0,0,0,0,0,0,0.00867752,Baixo
1007,L48186,L,296.2,307.1,1413,53.4,203,0,0,0,0,0,0,0,0.82342213,Crítico
1008,M15867,M,296.2,307.2,1633,31.1,0,0,0,0,0,0,0,0,2.66304e-06,Baixo
1009,L48188,L,296.2,307.1,1441,41.7,3,0,0,0,0,0,0,0,1.5915258e-06,Baixo
1010,M15869,M,296.2,307.2,1385,44.0,5,0,0,0,0,0,0,0,5.97635e-05,Baixo
1011,M15870,M,296.2,307.2,1552,34.8,8,0,0,0,0,0,0,0,1.808173e-05,Baixo
1012,M15871,M,296.2,307.3,1451,42.8,11,0,0,0,0,0,0,0,3.11998e-05,Baixo
1013,M15872,M,296.1,307.1,1433,38.5,14,0,0,0,0,0,0,0,0.00018360783,Baixo
1014,M15873,M,296.1,307.2,1619,29.7,17,0,0,0,0,0,0,0,5.04482e-06,Baixo
1015,L48194,L,296.2,307.2,1445,41.8,20,0,0,0,0,0,0,0,7.2345747e-06,Baixo
1016,L48195,L,296.2,307.2,1356,43.6,22,0,0,0,0,0,0,0,1.2238774e-05,Baixo
1017,M15876,M,296.3,307.2,1319,68.3,24,1,0,0,1,0,0,1,0.9999471,Crítico
1018,L48197,L,296.3,307.2,1637,31.6,27,0,0,0,0,0,0,0,1.0072567e-05,Baixo
1019,L48198,L,296.3,307.2,1291,58.6,29,0,0,0,0,0,0,0,3.6530688e-05,Baixo
1020,L48199,L,296.3,307.3,1398,52.7,31,0,0,0,0,0,0,0,0.00011514399,Baixo
1021,L48200,L,296.3,307.3,1372,57.7,33,0,0,0,0,0,0,0,0.00037792764,Baixo
1022,M15881,M,296.3,307.2,1454,42.5,35,0,0,0,0,0,0,0,2.1673232e-07,Baixo
1023,L48202,L,296.2,307.2,1515,36.5,38,0,0,0,0,0,0,0,8.88663e-06,Baixo
1024,L48203,L,296.2,307.3,1881,24.3,40,0,0,0,0,0,0,0,0.0019364716,Baixo
1025,L48204,L,296.2,307.3,1711,29.9,42,0,0,0,0,0,0,0,7.4297286e-06,Baixo
1026,L48205,L,296.2,307.3,1475,37.0,44,0,0,0,0,0,0,0,0.00025278228,Baixo
1027,L48206,L,296.4,307.4,1512,36.8,46,0,0,0,0,0,0,0,8.88663e-06,Baixo
1028,M15887,M,296.3,307.4,1335,50.5,48,0,0,0,0,0,0,0,1.846413e-06,Baixo
1029,L48208,L,296.3,307.4,1472,39.9,51,0,0,0,0,0,0,0,9.9387335e-06,Baixo
1030,M15889,M,296.2,307.3,1477,35.2,53,0,0,0,0,0,0,0,0.00012260232,Baixo
1031,L48210,L,296.3,307.4,1760,28.4,56,0,0,0,0,0,0,0,6.5693175e-06,Baixo
1032,L48211,L,296.4,307.5,1549,36.1,58,0,0,0,0,0,0,0,2.995353e-05,Baixo
1033,L48212,L,296.3,307.4,1648,34.0,60,0,0,0,0,0,0,0,2.440853e-06,Baixo
1034,H30447,H,296.4,307.5,1556,38.0,62,0,0,0,0,0,0,0,1.5898473e-05,Baixo
1035,M15894,M,296.3,307.4,1958,19.1,67,0,0,0,0,0,0,0,2.4572473e-05,Baixo
1036,L48215,L,296.4,307.4,1403,48.4,70,0,0,0,0,0,0,0,1.7690589e-05,Baixo
1037,M15896,M,296.4,307.5,1684,31.4,72,0,0,0,0,0,0,0,2.116217e-05,Baixo
1038,H30451,H,296.4,307.5,1596,35.1,75,0,0,0,0,0,0,0,3.21679e-06,Baixo
1039,L48218,L,296.6,307.6,1498,41.1,80,0,0,0,0,0,0,0,6.359338e-06,Baixo
1040,L48219,L,296.7,307.7,1524,36.8,82,0,0,0,0,0,0,0,5.323758e-06,Baixo
1041,L48220,L,296.7,307.7,1502,43.9,84,0,0,0,0,0,0,0,2.1644241e-06,Baixo
1042,L48221,L,296.6,307.6,1809,25.1,86,0,0,0,0,0,0,0,3.508647e-05,Baixo
1043,L48222,L,296.6,307.6,1542,37.4,88,0,0,0,0,0,0,0,2.9567947e-05,Baixo
1044,L48223,L,296.5,307.6,1431,45.2,90,0,0,0,0,0,0,0,1.7288889e-05,Baixo
1045,L48224,L,296.5,307.6,1512,43.6,92,0,0,0,0,0,0,0,8.712679e-06,Baixo
1046,H30459,H,296.4,307.5,1403,52.8,94,0,0,0,0,0,0,0,0.000115796705,Baixo
1047,L48226,L,296.4,307.5,1331,47.8,99,0,0,0,0,0,0,0,5.5409822e-05,Baixo
1048,M15907,M,296.6,307.7,1474,52.6,101,0,0,0,0,0,0,0,0.0003369891,Baixo
1049,L48228,L,296.5,307.6,1607,33.5,104,0,0,0,0,0,0,0,1.2661925e-05,Baixo
1050,L48229,L,296.5,307.6,1415,44.2,106,0,0,0,0,0,0,0,4.806421e-06,Baixo
1051,L48230,L,296.6,307.6,1671,28.8,108,0,0,0,0,0,0,0,6.970614e-06,Baixo
1052,L48231,L,296.6,307.7,1556,37.7,110,0,0,0,0,0,0,0,4.557433e-05,Baixo
1053,L48232,L,296.7,307.7,1927,23.9,112,0,0,0,0,0,0,0,0.008751479,Baixo
1054,M15913,M,296.7,307.7,1597,32.1,114,0,0,0,0,0,0,0,2.6422875e-05,Baixo
1055,H30468,H,296.8,307.8,1627,30.5,117,0,0,0,0,0,0,0,0.00017129611,Baixo
1056,L48235,L,296.8,307.8,1480,39.4,122,0,0,0,0,0,0,0,2.8022167e-05,Baixo
1057,L48236,L,296.8,307.8,1565,39.5,124,0,0,0,0,0,0,0,1.9431664e-06,Baixo
1058,L48237,L,296.8,307.8,1573,36.4,126,0,0,0,0,0,0,0,2.6805556e-05,Baixo
1059,L48238,L,296.7,307.8,1605,31.3,128,0,0,0,0,0,0,0,1.2702375e-06,Baixo
1060,M15919,M,296.7,307.9,1874,21.3,130,0,0,0,0,0,0,0,8.227012e-05,Baixo
1061,H30474,H,296.7,307.9,1424,53.8,133,0,0,0,0,0,0,0,1.3863181e-05,Baixo
1062,L48241,L,296.7,307.9,1420,50.1,138,0,0,0,0,0,0,0,6.2605486e-06,Baixo
1063,L48242,L,296.8,307.9,1372,49.0,140,0,0,0,0,0,0,0,5.2249077e-05,Baixo
1064,M15923,M,296.8,307.8,1664,32.8,142,0,0,0,0,0,0,0,9.730955e-06,Baixo
1065,M15924,M,296.8,307.9,1409,44.3,145,0,0,0,0,0,0,0,1.1944189e-05,Baixo
1066,L48245,L,296.8,307.9,1718,25.2,148,0,0,0,0,0,0,0,6.3700995e-06,Baixo
1067,M15926,M,296.9,307.8,1544,40.3,150,0,0,0,0,0,0,0,8.736892e-06,Baixo
1068,L48247,L,296.9,307.8,1466,45.7,153,0,0,0,0,0,0,0,2.6183902e-06,Baixo
1069,L48248,L,296.8,307.8,1394,47.7,155,0,0,0,0,0,0,0,4.211218e-05,Baixo
1070,M15929,M,296.9,307.8,1840,24.6,157,0,0,0,0,0,0,0,2.5992531e-05,Baixo
1071,M15930,M,296.9,307.8,1477,37.2,160,0,0,0,0,0,0,0,0.0003884031,Baixo
1072,L48251,L,296.9,307.8,1425,49.1,163,0,0,0,0,0,0,0,5.244511e-06,Baixo
1073,M15932,M,297.0,307.9,1414,46.2,165,0,0,0,0,0,0,0,7.4671557e-06,Baixo
1074,L48253,L,297.0,307.8,1414,47.5,168,0,0,0,0,0,0,0,5.468833e-06,Baixo
1075,L48254,L,297.0,307.9,1595,31.7,170,0,0,0,0,0,0,0,4.4760884e-07,Baixo
1076,H30489,H,296.9,307.8,1345,54.5,172,0,0,0,0,0,0,0,5.1959573e-06,Baixo
1077,L48256,L,296.9,307.7,1653,35.9,177,0,0,0,0,0,0,0,6.6626517e-06,Baixo
1078,L48257,L,296.8,307.6,1547,36.5,179,0,0,0,0,0,0,0,2.6212881e-05,Baixo
1079,H30492,H,296.9,307.7,1656,30.8,181,0,0,0,0,0,0,0,3.470693e-05,Baixo
1080,L48259,L,297.0,307.7,1731,28.5,186,0,0,0,0,0,0,0,4.1423868e-05,Baixo
1081,L48260,L,297.0,307.8,1774,28.0,188,0,0,0,0,0,0,0,0.0010648724,Baixo
1082,L48261,L,297.0,307.8,1521,40.2,190,0,0,0,0,0,0,0,4.9235092e-05,Baixo
1083,H30496,H,297.1,307.9,1420,39.8,192,0,0,0,0,0,0,0,0.00019549046,Baixo
1084,L48263,L,297.0,307.8,1683,32.3,197,0,0,0,0,0,0,0,0.00010164021,Baixo
1085,M15944,M,297.0,307.7,1498,47.1,199,0,0,0,0,0,0,0,2.083554e-05,Baixo
1086,L48265,L,297.0,307.8,1385,56.4,202,1,0,0,0,1,0,1,0.9884127,Crítico
1087,L48266,L,297.0,307.9,1455,49.0,204,0,0,0,0,0,0,0,0.00038235498,Baixo
1088,H30501,H,296.9,307.8,1549,35.8,206,1,1,0,0,0,0,1,0.0003949719,Baixo
1089,M15948,M,296.9,307.8,1392,43.9,0,0,0,0,0,0,0,0,2.0954767e-06,Baixo
1090,M15949,M,296.9,307.7,2008,17.5,3,0,0,0,0,0,0,0,0.0021463833,Baixo
1091,L48270,L,296.9,307.7,1464,41.4,6,0,0,0,0,0,0,0,4.3714426e-06,Baixo
1092,L48271,L,297.0,307.7,1447,46.4,8,0,0,0,0,0,0,0,4.2483884e-05,Baixo
1093,M15952,M,296.9,307.6,1685,32.0,10,0,0,0,0,0,0,0,6.505427e-06,Baixo
1094,M15953,M,296.8,307.5,1443,39.2,13,0,0,0,0,0,0,0,7.8096e-06,Baixo
1095,L48274,L,296.9,307.5,1354,44.4,16,0,0,0,0,0,0,0,0.00029319472,Baixo
1096,L48275,L,296.9,307.5,2721,9.3,18,1,0,0,1,0,0,1,0.7769087,Alto
1097,L48276,L,297.0,307.6,1680,35.8,20,0,0,0,0,0,0,0,3.860507e-05,Baixo
1098,H30511,H,296.9,307.5,1397,48.3,22,0,0,0,0,0,0,0,3.4977907e-06,Baixo
1099,M15958,M,296.9,307.4,1521,37.9,27,0,0,0,0,0,0,0,2.89095e-06,Baixo
1100,M15959,M,296.8,307.4,1472,43.9,30,0,0,0,0,0,0,0,2.0604314e-06,Baixo
1101,H30514,H,296.8,307.5,1695,30.0,33,0,0,0,0,0,0,0,6.498055e-06,Baixo
1102,H30515,H,296.7,307.5,1607,33.6,38,0,0,0,0,0,0,0,1.0202765e-06,Baixo
1103,L48282,L,296.8,307.5,1347,54.8,43,0,0,0,0,0,0,0,2.0978356e-05,Baixo
1104,M15963,M,296.7,307.4,1540,38.7,45,0,0,0,0,0,0,0,1.1844562e-05,Baixo
1105,L48284,L,296.6,307.4,1389,42.7,48,0,0,0,0,0,0,0,1.2972665e-05,Baixo
1106,M15965,M,296.6,307.5,1734,27.0,50,0,0,0,0,0,0,0,6.3635234e-06,Baixo
1107,L48286,L,296.7,307.6,1540,38.6,53,0,0,0,0,0,0,0,3.7664738e-06,Baixo
1108,M15967,M,296.7,307.5,1515,42.1,55,0,0,0,0,0,0,0,1.3530689e-06,Baixo
1109,L48288,L,296.6,307.4,1504,45.8,58,0,0,0,0,0,0,0,3.605898e-06,Baixo
1110,L48289,L,296.6,307.5,1557,35.1,60,0,0,0,0,0,0,0,4.0867835e-06,Baixo
1111,L48290,L,296.5,307.4,1292,52.5,62,0,0,0,0,0,0,0,2.246944e-05,Baixo
1112,H30525,H,296.5,307.4,1432,49.2,64,0,0,0,0,0,0,0,2.3832515e-06,Baixo
1113,M15972,M,296.5,307.4,1350,55.6,69,0,0,0,0,0,0,0,0.00017515905,Baixo
1114,M15973,M,296.6,307.4,1790,25.8,72,0,0,0,0,0,0,0,2.6771553e-05,Baixo
1115,H30528,H,296.4,307.3,1540,37.4,75,0,0,0,0,0,0,0,7.451706e-05,Baixo
1116,M15975,M,296.4,307.3,2077,19.1,80,0,0,0,0,0,0,0,0.0005359639,Baixo
1117,L48296,L,296.4,307.3,1487,37.5,83,0,0,0,0,0,0,0,0.00045356646,Baixo
1118,L48297,L,296.5,307.4,1523,40.7,85,0,0,0,0,0,0,0,2.4971398e-05,Baixo
1119,L48298,L,296.5,307.5,1443,41.8,87,0,0,0,0,0,0,0,7.238846e-06,Baixo
1120,L48299,L,296.5,307.5,1340,59.1,89,0,0,0,0,0,0,0,0.0023016713,Baixo
1121,H30534,H,296.6,307.7,1654,31.0,91,0,0,0,0,0,0,0,1.4494602e-05,Baixo
1122,L48301,L,296.6,307.6,1459,40.2,96,0,0,0,0,0,0,0,6.4869714e-06,Baixo
1123,L48302,L,296.5,307.6,1541,38.5,98,0,0,0,0,0,0,0,1.1616168e-05,Baixo
1124,H30537,H,296.6,307.7,1386,62.3,100,1,0,0,1,0,0,1,0.48472583,Moderado
1125,M15984,M,296.7,307.8,1258,69.0,105,1,0,0,1,0,0,1,0.99995863,Crítico
1126,M15985,M,296.7,307.8,1375,51.4,108,0,0,0,0,0,0,0,7.405166e-05,Baixo
1127,L48306,L,296.8,307.9,1706,30.8,111,0,0,0,0,0,0,0,3.4392964e-05,Baixo
1128,M15987,M,296.7,307.8,1672,32.4,113,0,0,0,0,0,0,0,3.080493e-05,Baixo
1129,M15988,M,296.8,307.9,1843,25.2,116,0,0,0,0,0,0,0,2.9835672e-05,Baixo
1130,L48309,L,296.7,307.9,1690,29.6,119,0,0,0,0,0,0,0,1.0199427e-06,Baixo
1131,L48310,L,296.8,307.9,1413,46.5,121,0,0,0,0,0,0,0,8.575485e-06,Baixo
1132,L48311,L,296.8,307.9,1489,33.4,123,0,0,0,0,0,0,0,5.4730015e-05,Baixo
1133,L48312,L,296.8,307.9,1271,61.4,125,0,0,0,0,0,0,0,0.00067678554,Baixo
1134,M15993,M,296.8,307.9,1418,47.9,127,0,0,0,0,0,0,0,1.9524616e-06,Baixo
1135,M15994,M,296.9,307.8,1426,50.7,130,0,0,0,0,0,0,0,9.725639e-06,Baixo
1136,L48315,L,296.9,307.9,1535,39.2,133,0,0,0,0,0,0,0,3.1961797e-06,Baixo
1137,L48316,L,296.9,307.8,1557,38.1,135,0,0,0,0,0,0,0,9.50273e-06,Baixo
1138,L48317,L,296.9,307.8,1653,29.7,137,0,0,0,0,0,0,0,8.099791e-06,Baixo
1139,L48318,L,296.9,307.9,1435,41.6,139,0,0,0,0,0,0,0,1.0648536e-06,Baixo
1140,M15999,M,297.0,307.9,1569,33.3,141,0,0,0,0,0,0,0,1.0297416e-05,Baixo
1141,M16000,M,296.9,307.9,1385,44.8,144,0,0,0,0,0,0,0,3.2017728e-05,Baixo
1142,L48321,L,297.0,307.9,1635,31.6,147,0,0,0,0,0,0,0,1.6397098e-06,Baixo
1143,L48322,L,296.9,307.9,1423,43.9,149,0,0,0,0,0,0,0,2.3872617e-06,Baixo
1144,L48323,L,297.0,307.9,1479,39.2,151,0,0,0,0,0,0,0,1.0722809e-05,Baixo
1145,L48324,L,297.0,307.9,1296,69.1,153,1,0,0,1,0,0,1,0.97131395,Crítico
1146,L48325,L,297.0,307.8,1553,33.3,155,0,0,0,0,0,0,0,2.5142346e-05,Baixo
1147,L48326,L,297.0,307.9,1529,42.2,157,0,0,0,0,0,0,0,3.645638e-07,Baixo
1148,M16007,M,297.1,308.0,1690,25.6,159,0,0,0,0,0,0,0,2.8492226e-05,Baixo
1149,L48328,L,297.1,308.0,1348,58.0,162,0,0,0,0,0,0,0,9.764945e-05,Baixo
1150,L48329,L,297.2,308.1,1446,38.5,164,0,0,0,0,0,0,0,7.6063975e-06,Baixo
1151,L48330,L,297.1,307.9,1456,50.0,166,0,0,0,0,0,0,0,1.1686933e-06,Baixo
1152,L48331,L,297.0,307.9,1350,47.7,168,0,0,0,0,0,0,0,8.533226e-06,Baixo
1153,L48332,L,297.1,307.9,1507,38.3,170,0,0,0,0,0,0,0,9.515109e-06,Baixo
1154,H30567,H,297.0,307.9,1448,45.6,172,0,0,0,0,0,0,0,2.7914245e-06,Baixo
1155,L48334,L,296.9,307.9,1626,29.9,177,0,0,0,0,0,0,0,0.00030733904,Baixo
1156,H30569,H,297.0,307.9,1846,27.3,179,0,0,0,0,0,0,0,1.4464277e-05,Baixo
1157,H30570,H,297.0,307.8,1404,40.7,184,0,0,0,0,0,0,0,8.9592235e-05,Baixo
1158,L48337,L,297.0,307.8,1583,37.2,189,0,0,0,0,0,0,0,3.1981323e-05,Baixo
1159,L48338,L,297.0,307.9,1436,47.7,191,0,0,0,0,0,0,0,6.710669e-06,Baixo
1160,L48339,L,297.0,307.8,1609,35.6,193,0,0,0,0,0,0,0,0.00030121653,Baixo
1161,H30574,H,297.0,307.7,1834,23.8,195,0,0,0,0,0,0,0,1.7463695e-05,Baixo
1162,L48341,L,297.0,307.8,1316,61.2,200,1,0,0,0,1,0,1,0.99997056,Crítico
1163,L48342,L,296.9,307.8,1400,57.1,202,1,0,0,0,1,0,1,0.9984566,Crítico
1164,L48343,L,296.9,307.9,1367,47.1,204,0,0,0,0,0,0,0,0.03523516,Baixo
1165,L48344,L,297.1,308.1,1754,30.3,206,0,0,0,0,0,0,0,0.036765423,Baixo
1166,L48345,L,297.1,308.1,1487,34.6,208,0,0,0,0,0,0,0,0.061222065,Baixo
1167,M16026,M,297.1,308.1,1506,37.7,210,0,0,0,0,0,0,0,0.0012154735,Baixo
1168,L48347,L,297.0,308.1,1362,52.5,213,1,0,0,0,1,0,1,0.86171895,Crítico
1169,L48348,L,297.1,308.1,1584,36.8,215,0,0,0,0,0,0,0,0.025920497,Baixo
1170,L48349,L,297.0,308.1,1355,43.7,217,0,0,0,0,0,0,0,0.12568839,Baixo
1171,M16030,M,297.1,308.1,1823,24.3,219,0,0,0,0,0,0,0,0.005420744,Baixo
1172,H30585,H,297.0,308.1,1517,41.4,222,0,0,0,0,0,0,0,0.0006771894,Baixo
1173,L48352,L,297.1,308.1,1446,36.6,227,0,0,0,0,0,0,0,0.0769492,Baixo
1174,H30587,H,297.1,308.0,1559,38.8,229,0,0,0,0,0,0,0,0.13428873,Baixo
1175,M16034,M,297.1,308.1,1352,44.4,0,0,0,0,0,0,0,0,4.482408e-06,Baixo
1176,M16035,M,297.2,308.3,1578,37.8,3,0,0,0,0,0,0,0,1.6248097e-06,Baixo
1177,M16036,M,297.2,308.3,1429,42.0,6,0,0,0,0,0,0,0,1.0741124e-06,Baixo
1178,M16037,M,297.2,308.3,1604,39.4,9,0,0,0,0,0,0,0,1.119767e-06,Baixo
1179,L48358,L,297.3,308.5,1398,60.4,12,0,0,0,0,0,0,0,0.0037677416,Baixo
1180,L48359,L,297.3,308.4,1441,43.4,14,0,0,0,0,0,0,0,2.9463724e-06,Baixo
1181,H30594,H,297.3,308.4,1531,35.6,16,0,0,0,0,0,0,0,4.6908963e-06,Baixo
1182,L48361,L,297.2,308.3,1379,52.1,21,0,0,0,0,0,0,0,1.4163768e-05,Baixo
1183,L48362,L,297.3,308.3,1410,48.1,23,0,0,0,0,0,0,0,3.5931967e-06,Baixo
1184,L48363,L,297.3,308.4,1513,40.5,25,0,0,0,0,0,0,0,1.6306141e-05,Baixo
1185,L48364,L,297.3,308.5,1497,47.5,27,0,0,0,0,0,0,0,1.6939571e-06,Baixo
1186,L48365,L,297.3,308.4,1491,46.5,29,0,0,0,0,0,0,0,6.9382753e-07,Baixo
1187,L48366,L,297.3,308.4,1417,47.8,31,0,0,0,0,0,0,0,1.8536044e-06,Baixo
1188,M16047,M,297.4,308.6,1522,38.0,33,0,0,0,0,0,0,0,1.9557174e-06,Baixo
1189,L48368,L,297.3,308.4,1339,52.1,36,0,0,0,0,0,0,0,2.9742653e-06,Baixo
1190,M16049,M,297.2,308.3,1794,27.5,38,0,0,0,0,0,0,0,3.0220249e-06,Baixo
1191,L48370,L,297.2,308.4,1460,42.1,41,0,0,0,0,0,0,0,1.8345705e-06,Baixo
1192,M16051,M,297.2,308.3,1776,28.0,43,0,0,0,0,0,0,0,1.3642557e-07,Baixo
1193,M16052,M,297.2,308.3,1431,43.7,46,0,0,0,0,0,0,0,1.2128867e-06,Baixo
1194,L48373,L,297.1,308.2,1347,50.8,49,0,0,0,0,0,0,0,6.970461e-06,Baixo
1195,M16054,M,297.0,308.1,1507,43.1,51,0,0,0,0,0,0,0,5.246319e-07,Baixo
1196,M16055,M,297.0,308.0,1408,47.9,54,0,0,0,0,0,0,0,5.890893e-07,Baixo
1197,M16056,M,297.0,307.9,1493,34.7,57,0,0,0,0,0,0,0,3.8110609e-06,Baixo
1198,M16057,M,296.9,307.9,1441,47.6,60,0,0,0,0,0,0,0,9.684554e-06,Baixo
1199,H30612,H,296.9,307.9,1557,36.5,63,0,0,0,0,0,0,0,2.1285982e-07,Baixo
1200,M16059,M,296.9,307.9,1979,20.4,68,0,0,0,0,0,0,0,5.1235857e-05,Baixo
1201,M16060,M,296.9,308.0,1430,55.9,71,0,0,0,0,0,0,0,4.4173434e-05,Baixo
1202,L48381,L,296.9,308.0,1658,41.0,74,0,0,0,0,0,0,0,3.367937e-06,Baixo
1203,M16062,M,297.0,308.1,1355,51.4,76,0,0,0,0,0,0,0,5.887422e-06,Baixo
1204,H30617,H,297.0,308.1,1410,47.6,79,0,0,0,0,0,0,0,1.8172256e-06,Baixo
1205,L48384,L,296.9,308.0,1521,34.5,84,0,0,0,0,0,0,0,1.6378564e-05,Baixo
1206,L48385,L,296.8,308.0,1371,54.5,86,0,0,0,0,0,0,0,0.00037625822,Baixo
1207,H30620,H,296.9,308.0,1318,53.5,88,0,0,0,0,0,0,0,3.1652115e-05,Baixo
1208,M16067,M,297.0,308.1,1573,34.9,93,0,0,0,0,0,0,0,1.3121802e-05,Baixo
1209,L48388,L,297.0,308.1,1489,44.1,96,0,0,0,0,0,0,0,3.2180974e-06,Baixo
1210,H30623,H,297.0,308.1,2540,13.3,98,0,0,0,0,0,0,0,0.9647047,Crítico
1211,L48390,L,297.0,308.1,1537,39.0,103,0,0,0,0,0,0,0,1.9847125e-06,Baixo
1212,H30625,H,296.9,308.0,1416,46.9,105,0,0,0,0,0,0,0,9.59538e-06,Baixo
1213,L48392,L,296.9,307.9,1359,56.5,110,0,0,0,0,0,0,0,5.5748023e-05,Baixo
1214,M16073,M,296.8,307.8,1551,38.9,112,0,0,0,0,0,0,0,0.000111479785,Baixo
1215,M16074,M,296.8,307.8,1694,33.0,115,0,0,0,0,0,0,0,1.8295636e-05,Baixo
1216,L48395,L,296.8,307.9,1709,28.4,118,0,0,0,0,0,0,0,2.0748137e-06,Baixo
1217,L48396,L,296.9,308.0,1514,41.0,120,0,0,0,0,0,0,0,2.708211e-06,Baixo
1218,L48397,L,297.0,308.1,1455,43.5,122,0,0,0,0,0,0,0,1.4699584e-06,Baixo
1219,M16078,M,297.0,308.2,1702,30.7,124,0,0,0,0,0,0,0,9.5184794e-07,Baixo
1220,M16079,M,296.9,308.1,1357,41.8,127,0,0,0,0,0,0,0,3.7268346e-06,Baixo
1221,L48400,L,297.0,308.2,1577,29.4,130,0,0,0,0,0,0,0,4.388054e-06,Baixo
1223,L48402,L,297.0,308.3,1399,59.0,135,0,0,0,0,0,0,0,0.0077963704,Baixo
1224,L48403,L,297.0,308.3,1492,48.1,137,0,0,0,0,0,0,0,2.1207982e-06,Baixo
1225,L48404,L,297.1,308.3,1763,25.7,139,0,0,0,0,0,0,0,8.846668e-06,Baixo
1226,H30639,H,297.1,308.3,1492,41.5,141,0,0,0,0,0,0,0,6.82376e-07,Baixo
1227,L48406,L,297.1,308.4,1488,42.5,146,0,0,0,0,0,0,0,1.0682916e-06,Baixo
1228,L48407,L,297.1,308.4,1422,42.1,148,0,0,0,0,0,0,0,2.2808042e-06,Baixo
1229,M16088,M,297.1,308.4,1583,38.2,150,0,0,0,0,0,0,0,1.6014854e-05,Baixo
1230,L48409,L,297.1,308.4,1304,53.5,153,0,0,0,0,0,0,0,1.22723295e-05,Baixo
1231,M16090,M,297.1,308.4,1880,23.5,155,0,0,0,0,0,0,0,0.00028633903,Baixo
1232,M16091,M,297.2,308.5,1604,40.7,158,0,0,0,0,0,0,0,1.2871499e-06,Baixo
1233,L48412,L,297.2,308.6,1500,37.1,161,0,0,0,0,0,0,0,2.0009734e-06,Baixo
1234,M16093,M,297.2,308.5,1364,55.6,163,0,0,0,0,0,0,0,8.1343984e-05,Baixo
1235,H30648,H,297.2,308.5,2440,14.0,166,0,0,0,0,0,0,0,0.0028605706,Baixo
1236,H30649,H,297.1,308.4,1654,31.4,171,0,0,0,0,0,0,0,5.204852e-07,Baixo
1237,H30650,H,297.1,308.4,1359,46.6,176,0,0,0,0,0,0,0,1.0433254e-05,Baixo
1238,M16097,M,297.1,308.4,1502,37.3,181,0,0,0,0,0,0,0,7.748925e-05,Baixo
1239,M16098,M,297.1,308.4,1615,32.6,184,0,0,0,0,0,0,0,1.1237756e-06,Baixo
1240,H30653,H,297.2,308.5,1482,39.3,187,0,0,0,0,0,0,0,1.2151431e-06,Baixo
1241,L48420,L,297.2,308.6,1636,31.3,192,0,0,0,0,0,0,0,5.583809e-07,Baixo
1242,M16101,M,297.1,308.5,1621,32.4,194,0,0,0,0,0,0,0,0.0001526194,Baixo
1243,L48422,L,297.1,308.4,1468,44.4,197,0,0,0,0,0,0,0,8.788746e-06,Baixo
1244,M16103,M,297.1,308.4,1432,53.4,199,0,0,0,0,0,0,0,0.00018086073,Baixo
1245,L48424,L,297.1,308.4,1726,28.4,202,0,0,0,0,0,0,0,0.0344411,Baixo
1246,M16105,M,297.1,308.4,1588,33.4,204,0,0,0,0,0,0,0,0.0005264841,Baixo
1247,H30660,H,297.2,308.5,1653,33.3,207,0,0,0,0,0,0,0,0.00072576234,Baixo
1248,L48427,L,297.2,308.5,1513,42.9,212,0,0,0,0,0,0,0,0.00015076782,Baixo
1249,L48428,L,297.2,308.6,1489,40.2,214,0,0,0,0,0,0,0,3.6683312e-05,Baixo
1250,L48429,L,297.3,308.7,1467,36.8,216,0,0,0,0,0,0,0,0.015911477,Baixo
1251,L48430,L,297.3,308.7,1549,36.1,218,0,0,0,0,0,0,0,0.24750085,Baixo
1252,M16111,M,297.4,308.8,1359,48.7,220,0,0,0,0,0,0,0,0.03179715,Baixo
1253,L48432,L,297.5,308.8,1533,41.5,223,0,0,0,0,0,0,0,0.01957887,Baixo
1254,L48433,L,297.5,308.8,1309,57.3,0,0,0,0,0,0,0,0,3.53145e-05,Baixo
1255,H30668,H,297.5,308.8,1430,49.4,2,0,0,0,0,0,0,0,6.096641e-07,Baixo
1256,H30669,H,297.5,308.9,1419,50.7,7,0,0,0,0,0,0,0,2.4340486e-07,Baixo
1257,M16116,M,297.5,308.9,1535,37.7,12,0,0,0,0,0,0,0,2.8408795e-05,Baixo
1258,L48437,L,297.5,308.9,1466,43.0,15,0,0,0,0,0,0,0,2.3666046e-06,Baixo
1259,L48438,L,297.5,308.9,1427,50.4,17,0,0,0,0,0,0,0,1.9531974e-06,Baixo
1260,M16119,M,297.5,308.9,1280,48.5,19,0,0,0,0,0,0,0,3.4582794e-07,Baixo
1261,L48440,L,297.6,309.0,1528,33.8,22,0,0,0,0,0,0,0,1.8118303e-07,Baixo
1262,H30675,H,297.6,309.0,1885,25.2,24,0,0,0,0,0,0,0,3.8138878e-05,Baixo
1263,H30676,H,297.8,309.2,1648,33.0,29,0,0,0,0,0,0,0,2.842498e-08,Baixo
1264,L48443,L,297.8,309.2,1400,56.9,34,0,0,0,0,0,0,0,5.763213e-06,Baixo
1265,M16124,M,297.8,309.3,2243,15.7,36,0,0,0,0,0,0,0,0.0015447072,Baixo
1266,L48445,L,297.9,309.4,1558,35.7,39,0,0,0,0,0,0,0,2.0299426e-06,Baixo
1267,L48446,L,298.0,309.6,1633,34.8,41,0,0,0,0,0,0,0,8.1106144e-08,Baixo
1268,M16127,M,298.1,309.6,1549,38.7,43,0,0,0,0,0,0,0,4.8288234e-06,Baixo
1269,L48448,L,298.0,309.5,1496,45.8,46,0,0,0,0,0,0,0,8.162346e-07,Baixo
1270,L48449,L,298.1,309.5,1467,41.8,48,0,0,0,0,0,0,0,8.2479744e-07,Baixo
1271,M16130,M,298.0,309.4,1276,65.9,50,0,0,0,0,0,0,0,0.009113939,Baixo
1272,H30685,H,298.0,309.4,1490,40.5,53,0,0,0,0,0,0,0,4.0291614e-08,Baixo
1273,H30686,H,298.0,309.4,1562,38.1,58,0,0,0,0,0,0,0,4.7706953e-07,Baixo
1274,L48453,L,298.1,309.4,1397,48.2,63,0,0,0,0,0,0,0,5.1094892e-05,Baixo
1275,H30688,H,298.1,309.5,1530,40.2,65,0,0,0,0,0,0,0,1.429443e-06,Baixo
1276,M16135,M,298.1,309.4,1362,47.6,70,0,0,0,0,0,0,0,1.8322893e-05,Baixo
1277,M16136,M,298.2,309.4,1693,34.4,73,0,0,0,0,0,0,0,4.248741e-07,Baixo
1278,M16137,M,298.2,309.4,1408,46.5,76,0,0,0,0,0,0,0,2.6101952e-06,Baixo
1279,L48458,L,298.2,309.4,1398,52.9,79,0,0,0,0,0,0,0,0.0002479186,Baixo
1280,M16139,M,298.3,309.6,1531,40.1,81,0,0,0,0,0,0,0,3.927303e-06,Baixo
1281,H30694,H,298.3,309.5,1521,37.1,84,0,0,0,0,0,0,0,4.687126e-07,Baixo
1282,H30695,H,298.3,309.5,1427,54.3,89,0,0,0,0,0,0,0,0.00023757094,Baixo
1283,L48462,L,298.3,309.4,1546,36.1,94,0,0,0,0,0,0,0,1.5914135e-06,Baixo
1284,L48463,L,298.3,309.4,1356,45.4,96,0,0,0,0,0,0,0,0.00081113173,Baixo
1285,L48464,L,298.4,309.5,2153,15.3,98,1,0,0,1,0,0,1,0.00046098037,Baixo
1286,M16145,M,298.5,309.6,1492,41.7,100,0,0,0,0,0,0,0,3.3661133e-06,Baixo
1287,L48466,L,298.5,309.6,1582,40.3,103,0,0,0,0,0,0,0,9.863666e-06,Baixo
1288,L48467,L,298.5,309.6,1419,41.5,105,0,0,0,0,0,0,0,0.00026732348,Baixo
1289,M16148,M,298.5,309.6,1441,48.2,107,0,0,0,0,0,0,0,1.9051125e-05,Baixo
1290,M16149,M,298.6,309.7,1635,32.2,110,0,0,0,0,0,0,0,1.2348676e-06,Baixo
1291,L48470,L,298.6,309.7,1429,45.8,113,0,0,0,0,0,0,0,2.292108e-06,Baixo
1292,M16151,M,298.6,309.7,1675,28.4,115,0,0,0,0,0,0,0,2.5575218e-05,Baixo
1293,M16152,M,298.7,309.7,1868,23.8,118,0,0,0,0,0,0,0,1.5385431e-06,Baixo
1294,H30707,H,298.7,309.8,1582,33.4,121,0,0,0,0,0,0,0,2.1906617e-07,Baixo
1295,L48474,L,298.8,309.9,1486,40.3,126,0,0,0,0,0,0,0,8.671217e-06,Baixo
1296,L48475,L,298.7,309.8,1402,54.3,128,0,0,0,0,0,0,0,1.6860526e-05,Baixo
1297,L48476,L,298.7,309.9,1621,34.1,130,0,0,0,0,0,0,0,3.6207217e-07,Baixo
1298,L48477,L,298.8,309.9,1428,42.4,132,0,0,0,0,0,0,0,1.9548354e-06,Baixo
1299,M16158,M,298.7,309.8,1343,53.6,134,0,0,0,0,0,0,0,9.271516e-06,Baixo
1300,M16159,M,298.7,309.9,1458,40.2,137,0,0,0,0,0,0,0,3.2528962e-06,Baixo
1301,L48480,L,298.7,309.8,1322,57.0,140,0,0,0,0,0,0,0,2.651296e-05,Baixo
1302,L48481,L,298.7,309.9,1483,32.8,142,0,0,0,0,0,0,0,2.0707416e-06,Baixo
1304,L48483,L,298.7,309.9,1593,42.5,146,0,0,0,0,0,0,0,2.8048822e-07,Baixo
1305,L48484,L,298.8,310.0,2098,19.6,148,0,0,0,0,0,0,0,0.00017531225,Baixo
1306,L48485,L,298.8,310.0,1672,30.4,150,0,0,0,0,0,0,0,2.1495687e-05,Baixo
1307,L48486,L,298.8,310.0,1487,41.4,152,0,0,0,0,0,0,0,4.0498102e-07,Baixo
1308,L48487,L,298.8,310.0,1423,42.1,154,0,0,0,0,0,0,0,6.648217e-07,Baixo
1309,L48488,L,298.9,310.1,1750,25.0,156,0,0,0,0,0,0,0,2.5344764e-06,Baixo
1310,L48489,L,298.9,310.2,1654,31.1,158,0,0,0,0,0,0,0,6.070655e-07,Baixo
1311,L48490,L,298.9,310.2,1498,50.2,160,0,0,0,0,0,0,0,1.8250794e-06,Baixo
1312,L48491,L,298.9,310.1,1587,30.2,162,0,0,0,0,0,0,0,1.1866775e-06,Baixo
1313,L48492,L,298.9,310.1,1473,42.6,164,0,0,0,0,0,0,0,2.2820741e-07,Baixo
1314,L48493,L,298.9,310.2,1359,56.9,166,0,0,0,0,0,0,0,0.0003187426,Baixo
1315,M16174,M,299.0,310.3,1635,34.5,168,0,0,0,0,0,0,0,4.3154387e-07,Baixo
1316,L48495,L,299.0,310.3,1520,45.0,171,0,0,0,0,0,0,0,8.8896377e-07,Baixo
1317,L48496,L,299.0,310.3,1507,36.7,173,0,0,0,0,0,0,0,7.82245e-06,Baixo
1318,L48497,L,299.0,310.3,1428,46.3,175,0,0,0,0,0,0,0,1.0353307e-05,Baixo
1319,M16178,M,299.0,310.3,1582,33.3,177,0,0,0,0,0,0,0,1.436486e-07,Baixo
1320,L48499,L,299.0,310.3,1929,24.4,180,0,0,0,0,0,0,0,0.0011226353,Baixo
1321,M16180,M,299.0,310.3,1540,38.1,182,0,0,0,0,0,0,0,1.0545621e-05,Baixo
1322,L48501,L,298.9,310.2,1362,53.0,185,0,0,0,0,0,0,0,0.00016221926,Baixo
1323,H30736,H,298.9,310.1,1452,49.9,187,0,0,0,0,0,0,0,3.0915016e-06,Baixo
1324,L48503,L,298.9,310.1,1361,51.7,192,0,0,0,0,0,0,0,0.00032755276,Baixo
1325,M16184,M,298.8,310.1,1243,74.5,194,1,0,0,1,1,0,2,0.9675627,Crítico
1326,H30739,H,298.8,310.1,1567,36.8,197,0,0,0,0,0,0,0,1.2233122e-07,Baixo
1327,L48506,L,298.9,310.2,1411,46.5,202,0,0,0,0,0,0,0,0.0003163021,Baixo
1328,L48507,L,298.8,310.2,1814,26.8,204,0,0,0,0,0,0,0,7.886872e-05,Baixo
1329,M16188,M,298.8,310.1,1719,28.8,206,0,0,0,0,0,0,0,0.0008783784,Baixo
1330,H30743,H,298.8,310.2,1663,30.4,209,0,0,0,0,0,0,0,0.00010553498,Baixo
1331,L48510,L,298.9,310.2,1696,30.2,214,0,0,0,0,0,0,0,0.004208058,Baixo
1332,H30745,H,298.9,310.2,1771,26.8,216,0,0,0,0,0,0,0,0.011076599,Baixo
1333,L48512,L,299.0,310.3,1868,24.0,221,0,0,0,0,0,0,0,0.051421277,Baixo
1334,M16193,M,299.0,310.3,1558,35.4,223,0,0,0,0,0,0,0,0.00083164306,Baixo
1335,L48514,L,299.0,310.4,1365,49.1,226,1,0,0,0,1,0,1,0.9809364,Crítico
1336,L48515,L,299.0,310.4,1371,53.8,228,1,0,0,0,1,0,1,0.9999949,Crítico
1337,L48516,L,298.9,310.3,1583,32.6,230,0,0,0,0,0,0,0,0.026893206,Baixo
1338,H30751,H,298.7,310.2,1613,36.0,0,0,0,0,0,0,0,0,8.1166654e-08,Baixo
1339,L48518,L,298.6,310.1,1721,27.2,5,0,0,0,0,0,0,0,1.5320964e-05,Baixo
1340,M16199,M,298.6,310.2,1668,31.5,7,0,0,0,0,0,0,0,6.4068035e-07,Baixo
1341,L48520,L,298.6,310.2,1569,36.3,10,0,0,0,0,0,0,0,8.397348e-08,Baixo
1342,M16201,M,298.6,310.2,1328,50.5,12,0,0,0,0,0,0,0,2.5698164e-06,Baixo
1343,M16202,M,298.6,310.1,1596,33.0,15,0,0,0,0,0,0,0,6.4056366e-07,Baixo
1344,L48523,L,298.5,310.2,1676,32.7,18,0,0,0,0,0,0,0,1.1432521e-07,Baixo
1345,L48524,L,298.5,310.1,1809,28.9,20,0,0,0,0,0,0,0,1.1911494e-06,Baixo
1346,L48525,L,298.5,310.0,1804,26.1,22,0,0,0,0,0,0,0,2.3874736e-06,Baixo
1347,L48526,L,298.6,310.1,1533,33.9,24,0,0,0,0,0,0,0,1.5152203e-07,Baixo
1348,L48527,L,298.7,310.2,1717,27.3,26,0,0,0,0,0,0,0,2.1110275e-06,Baixo
1349,L48528,L,298.7,310.2,1363,45.5,28,0,0,0,0,0,0,0,3.6123496e-05,Baixo
1350,L48529,L,298.7,310.2,1402,45.9,30,0,0,0,0,0,0,0,3.1998975e-06,Baixo
1351,L48530,L,298.7,310.2,1436,47.5,32,0,0,0,0,0,0,0,1.4674176e-06,Baixo
1352,L48531,L,298.7,310.2,1525,43.7,34,0,0,0,0,0,0,0,1.139205e-06,Baixo
1353,M16212,M,298.7,310.2,1598,33.3,36,0,0,0,0,0,0,0,4.3053216e-08,Baixo
1354,M16213,M,298.6,310.1,1444,48.1,39,0,0,0,0,0,0,0,7.172809e-07,Baixo
1355,L48534,L,298.6,310.0,1334,48.0,42,0,0,0,0,0,0,0,3.393077e-06,Baixo
1356,M16215,M,298.6,310.0,1681,35.5,44,0,0,0,0,0,0,0,4.113585e-08,Baixo
1357,L48536,L,298.6,309.9,1593,37.4,47,0,0,0,0,0,0,0,1.8838629e-06,Baixo
1358,L48537,L,298.6,309.9,1461,45.7,49,0,0,0,0,0,0,0,2.197622e-06,Baixo
1359,M16218,M,298.7,310.1,1693,31.9,51,0,0,0,0,0,0,0,1.1649273e-07,Baixo
1360,L48539,L,298.7,310.2,1404,50.3,54,0,0,0,0,0,0,0,2.0902232e-06,Baixo
1361,H30774,H,298.8,310.2,1707,27.6,56,0,0,0,0,0,0,0,3.0192894e-07,Baixo
1362,M16221,M,298.6,310.1,1458,41.9,61,0,0,0,0,0,0,0,1.3783629e-06,Baixo
1363,L48542,L,298.6,310.0,1517,41.2,64,0,0,0,0,0,0,0,2.0888683e-06,Baixo
1364,L48543,L,298.7,310.1,1433,54.6,66,0,0,0,0,0,0,0,6.2952795e-06,Baixo
1365,L48544,L,298.7,310.2,1566,33.1,68,0,0,0,0,0,0,0,1.2252916e-06,Baixo
1366,L48545,L,298.7,310.1,1676,33.5,70,0,0,0,0,0,0,0,6.395766e-07,Baixo
1367,M16226,M,298.7,310.1,1368,56.8,72,0,0,0,0,0,0,0,2.536059e-05,Baixo
1368,M16227,M,298.8,310.2,1581,37.5,75,0,0,0,0,0,0,0,1.6671906e-06,Baixo
1369,H30782,H,298.8,310.3,1708,27.1,78,0,0,0,0,0,0,0,4.7877603e-07,Baixo
1370,M16229,M,298.7,310.3,1481,41.5,83,0,0,0,0,0,0,0,4.5077888e-07,Baixo
1371,L48550,L,298.7,310.3,1451,40.0,86,0,0,0,0,0,0,0,1.4638209e-05,Baixo
1372,M16231,M,298.7,310.3,1495,38.7,88,0,0,0,0,0,0,0,1.2312538e-05,Baixo
1373,M16232,M,298.8,310.3,1573,41.8,91,0,0,0,0,0,0,0,2.998496e-06,Baixo
1374,M16233,M,298.8,310.3,1366,59.0,94,0,0,0,0,0,0,0,0.0001937964,Baixo
1375,L48554,L,298.8,310.3,1553,36.8,97,0,0,0,0,0,0,0,4.631146e-06,Baixo
1376,M16235,M,298.8,310.3,1528,37.1,99,0,0,0,0,0,0,0,4.007112e-06,Baixo
1377,M16236,M,298.8,310.2,1527,31.2,102,0,0,0,0,0,0,0,1.2561167e-06,Baixo
1378,L48557,L,298.8,310.2,1461,46.7,105,0,0,0,0,0,0,0,5.014138e-05,Baixo
1379,H30792,H,298.8,310.2,1455,44.9,107,0,0,0,0,0,0,0,1.0391105e-06,Baixo
1380,L48559,L,298.7,310.1,1620,34.8,112,0,0,0,0,0,0,0,3.0052416e-07,Baixo
1381,L48560,L,298.7,310.1,1786,27.7,114,0,0,0,0,0,0,0,5.8594334e-05,Baixo
1382,M16241,M,298.8,310.2,1583,35.7,116,0,0,0,0,0,0,0,1.8537528e-06,Baixo
1383,L48562,L,298.8,310.1,1653,30.3,119,0,0,0,0,0,0,0,9.273992e-06,Baixo
1384,M16243,M,298.9,310.2,1331,49.0,121,0,0,0,0,0,0,0,0.0001187044,Baixo
1385,L48564,L,298.9,310.3,1484,43.8,124,0,0,0,0,0,0,0,6.274795e-07,Baixo
1386,M16245,M,298.9,310.2,1603,36.1,126,0,0,0,0,0,0,0,1.2327425e-06,Baixo
1387,L48566,L,298.9,310.2,1445,40.0,129,0,0,0,0,0,0,0,4.097324e-06,Baixo
1388,L48567,L,298.9,310.1,1823,26.1,131,0,0,0,0,0,0,0,6.341083e-05,Baixo
1389,H30802,H,298.9,310.1,1491,45.3,133,0,0,0,0,0,0,0,3.3720166e-08,Baixo
1390,L48569,L,298.9,310.2,1533,42.8,138,0,0,0,0,0,0,0,4.459905e-07,Baixo
1391,L48570,L,298.9,310.2,1409,54.8,140,0,0,0,0,0,0,0,2.4416843e-06,Baixo
1392,L48571,L,298.9,310.2,2737,8.8,142,1,0,0,1,0,0,1,0.99974626,Crítico
1393,M16252,M,299.0,310.3,1494,46.6,144,0,0,0,0,0,0,0,4.954407e-06,Baixo
1394,L48573,L,299.1,310.4,1594,33.3,147,0,0,0,0,0,0,0,1.8311101e-07,Baixo
1395,L48574,L,299.1,310.4,1527,44.0,149,0,0,0,0,0,0,0,9.479038e-07,Baixo
1396,L48575,L,299.1,310.4,1452,39.7,151,0,0,0,0,0,0,0,3.1484587e-06,Baixo
1397,L48576,L,299.0,310.3,1483,39.2,153,0,0,0,0,0,0,0,3.3391727e-06,Baixo
1398,L48577,L,299.1,310.2,1569,38.2,155,0,0,0,0,0,0,0,1.4961544e-06,Baixo
1399,L48578,L,299.1,310.3,1472,46.6,157,0,0,0,0,0,0,0,6.031517e-07,Baixo
1400,L48579,L,299.0,310.2,1533,43.5,159,0,0,0,0,0,0,0,1.2217398e-06,Baixo
1401,H30814,H,298.9,310.1,1366,62.7,161,0,0,0,0,0,0,0,0.8439399,Crítico
1402,H30815,H,298.9,310.2,1532,37.7,166,0,0,0,0,0,0,0,3.1968548e-07,Baixo
1403,M16262,M,298.9,310.1,1313,56.8,171,0,0,0,0,0,0,0,1.9516428e-05,Baixo
1404,L48583,L,299.0,310.2,1372,48.0,174,0,0,0,0,0,0,0,0.00031538488,Baixo
1405,M16264,M,298.9,310.1,1555,40.6,176,0,0,0,0,0,0,0,2.2289641e-06,Baixo
1406,L48585,L,298.9,310.1,1394,42.7,179,0,0,0,0,0,0,0,1.8110395e-05,Baixo
1407,L48586,L,298.9,310.1,1442,48.0,181,0,0,0,0,0,0,0,1.2739115e-05,Baixo
1408,L48587,L,298.9,310.0,1564,33.8,183,0,0,0,0,0,0,0,7.4434695e-07,Baixo
1409,L48588,L,298.9,310.0,1452,48.9,185,0,0,0,0,0,0,0,3.339606e-05,Baixo
1410,L48589,L,298.9,310.1,1466,42.5,187,0,0,0,0,0,0,0,8.648478e-07,Baixo
1411,M16270,M,298.9,310.1,1469,53.2,189,0,0,0,0,0,0,0,1.48605595e-05,Baixo
1412,L48591,L,298.9,310.1,1944,23.4,192,0,0,0,0,0,0,0,0.00073875795,Baixo
1413,M16272,M,298.8,309.9,1415,53.2,194,0,0,0,0,0,0,0,1.6961305e-05,Baixo
1414,M16273,M,298.7,309.8,1528,36.7,197,0,0,0,0,0,0,0,1.7817205e-06,Baixo
1415,M16274,M,298.7,309.8,1570,42.1,200,0,0,0,0,0,0,0,1.9992892e-06,Baixo
1416,L48595,L,298.7,309.9,1617,33.0,203,0,0,0,0,0,0,0,2.4366771e-05,Baixo
1417,M16276,M,298.7,309.9,2083,18.2,205,0,0,0,0,0,0,0,0.66745234,Alto
1418,L48597,L,298.7,309.9,1541,38.5,208,0,0,0,0,0,0,0,0.018602114,Baixo
1419,L48598,L,298.8,309.9,1320,47.4,210,0,0,0,0,0,0,0,0.23976138,Baixo
1420,L48599,L,298.7,309.8,1354,53.3,212,1,0,0,0,1,0,1,0.986217,Crítico
1421,M16280,M,298.8,309.9,1495,35.2,214,0,0,0,0,0,0,0,9.711929e-05,Baixo
1422,L48601,L,298.7,309.8,1589,31.8,217,0,0,0,0,0,0,0,0.00041271214,Baixo
1423,L48602,L,298.7,309.8,1530,35.5,0,0,0,0,0,0,0,0,3.2347928e-06,Baixo
1424,L48603,L,298.7,309.8,1539,33.4,2,0,0,0,0,0,0,0,2.937482e-07,Baixo
1425,L48604,L,298.7,309.7,1462,46.8,4,0,0,0,0,0,0,0,1.9414145e-05,Baixo
1426,L48605,L,298.6,309.7,1356,54.0,6,0,0,0,0,0,0,0,0.00016310567,Baixo
1427,M16286,M,298.7,309.7,1622,34.6,8,0,0,0,0,0,0,0,4.058904e-08,Baixo
1428,L48607,L,298.7,309.8,1394,40.3,11,0,0,0,0,0,0,0,9.988685e-06,Baixo
1429,L48608,L,298.8,309.9,1568,33.7,13,0,0,0,0,0,0,0,8.582691e-08,Baixo
1430,M16289,M,298.9,310.0,1456,43.8,15,0,0,0,0,0,0,0,3.0373883e-07,Baixo
1431,L48610,L,298.9,310.0,1378,49.3,18,0,0,0,0,0,0,0,0.00023457175,Baixo
1432,M16291,M,298.9,309.9,1404,41.4,20,0,0,0,0,0,0,0,3.6191893e-06,Baixo
1433,L48612,L,298.8,309.8,1437,42.8,23,0,0,0,0,0,0,0,6.456181e-06,Baixo
1434,L48613,L,298.8,309.8,1363,44.0,25,0,0,0,0,0,0,0,2.790528e-05,Baixo
1435,M16294,M,298.8,309.8,1377,49.6,27,0,0,0,0,0,0,0,5.5421597e-06,Baixo
1436,H30849,H,298.8,309.9,1526,42.1,30,0,0,0,0,0,0,0,4.8723845e-08,Baixo
1437,H30850,H,298.8,309.8,1510,44.2,35,0,0,0,0,0,0,0,1.00308526e-07,Baixo
1439,L48618,L,298.8,309.9,1482,39.1,45,0,0,0,0,0,0,0,1.3951453e-06,Baixo
1440,M16299,M,298.8,309.8,1534,37.0,47,0,0,0,0,0,0,0,3.1761965e-07,Baixo
1441,M16300,M,298.8,309.9,1741,27.7,50,0,0,0,0,0,0,0,5.0944834e-07,Baixo
1442,L48621,L,298.8,309.9,1550,38.8,53,0,0,0,0,0,0,0,4.8554034e-07,Baixo
1443,M16302,M,298.8,310.0,1486,38.5,55,0,0,0,0,0,0,0,1.1648266e-06,Baixo
1444,L48623,L,298.9,310.1,1602,38.2,58,0,0,0,0,0,0,0,2.23642e-07,Baixo
1445,L48624,L,299.0,310.2,1477,37.9,60,0,0,0,0,0,0,0,1.4099214e-05,Baixo
1446,L48625,L,299.0,310.1,1618,29.2,62,0,0,0,0,0,0,0,5.192368e-07,Baixo
1447,M16306,M,299.0,310.2,1628,35.8,64,0,0,0,0,0,0,0,3.3090555e-07,Baixo
1448,M16307,M,299.0,310.3,1662,33.6,67,0,0,0,0,0,0,0,5.5363785e-07,Baixo
1449,M16308,M,299.0,310.3,1657,31.0,70,0,0,0,0,0,0,0,1.1906156e-06,Baixo
1450,H30863,H,299.0,310.4,1677,30.8,73,0,0,0,0,0,0,0,2.1704568e-07,Baixo
1451,M16310,M,299.0,310.3,1447,39.9,78,0,0,0,0,0,0,0,1.7022501e-06,Baixo
1452,L48631,L,298.9,310.4,1831,25.4,81,0,0,0,0,0,0,0,4.787404e-07,Baixo
1453,L48632,L,299.0,310.3,1584,34.4,83,0,0,0,0,0,0,0,3.7434262e-08,Baixo
1454,L48633,L,299.1,310.4,1450,40.9,85,0,0,0,0,0,0,0,3.0802756e-05,Baixo
1455,L48634,L,299.1,310.4,1428,46.9,87,0,0,0,0,0,0,0,1.8387585e-06,Baixo
1456,L48635,L,299.0,310.4,1382,53.0,89,0,0,0,0,0,0,0,1.1467913e-05,Baixo
1457,L48636,L,299.0,310.3,1501,43.0,91,0,0,0,0,0,0,0,1.8525618e-06,Baixo
1458,L48637,L,299.0,310.3,1475,42.4,93,0,0,0,0,0,0,0,8.1085557e-07,Baixo
1459,L48638,L,298.9,310.3,1364,54.0,95,0,0,0,0,0,0,0,0.00016415743,Baixo
1460,L48639,L,299.0,310.3,1472,36.1,97,0,0,0,0,0,0,0,2.818584e-06,Baixo
1461,L48640,L,299.0,310.3,1437,47.8,99,0,0,0,0,0,0,0,6.0309526e-06,Baixo
1462,L48641,L,298.9,310.2,1491,45.1,101,0,0,0,0,0,0,0,1.3002475e-06,Baixo
1463,L48642,L,298.9,310.2,1706,27.6,103,0,0,0,0,0,0,0,3.9130555e-06,Baixo
1464,L48643,L,298.8,310.1,1607,39.5,105,0,0,0,0,0,0,0,8.952869e-07,Baixo
1465,L48644,L,298.8,310.0,1412,46.3,107,0,0,0,0,0,0,0,9.385628e-06,Baixo
1466,L48645,L,298.7,309.8,1546,40.9,109,0,0,0,0,0,0,0,3.0146273e-06,Baixo
1467,L48646,L,298.7,309.8,1365,50.5,111,0,0,0,0,0,0,0,0.0004711544,Baixo
1468,L48647,L,298.6,309.8,1544,30.2,113,0,0,0,0,0,0,0,5.4318214e-05,Baixo
1469,M16328,M,298.6,309.8,1419,44.9,115,0,0,0,0,0,0,0,2.0532621e-05,Baixo
1470,L48649,L,298.6,309.8,1497,41.6,118,0,0,0,0,0,0,0,1.1408227e-06,Baixo
1471,L48650,L,298.5,309.7,1437,42.6,120,0,0,0,0,0,0,0,4.457381e-06,Baixo
1472,L48651,L,298.5,309.6,1421,53.6,122,0,0,0,0,0,0,0,0.00011339787,Baixo
1473,M16332,M,298.5,309.6,1438,44.5,124,0,0,0,0,0,0,0,3.946903e-06,Baixo
1474,M16333,M,298.5,309.5,1315,48.9,127,0,0,0,0,0,0,0,2.917798e-05,Baixo
1475,M16334,M,298.5,309.5,1366,61.9,130,0,0,0,0,0,0,0,0.03325597,Baixo
1476,M16335,M,298.4,309.5,1519,35.4,133,0,0,0,0,0,0,0,2.8397772e-05,Baixo
1477,L48656,L,298.4,309.5,1692,28.3,136,0,0,0,0,0,0,0,0.00010873774,Baixo
1478,L48657,L,298.3,309.4,1570,35.6,138,0,0,0,0,0,0,0,4.3499385e-06,Baixo
1479,L48658,L,298.3,309.4,1568,35.8,140,0,0,0,0,0,0,0,2.277328e-07,Baixo
1480,L48659,L,298.2,309.3,1355,43.8,142,0,0,0,0,0,0,0,2.5138875e-06,Baixo
1481,M16340,M,298.2,309.3,2056,18.7,144,0,0,0,0,0,0,0,7.2094525e-05,Baixo
1482,M16341,M,298.2,309.2,1332,60.2,147,0,0,0,0,0,0,0,8.1517255e-06,Baixo
1483,M16342,M,298.1,309.1,1448,52.5,150,0,0,0,0,0,0,0,1.8890076e-05,Baixo
1484,L48663,L,298.0,308.9,1578,35.6,153,0,0,0,0,0,0,0,6.9630396e-06,Baixo
1485,M16344,M,298.0,309.0,1562,39.2,155,0,0,0,0,0,0,0,3.6405095e-07,Baixo
1486,M16345,M,298.1,309.0,1976,19.3,158,0,0,0,0,0,0,0,1.1819906e-05,Baixo
1487,M16346,M,298.2,309.2,1524,34.6,161,0,0,0,0,0,0,0,4.4939333e-07,Baixo
1488,L48667,L,298.2,309.1,1429,48.5,164,0,0,0,0,0,0,0,3.3579232e-07,Baixo
1489,L48668,L,298.2,309.1,1568,36.3,166,0,0,0,0,0,0,0,1.3816528e-07,Baixo
1490,M16349,M,298.2,309.0,1723,26.6,168,0,0,0,0,0,0,0,1.1006209e-06,Baixo
1491,L48670,L,298.2,309.0,1341,43.8,171,0,0,0,0,0,0,0,1.7376425e-06,Baixo
1492,M16351,M,298.1,308.9,1353,46.2,173,0,0,0,0,0,0,0,1.3281932e-05,Baixo
1493,M16352,M,298.0,308.7,1479,58.5,176,1,0,0,1,0,0,1,2.761266e-05,Baixo
1494,L48673,L,298.0,308.8,1496,44.9,179,0,0,0,0,0,0,0,1.6949776e-05,Baixo
1495,M16354,M,298.0,308.7,1377,48.5,181,0,0,0,0,0,0,0,2.6797322e-06,Baixo
1496,H30909,H,297.9,308.5,1383,44.6,184,0,0,0,0,0,0,0,1.1746405e-05,Baixo
1497,L48676,L,298.0,308.7,1268,69.4,189,1,0,0,1,1,0,2,0.99998736,Crítico
1498,L48677,L,298.0,308.7,1629,34.3,191,0,0,0,0,0,0,0,2.6184252e-06,Baixo
1499,L48678,L,298.0,308.8,1790,27.2,193,0,0,0,0,0,0,0,1.5729855e-06,Baixo
1500,M16359,M,298.1,308.8,2206,16.3,195,0,0,0,0,0,0,0,0.00028966996,Baixo
1501,M16360,M,298.0,308.7,2101,17.4,198,0,0,0,0,0,0,0,0.18941271,Baixo
1502,M16361,M,298.0,308.7,1436,48.2,201,0,0,0,0,0,0,0,7.2471767e-06,Baixo
1503,L48682,L,298.0,308.7,1462,48.2,204,0,0,0,0,0,0,0,1.848152e-05,Baixo
1504,L48683,L,298.0,308.7,1771,26.2,206,0,0,0,0,0,0,0,0.004291039,Baixo
1505,L48684,L,298.0,308.7,1506,47.0,208,0,0,0,0,0,0,0,0.0014764604,Baixo
1506,L48685,L,298.0,308.7,1626,36.7,210,0,0,0,0,0,0,0,0.00046395403,Baixo
1507,L48686,L,298.0,308.8,1610,33.7,212,0,0,0,0,0,0,0,0.00010148844,Baixo
1508,M16367,M,298.0,308.6,1376,55.7,214,0,0,0,0,0,0,0,0.48757505,Moderado
1509,M16368,M,298.0,308.6,1507,37.3,217,0,0,0,0,0,0,0,0.10296493,Baixo
1510,L48689,L,298.0,308.5,1429,37.7,220,1,1,0,0,0,0,1,0.003127626,Baixo
1511,M16370,M,298.1,308.7,1547,38.9,0,0,0,0,0,0,0,0,8.02152e-06,Baixo
1512,L48691,L,298.1,308.7,1642,30.3,3,0,0,0,0,0,0,0,3.5015623e-06,Baixo
1513,H30926,H,298.0,308.7,1503,36.3,5,0,0,0,0,0,0,0,5.0243915e-07,Baixo
1514,L48693,L,298.1,308.7,1568,32.9,10,0,0,0,0,0,0,0,2.2268882e-06,Baixo
1515,M16374,M,298.1,308.8,1628,37.6,12,0,0,0,0,0,0,0,4.046786e-06,Baixo
1516,M16375,M,298.2,308.9,1614,35.5,15,0,0,0,0,0,0,0,2.2399386e-06,Baixo
1517,L48696,L,298.2,308.9,1278,54.0,18,0,0,0,0,0,0,0,1.0238956e-05,Baixo
1518,M16377,M,298.2,308.9,1408,38.8,20,0,0,0,0,0,0,0,2.0698672e-05,Baixo
1519,H30932,H,298.2,309.0,1371,55.7,23,0,0,0,0,0,0,0,6.4895703e-06,Baixo
1520,M16379,M,298.2,308.9,1512,38.5,28,0,0,0,0,0,0,0,3.306508e-06,Baixo
1521,L48700,L,298.3,309.1,1472,40.1,31,0,0,0,0,0,0,0,1.04715795e-07,Baixo
1522,M16381,M,298.2,308.9,1585,34.3,33,0,0,0,0,0,0,0,6.055378e-08,Baixo
1523,H30936,H,298.2,309.0,1562,37.7,36,0,0,0,0,0,0,0,2.1157427e-07,Baixo
1524,L48703,L,298.3,309.0,1519,36.9,41,0,0,0,0,0,0,0,2.1271514e-07,Baixo
1525,L48704,L,298.2,309.0,1601,35.8,43,0,0,0,0,0,0,0,4.6922693e-07,Baixo
1526,L48705,L,298.2,309.0,2449,13.8,45,0,0,0,0,0,0,0,0.9674884,Crítico
1527,L48706,L,298.1,309.0,1787,27.6,47,0,0,0,0,0,0,0,4.3445903e-06,Baixo
1528,H30941,H,298.1,309.1,1425,44.5,49,0,0,0,0,0,0,0,3.9638056e-08,Baixo
1529,L48708,L,298.1,309.0,1559,34.0,54,0,0,0,0,0,0,0,1.8492453e-07,Baixo
1530,L48709,L,298.1,309.0,1557,36.0,56,0,0,0,0,0,0,0,5.869141e-07,Baixo
1531,L48710,L,298.1,309.0,1497,40.5,58,0,0,0,0,0,0,0,5.663677e-07,Baixo
1532,H30945,H,298.1,309.0,1438,41.4,60,0,0,0,0,0,0,0,9.795802e-07,Baixo
1533,M16392,M,298.1,308.9,1417,39.2,65,0,0,0,0,0,0,0,0.00038656298,Baixo
1534,M16393,M,298.0,308.9,1339,51.4,68,0,0,0,0,0,0,0,1.8832807e-05,Baixo
1535,L48714,L,298.0,308.8,1757,29.1,71,0,0,0,0,0,0,0,4.251921e-06,Baixo
1536,L48715,L,298.0,308.8,1581,36.1,73,0,0,0,0,0,0,0,9.226304e-07,Baixo
1537,M16396,M,298.2,308.9,1326,54.4,75,0,0,0,0,0,0,0,6.416939e-06,Baixo
1538,M16397,M,298.4,309.1,1467,39.6,78,0,0,0,0,0,0,0,3.8221915e-06,Baixo
1539,L48718,L,298.4,309.1,1798,29.6,81,0,0,0,0,0,0,0,4.4392735e-05,Baixo
1540,M16399,M,298.5,309.2,1449,46.4,83,0,0,0,0,0,0,0,4.1260864e-06,Baixo
1541,M16400,M,298.4,309.1,1525,39.3,86,0,0,0,0,0,0,0,1.2164901e-07,Baixo
1542,L48721,L,298.4,309.0,2304,15.1,89,0,0,0,0,0,0,0,0.3631986,Moderado
1543,L48722,L,298.3,308.9,1379,54.7,91,0,0,0,0,0,0,0,0.0005755364,Baixo
1544,L48723,L,298.4,308.9,1628,34.9,93,0,0,0,0,0,0,0,3.346818e-06,Baixo
1545,L48724,L,298.4,309.0,1474,52.7,95,0,0,0,0,0,0,0,8.2192804e-05,Baixo
1546,M16405,M,298.4,309.0,1544,38.8,97,0,0,0,0,0,0,0,2.537296e-07,Baixo
1547,L48726,L,298.4,308.9,1391,48.4,100,0,0,0,0,0,0,0,4.1917418e-05,Baixo
1548,L48727,L,298.3,308.9,1348,55.5,102,0,0,0,0,0,0,0,3.345774e-05,Baixo
1549,M16408,M,298.3,308.8,1349,52.1,104,0,0,0,0,0,0,0,2.0137548e-05,Baixo
1550,L48729,L,298.4,308.9,1706,29.5,107,0,0,0,0,0,0,0,9.712394e-06,Baixo
1551,L48730,L,298.4,308.9,1638,32.4,109,0,0,0,0,0,0,0,3.1773918e-06,Baixo
1552,L48731,L,298.4,308.8,1458,40.1,111,0,0,0,0,0,0,0,0.00016110079,Baixo
1553,L48732,L,298.5,308.9,1781,27.8,113,0,0,0,0,0,0,0,2.3484683e-05,Baixo
1554,L48733,L,298.5,308.8,1332,59.1,115,0,0,0,0,0,0,0,5.376514e-05,Baixo
1555,M16414,M,298.4,308.7,1584,31.7,117,0,0,0,0,0,0,0,5.838019e-06,Baixo
1556,L48735,L,298.4,308.6,1491,42.0,120,0,0,0,0,0,0,0,3.8404605e-06,Baixo
1557,H30970,H,298.4,308.5,1398,47.1,122,0,0,0,0,0,0,0,1.8205219e-05,Baixo
1558,L48737,L,298.3,308.4,1585,30.6,127,0,0,0,0,0,0,0,4.00375e-06,Baixo
1559,M16418,M,298.2,308.3,1476,43.5,129,0,0,0,0,0,0,0,7.9986185e-06,Baixo
1560,L48739,L,298.2,308.3,1458,41.8,132,0,0,0,0,0,0,0,5.9524027e-06,Baixo
1561,M16420,M,298.2,308.4,1510,39.9,134,0,0,0,0,0,0,0,0.00011532949,Baixo
1562,L48741,L,298.2,308.4,1388,53.8,137,0,0,0,0,0,0,0,3.4471475e-05,Baixo
1563,L48742,L,298.2,308.3,2216,16.8,139,0,0,0,0,0,0,0,0.00010464761,Baixo
1564,L48743,L,298.2,308.3,1402,51.0,141,0,0,0,0,0,0,0,1.2852185e-05,Baixo
1565,M16424,M,298.0,308.2,2090,19.0,143,0,0,0,0,0,0,0,3.2506414e-05,Baixo
1566,L48745,L,298.0,308.2,1459,42.1,146,0,0,0,0,0,0,0,3.1462794e-06,Baixo
1567,M16426,M,298.0,308.1,1403,44.8,148,0,0,0,0,0,0,0,1.0704847e-05,Baixo
1568,L48747,L,298.1,308.2,1521,39.3,151,0,0,0,0,0,0,0,1.23269065e-05,Baixo
1569,L48748,L,298.2,308.2,1407,47.1,153,0,0,0,0,0,0,0,1.2517017e-06,Baixo
1570,M16429,M,298.1,308.2,1654,35.3,155,0,0,0,0,0,0,0,4.5606598e-07,Baixo
1571,L48750,L,298.2,308.4,1452,43.5,158,0,0,0,0,0,0,0,4.3103078e-06,Baixo
1572,L48751,L,298.3,308.4,1528,37.3,160,0,0,0,0,0,0,0,0.0006015529,Baixo
1573,L48752,L,298.2,308.3,1230,59.6,162,0,0,0,0,0,0,0,1.6663525e-05,Baixo
1574,L48753,L,298.2,308.2,1466,42.4,164,0,0,0,0,0,0,0,7.811252e-07,Baixo
1575,L48754,L,298.2,308.2,1478,50.1,166,0,0,0,0,0,0,0,5.544267e-07,Baixo
1576,L48755,L,298.2,308.3,2057,18.0,168,0,0,0,0,0,0,0,4.2663414e-05,Baixo
1577,L48756,L,298.3,308.4,1490,41.7,170,0,0,0,0,0,0,0,8.81824e-06,Baixo
1578,L48757,L,298.3,308.4,1484,43.4,172,0,0,0,0,0,0,0,2.6954692e-06,Baixo
1579,L48758,L,298.3,308.4,1593,37.0,174,0,0,0,0,0,0,0,1.7669649e-05,Baixo
1580,L48759,L,298.3,308.3,1444,43.8,176,0,0,0,0,0,0,0,0.00019586323,Baixo
1581,M16440,M,298.3,308.4,1444,47.5,178,0,0,0,0,0,0,0,2.3332303e-05,Baixo
1582,M16441,M,298.2,308.3,1560,33.0,181,0,0,0,0,0,0,0,8.09942e-06,Baixo
1583,H30996,H,298.1,308.3,1530,42.0,184,0,0,0,0,0,0,0,2.7744474e-07,Baixo
1584,L48763,L,298.2,308.4,1310,61.0,189,1,0,0,0,1,0,1,0.9834915,Crítico
1585,M16444,M,298.2,308.3,1639,33.3,191,0,0,0,0,0,0,0,5.9031925e-07,Baixo
1586,L48765,L,298.2,308.3,1400,48.7,194,0,0,0,0,0,0,0,0.00013067358,Baixo
1587,M16446,M,298.3,308.4,1486,44.2,196,0,0,0,0,0,0,0,1.3888244e-05,Baixo
1588,M16447,M,298.2,308.3,1448,43.3,199,0,0,0,0,0,0,0,0.00210603,Baixo
1589,L48768,L,298.2,308.3,1688,32.0,202,0,0,0,0,0,0,0,0.00013845065,Baixo
1590,M16449,M,298.1,308.3,1453,41.5,204,0,0,0,0,0,0,0,0.0014902522,Baixo
1591,L48770,L,298.2,308.4,1497,37.7,207,0,0,0,0,0,0,0,0.9918739,Crítico
1592,L48771,L,298.2,308.4,1355,49.4,209,0,0,0,0,0,0,0,0.037278634,Baixo
1593,L48772,L,298.1,308.4,1592,38.2,211,0,0,0,0,0,0,0,0.0037679223,Baixo
1594,L48773,L,298.0,308.3,1544,34.7,213,0,0,0,0,0,0,0,2.569682e-05,Baixo
1595,M16454,M,298.0,308.2,1373,51.2,215,0,0,0,0,0,0,0,0.0018014379,Baixo
1596,L48775,L,298.0,308.2,1365,52.9,218,1,0,0,0,1,0,1,0.9998691,Crítico
1597,L48776,L,298.0,308.1,1877,24.3,0,0,0,0,0,0,0,0,6.381709e-05,Baixo
1598,L48777,L,297.9,308.1,1531,40.8,2,0,0,0,0,0,0,0,6.782724e-07,Baixo
1599,L48778,L,297.9,308.0,1501,36.7,4,0,0,0,0,0,0,0,8.314675e-06,Baixo
1600,L48779,L,297.9,308.0,1490,46.2,6,0,0,0,0,0,0,0,6.9875534e-07,Baixo
1601,M16460,M,297.8,307.8,1543,43.7,8,0,0,0,0,0,0,0,3.3529611e-06,Baixo
1602,L48781,L,297.8,307.8,1597,38.2,11,0,0,0,0,0,0,0,2.5249536e-05,Baixo
1603,H31016,H,297.8,307.9,1600,33.5,13,0,0,0,0,0,0,0,4.8658933e-07,Baixo
1604,M16463,M,297.8,307.8,1622,32.1,18,0,0,0,0,0,0,0,1.6307276e-05,Baixo
1605,L48784,L,297.8,307.8,1452,39.8,21,0,0,0,0,0,0,0,0.00013245901,Baixo
1606,L48785,L,297.8,307.8,1396,42.5,23,0,0,0,0,0,0,0,7.930079e-06,Baixo
1607,L48786,L,297.8,307.7,1505,39.7,25,0,0,0,0,0,0,0,1.2263438e-06,Baixo
1608,L48787,L,297.8,307.8,1412,48.3,27,0,0,0,0,0,0,0,7.636539e-06,Baixo
1609,L48788,L,297.8,307.7,1393,38.0,29,0,0,0,0,0,0,0,0.00016089385,Baixo
1610,L48789,L,297.7,307.7,1581,34.9,31,0,0,0,0,0,0,0,2.2604988e-06,Baixo
1611,L48790,L,297.8,307.8,1573,37.9,33,0,0,0,0,0,0,0,1.0336033e-05,Baixo
1612,M16471,M,297.8,307.9,1726,27.3,35,0,0,0,0,0,0,0,3.7303976e-06,Baixo
1613,M16472,M,297.9,307.9,1540,39.8,38,0,0,0,0,0,0,0,3.0545493e-06,Baixo
1614,L48793,L,297.9,308.0,1296,62.9,41,0,0,0,0,0,0,0,0.04849554,Baixo
1615,M16474,M,297.8,307.9,1802,25.8,43,0,0,0,0,0,0,0,3.7303976e-06,Baixo
1616,L48795,L,297.8,307.9,1447,48.6,46,0,0,0,0,0,0,0,8.1937765e-07,Baixo
1617,H31030,H,297.8,307.8,1662,30.7,48,0,0,0,0,0,0,0,4.767944e-07,Baixo
1618,L48797,L,297.8,307.8,1563,34.3,53,0,0,0,0,0,0,0,5.777857e-06,Baixo
1619,L48798,L,297.9,307.8,1286,59.5,55,0,0,0,0,0,0,0,4.716411e-05,Baixo
1620,L48799,L,297.9,307.7,1590,34.6,57,0,0,0,0,0,0,0,2.1067858e-06,Baixo
1621,L48800,L,297.9,307.7,1492,43.7,59,0,0,0,0,0,0,0,1.3776217e-06,Baixo
1622,L48801,L,297.7,307.6,1844,21.9,61,0,0,0,0,0,0,0,2.242641e-05,Baixo
1623,H31036,H,297.7,307.6,1538,38.3,63,0,0,0,0,0,0,0,6.0964126e-06,Baixo
1624,L48803,L,297.7,307.6,1921,22.9,68,0,0,0,0,0,0,0,0.00047603124,Baixo
1625,M16484,M,297.8,307.8,1310,57.9,70,0,0,0,0,0,0,0,1.7124722e-06,Baixo
1626,L48805,L,297.9,307.8,1365,46.9,73,0,0,0,0,0,0,0,3.8857557e-05,Baixo
1627,M16486,M,297.9,307.8,1303,59.3,75,0,0,0,0,0,0,0,3.107052e-05,Baixo
1628,L48807,L,297.9,307.8,1499,37.5,78,0,0,0,0,0,0,0,2.0912019e-05,Baixo
1629,L48808,L,297.9,307.8,1451,38.2,80,0,0,0,0,0,0,0,0.0030425482,Baixo
1630,M16489,M,297.9,307.9,1336,54.4,82,0,0,0,0,0,0,0,1.6173015e-05,Baixo
1631,L48810,L,297.9,307.9,1412,44.5,85,0,0,0,0,0,0,0,3.948917e-06,Baixo
1632,L48811,L,298.0,308.0,1433,39.2,87,0,0,0,0,0,0,0,5.451441e-06,Baixo
1633,L48812,L,297.9,307.9,1426,43.6,89,0,0,0,0,0,0,0,8.028278e-06,Baixo
1634,L48813,L,297.9,307.9,1476,45.2,91,0,0,0,0,0,0,0,1.5917504e-06,Baixo
1635,H31048,H,297.9,307.9,1406,58.5,93,0,0,0,0,0,0,0,0.15196675,Baixo
1636,L48815,L,297.8,307.8,1383,56.5,98,0,0,0,0,0,0,0,0.0006945123,Baixo
1637,L48816,L,297.9,307.8,1505,37.3,100,0,0,0,0,0,0,0,0.0010939487,Baixo
1638,L48817,L,297.9,307.8,1665,33.9,102,0,0,0,0,0,0,0,3.092519e-06,Baixo
1639,L48818,L,297.9,307.8,1397,45.0,104,0,0,0,0,0,0,0,6.6344496e-06,Baixo
1640,M16499,M,297.9,307.8,1450,43.5,106,0,0,0,0,0,0,0,5.6238223e-06,Baixo
1641,L48820,L,298.0,307.8,1567,36.4,109,0,0,0,0,0,0,0,3.3487527e-06,Baixo
1642,M16501,M,298.0,308.0,1555,37.0,111,0,0,0,0,0,0,0,7.786264e-05,Baixo
1643,H31056,H,298.0,307.8,1588,35.4,114,0,0,0,0,0,0,0,5.0658626e-05,Baixo
1644,L48823,L,298.0,307.8,1453,37.7,119,0,0,0,0,0,0,0,0.0045708823,Baixo
1645,L48824,L,298.0,307.8,1622,33.3,121,0,0,0,0,0,0,0,3.7527884e-06,Baixo
1646,L48825,L,297.9,307.8,1538,38.5,123,0,0,0,0,0,0,0,8.135657e-06,Baixo
1647,M16506,M,297.9,307.7,1527,42.8,125,0,0,0,0,0,0,0,2.6768535e-06,Baixo
1648,L48827,L,297.8,307.8,1761,28.9,128,0,0,0,0,0,0,0,7.732357e-06,Baixo
1649,L48828,L,297.9,307.8,1373,50.2,130,0,0,0,0,0,0,0,1.3961414e-05,Baixo
1650,H31063,H,298.0,307.9,1482,37.8,132,0,0,0,0,0,0,0,8.008839e-06,Baixo
1651,M16510,M,298.0,307.9,1417,51.0,137,0,0,0,0,0,0,0,1.4274323e-06,Baixo
1652,L48831,L,298.0,307.8,1414,51.7,140,0,0,0,0,0,0,0,2.32755e-05,Baixo
1653,H31066,H,297.9,307.8,1635,34.0,142,0,0,0,0,0,0,0,7.2823723e-06,Baixo
1654,L48833,L,298.0,307.8,1386,57.3,147,0,0,0,0,0,0,0,0.0016218781,Baixo
1655,L48834,L,298.2,308.1,1379,62.3,149,0,0,0,0,0,0,0,0.079391316,Baixo
1656,M16515,M,298.2,308.0,1577,35.9,151,0,0,0,0,0,0,0,9.480128e-06,Baixo
1657,L48836,L,298.2,308.1,1532,42.5,154,0,0,0,0,0,0,0,2.7190595e-06,Baixo
1658,M16517,M,298.1,308.0,1374,48.8,156,0,0,0,0,0,0,0,4.8353118e-06,Baixo
1659,H31072,H,298.1,308.0,1570,35.3,159,0,0,0,0,0,0,0,4.227326e-06,Baixo
1660,L48839,L,298.1,308.0,1697,31.0,164,0,0,0,0,0,0,0,7.816537e-06,Baixo
1661,L48840,L,298.2,308.0,1499,44.1,166,0,0,0,0,0,0,0,2.6956518e-06,Baixo
1662,M16521,M,298.2,308.0,1411,47.2,168,0,0,0,0,0,0,0,3.1898227e-05,Baixo
1663,H31076,H,298.2,307.9,1462,45.5,171,0,0,0,0,0,0,0,1.1872379e-06,Baixo
1664,M16523,M,298.1,307.9,1759,28.6,176,0,0,0,0,0,0,0,8.201694e-06,Baixo
1665,L48844,L,298.2,308.0,1535,38.0,179,0,0,0,0,0,0,0,5.020698e-05,Baixo
1666,H31079,H,298.2,307.9,1491,39.7,181,0,0,0,0,0,0,0,9.8518585e-06,Baixo
1667,L48846,L,298.2,307.9,1551,36.0,186,0,0,0,0,0,0,0,0.00011007603,Baixo
1668,L48847,L,298.2,307.9,1769,27.2,188,0,0,0,0,0,0,0,0.00011986128,Baixo
1669,L48848,L,298.2,307.9,1551,34.1,190,0,0,0,0,0,0,0,0.00013687258,Baixo
1670,L48849,L,298.2,307.9,1544,31.4,192,0,0,0,0,0,0,0,0.0002577689,Baixo
1671,L48850,L,298.2,307.8,1528,31.1,194,0,0,0,0,0,0,0,6.847992e-06,Baixo
1672,L48851,L,298.1,307.9,1614,35.8,196,0,0,0,0,0,0,0,4.252198e-05,Baixo
1673,L48852,L,298.1,307.8,1432,49.8,198,0,0,0,0,0,0,0,0.0011480942,Baixo
1674,M16533,M,298.1,307.8,1384,43.7,200,0,0,0,0,0,0,0,0.001604769,Baixo
1675,L48854,L,298.1,307.8,1540,37.8,203,0,0,0,0,0,0,0,0.96842986,Crítico
1676,L48855,L,298.0,307.7,1407,43.9,205,0,0,0,0,0,0,0,0.00050016085,Baixo
1677,H31090,H,297.9,307.6,1418,43.0,207,0,0,0,0,0,0,0,0.04369408,Baixo
1678,M16537,M,297.9,307.5,1647,30.8,212,0,0,0,0,0,0,0,0.0024364882,Baixo
1679,L48858,L,298.0,307.5,1644,32.8,215,0,0,0,0,0,0,0,0.0037743035,Baixo
1680,L48859,L,298.0,307.5,1792,27.9,217,0,0,0,0,0,0,0,0.8800161,Crítico
1681,M16540,M,297.9,307.4,1610,34.6,219,0,0,0,0,0,0,0,0.44206223,Moderado
1682,M16541,M,297.8,307.3,1804,26.0,222,0,0,0,0,0,0,0,0.14834961,Baixo
1683,H31096,H,297.9,307.4,1604,36.1,225,1,1,0,0,0,0,1,0.00656601,Baixo
1684,M16543,M,297.9,307.4,1403,52.8,0,0,0,0,0,0,0,0,1.5346202e-05,Baixo
1685,L48864,L,297.8,307.3,1438,44.5,3,0,0,0,0,0,0,0,1.8812185e-06,Baixo
1686,L48865,L,297.9,307.3,1824,26.3,5,0,0,0,0,0,0,0,1.8008926e-06,Baixo
1687,H31100,H,297.9,307.3,1663,28.7,7,0,0,0,0,0,0,0,7.839529e-07,Baixo
1688,L48867,L,297.9,307.3,1502,36.7,12,0,0,0,0,0,0,0,1.9456329e-05,Baixo
1689,L48868,L,297.9,307.4,1606,35.5,14,0,0,0,0,0,0,0,2.7172266e-05,Baixo
1690,L48869,L,297.9,307.5,1561,37.7,16,0,0,0,0,0,0,0,1.0849772e-06,Baixo
1691,M16550,M,297.9,307.4,1435,42.9,18,0,0,0,0,0,0,0,3.9341408e-06,Baixo
1692,L48871,L,297.9,307.5,1602,38.3,21,0,0,0,0,0,0,0,7.950797e-06,Baixo
1693,M16552,M,298.1,307.6,1764,27.7,23,0,0,0,0,0,0,0,3.5370479e-06,Baixo
1694,H31107,H,298.0,307.5,1683,27.8,26,0,0,0,0,0,0,0,3.4030777e-06,Baixo
1695,L48874,L,298.0,307.5,1618,35.2,31,0,0,0,0,0,0,0,2.412943e-06,Baixo
1696,L48875,L,298.0,307.6,1509,41.6,33,0,0,0,0,0,0,0,1.6422576e-06,Baixo
1697,L48876,L,297.9,307.6,1550,39.0,35,0,0,0,0,0,0,0,9.033557e-06,Baixo
1698,M16557,M,297.9,307.6,1519,44.0,37,0,0,0,0,0,0,0,5.6887404e-07,Baixo
1699,L48878,L,297.9,307.6,1481,38.0,40,0,0,0,0,0,0,0,4.4139415e-06,Baixo
1700,L48879,L,298.1,307.7,1289,48.3,42,0,0,0,0,0,0,0,1.5971082e-05,Baixo
1701,M16560,M,298.0,307.6,1844,23.8,44,0,0,0,0,0,0,0,3.753873e-06,Baixo
1702,L48881,L,298.0,307.7,1479,42.5,47,0,0,0,0,0,0,0,1.6879468e-06,Baixo
1703,L48882,L,298.0,307.7,1430,47.3,49,0,0,0,0,0,0,0,1.3866481e-06,Baixo
1704,M16563,M,298.1,307.8,1636,36.7,51,0,0,0,0,0,0,0,1.4136842e-07,Baixo
1705,M16564,M,298.1,307.8,1503,44.7,54,0,0,0,0,0,0,0,1.390736e-07,Baixo
1706,M16565,M,298.1,307.8,1608,32.6,57,0,0,0,0,0,0,0,2.3514615e-06,Baixo
1707,L48886,L,298.2,307.8,1521,42.9,60,0,0,0,0,0,0,0,8.244868e-07,Baixo
1708,L48887,L,298.2,307.8,1439,41.6,62,0,0,0,0,0,0,0,3.5923504e-06,Baixo
1709,L48888,L,298.2,307.8,1627,31.5,64,0,0,0,0,0,0,0,1.0717565e-05,Baixo
1710,L48889,L,298.2,307.8,1749,26.1,66,0,0,0,0,0,0,0,3.4837645e-05,Baixo
1711,L48890,L,298.2,307.8,1530,35.9,68,0,0,0,0,0,0,0,4.9277976e-05,Baixo
1712,L48891,L,298.2,307.8,1355,51.3,70,0,0,0,0,0,0,0,9.09969e-05,Baixo
1713,L48892,L,298.3,307.9,1551,33.8,72,0,0,0,0,0,0,0,2.2867828e-06,Baixo
1714,L48893,L,298.2,307.8,1515,46.7,74,0,0,0,0,0,0,0,7.3602355e-06,Baixo
1715,L48894,L,298.2,307.8,1388,48.6,76,0,0,0,0,0,0,0,1.1552293e-05,Baixo
1716,L48895,L,298.2,307.8,1585,34.6,78,0,0,0,0,0,0,0,9.4903135e-06,Baixo
1717,L48896,L,298.1,307.7,1523,37.7,80,0,0,0,0,0,0,0,2.5006477e-05,Baixo
1718,L48897,L,298.2,307.6,1369,54.5,82,0,0,0,0,0,0,0,0.00018341554,Baixo
1719,M16578,M,298.2,307.7,1681,31.0,84,0,0,0,0,0,0,0,3.9187304e-05,Baixo
1720,L48899,L,298.2,307.7,1503,38.3,87,0,0,0,0,0,0,0,1.0041147e-05,Baixo
1721,L48900,L,298.2,307.7,1459,44.5,89,0,0,0,0,0,0,0,2.6120379e-05,Baixo
1722,L48901,L,298.2,307.7,1688,32.4,91,0,0,0,0,0,0,0,1.1649394e-05,Baixo
1723,M16582,M,298.2,307.7,1952,21.6,93,0,0,0,0,0,0,0,9.5580535e-06,Baixo
1724,L48903,L,298.2,307.8,2029,19.9,96,0,0,0,0,0,0,0,4.1914736e-05,Baixo
1725,M16584,M,298.3,307.8,1457,52.5,98,0,0,0,0,0,0,0,9.940275e-05,Baixo
1726,M16585,M,298.3,307.8,1392,50.4,101,0,0,0,0,0,0,0,5.99569e-06,Baixo
1727,L48906,L,298.3,307.8,1906,22.1,104,0,0,0,0,0,0,0,0.00019042786,Baixo
1728,M16587,M,298.3,307.7,1602,33.4,106,0,0,0,0,0,0,0,4.86017e-06,Baixo
1729,L48908,L,298.3,307.7,1465,49.4,109,0,0,0,0,0,0,0,8.674583e-06,Baixo
1730,M16589,M,298.3,307.7,1439,43.8,111,0,0,0,0,0,0,0,6.651889e-05,Baixo
1731,M16590,M,298.3,307.8,1330,55.4,114,0,0,0,0,0,0,0,5.5950724e-05,Baixo
1732,M16591,M,298.3,307.9,1485,42.0,117,0,0,0,0,0,0,0,1.3726134e-06,Baixo
1733,H31146,H,298.4,307.9,1700,28.2,120,0,0,0,0,0,0,0,2.9023424e-06,Baixo
1734,L48913,L,298.4,308.0,1515,42.8,125,0,0,0,0,0,0,0,2.0491327e-05,Baixo
1735,M16594,M,298.5,308.1,1501,39.2,127,0,0,0,0,0,0,0,6.89926e-06,Baixo
1736,L48915,L,298.4,308.0,1380,47.6,130,0,0,0,0,0,0,0,0.0002612349,Baixo
1737,L48916,L,298.4,307.9,1544,35.9,132,0,0,0,0,0,0,0,0.00026856168,Baixo
1738,L48917,L,298.4,307.9,1743,27.3,134,0,0,0,0,0,0,0,0.00022828457,Baixo
1739,H31152,H,298.4,307.9,1948,21.4,136,0,0,0,0,0,0,0,1.194338e-05,Baixo
1740,H31153,H,298.5,307.9,1260,54.2,141,0,0,0,0,0,0,0,2.6995032e-05,Baixo
1741,M16600,M,298.5,307.9,1640,33.1,146,0,0,0,0,0,0,0,2.5312629e-05,Baixo
1742,M16601,M,298.5,308.0,1363,49.2,149,0,0,0,0,0,0,0,6.5312806e-06,Baixo
1743,L48922,L,298.5,308.0,1379,49.6,152,0,0,0,0,0,0,0,4.9748112e-05,Baixo
1744,M16603,M,298.5,308.0,1713,25.8,154,0,0,0,0,0,0,0,1.0960938e-05,Baixo
1745,M16604,M,298.5,308.0,1461,51.9,157,0,0,0,0,0,0,0,0.00027620635,Baixo
1746,L48925,L,298.5,308.0,1624,29.8,160,0,0,0,0,0,0,0,5.2059268e-06,Baixo
1747,L48926,L,298.4,308.0,1526,41.1,162,0,0,0,0,0,0,0,5.9683352e-06,Baixo
1748,L48927,L,298.4,307.9,2381,14.2,164,0,0,0,0,0,0,0,0.8053461,Crítico
1750,L48929,L,298.3,307.7,1576,33.8,171,0,0,0,0,0,0,0,4.2241063e-06,Baixo
1751,M16610,M,298.4,307.8,1617,31.6,173,0,0,0,0,0,0,0,7.276492e-06,Baixo
1752,L48931,L,298.3,307.6,1942,20.6,176,0,0,0,0,0,0,0,0.00042593858,Baixo
1753,L48932,L,298.2,307.6,1492,37.2,178,0,0,0,0,0,0,0,9.4160445e-05,Baixo
1754,L48933,L,298.2,307.5,1470,51.3,180,0,0,0,0,0,0,0,0.00050970376,Baixo
1755,M16614,M,298.0,307.4,1463,46.5,182,0,0,0,0,0,0,0,2.320297e-06,Baixo
1756,L48935,L,298.0,307.3,1424,46.5,185,0,0,0,0,0,0,0,4.64082e-06,Baixo
1757,M16616,M,298.1,307.4,1363,60.1,187,0,0,0,0,0,0,0,0.3068628,Moderado
1758,M16617,M,298.1,307.4,1335,56.2,190,0,0,0,0,0,0,0,0.0012209121,Baixo
1759,L48938,L,298.1,307.4,1608,33.9,193,0,0,0,0,0,0,0,3.8327635e-05,Baixo
1760,H31173,H,298.0,307.4,1606,35.2,195,0,0,0,0,0,0,0,1.2215394e-05,Baixo
1761,L48940,L,298.1,307.5,1684,33.1,200,0,0,0,0,0,0,0,0.0014111169,Baixo
1762,L48941,L,298.1,307.6,1950,20.3,202,0,0,0,0,0,0,0,0.0112634655,Baixo
1763,H31176,H,298.2,307.6,1460,48.6,204,0,0,0,0,0,0,0,6.835628e-05,Baixo
1764,L48943,L,298.2,307.6,1511,31.0,209,1,1,0,0,0,0,1,3.387052e-05,Baixo
1765,H31178,H,298.2,307.6,1318,55.7,0,0,0,0,0,0,0,0,8.621265e-06,Baixo
1766,L48945,L,298.2,307.6,1368,51.8,5,0,0,0,0,0,0,0,3.0354991e-05,Baixo
1767,M16626,M,298.3,307.7,1717,27.1,7,0,0,0,0,0,0,0,4.094426e-06,Baixo
1768,M16627,M,298.3,307.7,1520,41.4,10,0,0,0,0,0,0,0,5.570041e-06,Baixo
1769,M16628,M,298.3,307.8,1485,42.0,13,0,0,0,0,0,0,0,1.2925229e-06,Baixo
1770,L48949,L,298.4,307.9,1981,23.2,16,0,0,0,0,0,0,0,0.000596596,Baixo
1771,H31184,H,298.4,307.9,1605,31.0,18,0,0,0,0,0,0,0,3.4346583e-06,Baixo
1772,L48951,L,298.4,307.9,1446,45.3,23,0,0,0,0,0,0,0,6.579531e-06,Baixo
1773,L48952,L,298.4,308.0,1508,47.9,25,0,0,0,0,0,0,0,2.549142e-06,Baixo
1774,L48953,L,298.5,308.0,1384,59.5,27,0,0,0,0,0,0,0,0.0020186133,Baixo
1775,M16634,M,298.5,308.0,1519,37.3,29,0,0,0,0,0,0,0,2.5746298e-05,Baixo
1776,L48955,L,298.5,308.0,1404,48.1,32,0,0,0,0,0,0,0,1.956725e-05,Baixo
1777,L48956,L,298.5,308.1,1564,31.1,34,0,0,0,0,0,0,0,1.0341231e-06,Baixo
1778,H31191,H,298.6,308.2,1555,36.8,36,0,0,0,0,0,0,0,5.9742644e-07,Baixo
1779,L48958,L,298.6,308.2,1325,54.0,41,0,0,0,0,0,0,0,4.8685833e-05,Baixo
1780,M16639,M,298.6,308.2,1488,44.0,43,0,0,0,0,0,0,0,1.900216e-06,Baixo
1781,L48960,L,298.5,308.2,1595,32.3,46,0,0,0,0,0,0,0,7.9291556e-07,Baixo
1782,L48961,L,298.5,308.1,1662,28.6,48,0,0,0,0,0,0,0,2.8798881e-06,Baixo
1783,L48962,L,298.4,308.0,1571,37.4,50,0,0,0,0,0,0,0,4.3767875e-05,Baixo
1784,H31197,H,298.3,308.0,1553,41.0,52,0,0,0,0,0,0,0,1.2762882e-06,Baixo
1785,L48964,L,298.3,308.0,2886,3.8,57,1,0,0,1,0,0,1,0.5098785,Moderado
1786,L48965,L,298.2,308.0,1538,38.2,59,0,0,0,0,0,0,0,0.000104260245,Baixo
1787,L48966,L,298.4,308.2,1618,33.0,61,0,0,0,0,0,0,0,4.9158143e-06,Baixo
1788,L48967,L,298.4,308.2,1364,45.9,63,0,0,0,0,0,0,0,0.00045379697,Baixo
1789,L48968,L,298.3,308.0,1442,47.3,65,0,0,0,0,0,0,0,9.271021e-06,Baixo
1790,L48969,L,298.2,307.9,1313,67.3,67,1,0,0,1,0,0,1,0.9991078,Crítico
1791,L48970,L,298.2,307.9,1847,23.6,69,0,0,0,0,0,0,0,8.199373e-07,Baixo
1792,L48971,L,298.1,307.8,1524,40.8,71,0,0,0,0,0,0,0,3.057352e-05,Baixo
1793,M16652,M,298.1,307.7,1445,48.0,73,0,0,0,0,0,0,0,7.6012707e-06,Baixo
1794,L48973,L,298.1,307.8,1761,28.2,76,0,0,0,0,0,0,0,1.7520711e-05,Baixo
1795,M16654,M,298.1,307.8,1514,43.5,78,0,0,0,0,0,0,0,6.4910716e-07,Baixo
1796,M16655,M,298.1,307.7,1498,38.3,81,0,0,0,0,0,0,0,4.5395113e-06,Baixo
1797,H31210,H,298.1,307.6,1542,37.1,84,0,0,0,0,0,0,0,5.603853e-06,Baixo
1798,M16657,M,298.0,307.6,1508,41.8,89,0,0,0,0,0,0,0,8.072338e-06,Baixo
1799,M16658,M,298.0,307.5,1431,52.9,92,0,0,0,0,0,0,0,5.5337372e-05,Baixo
1800,M16659,M,298.0,307.5,1427,45.1,95,0,0,0,0,0,0,0,3.0353347e-06,Baixo
1801,M16660,M,298.0,307.5,1524,36.3,98,0,0,0,0,0,0,0,4.6901628e-06,Baixo
1802,M16661,M,298.0,307.5,1427,43.6,101,0,0,0,0,0,0,0,1.4648947e-05,Baixo
1803,H31216,H,298.1,307.6,1496,44.1,104,0,0,0,0,0,0,0,2.6501016e-06,Baixo
1804,L48983,L,298.1,307.7,1388,40.3,109,0,0,0,0,0,0,0,1.664761e-05,Baixo
1805,L48984,L,298.1,307.7,1495,48.1,111,0,0,0,0,0,0,0,8.924362e-07,Baixo
1806,H31219,H,298.1,307.7,1376,56.2,113,0,0,0,0,0,0,0,3.4960685e-05,Baixo
1807,H31220,H,298.0,307.6,1593,32.2,118,0,0,0,0,0,0,0,1.7760436e-05,Baixo
1808,L48987,L,298.0,307.6,1654,28.9,123,0,0,0,0,0,0,0,2.4900795e-05,Baixo
1809,L48988,L,298.1,307.7,2567,12.8,125,1,0,0,1,0,0,1,0.997546,Crítico
1810,L48989,L,298.1,307.7,1767,27.0,127,0,0,0,0,0,0,0,7.462779e-05,Baixo
1811,L48990,L,298.1,307.6,1364,53.8,129,0,0,0,0,0,0,0,2.9265508e-05,Baixo
1812,M16671,M,298.1,307.8,1569,31.2,131,0,0,0,0,0,0,0,4.8108697e-05,Baixo
1813,L48992,L,298.2,307.8,1476,36.8,134,0,0,0,0,0,0,0,8.942392e-05,Baixo
1814,L48993,L,298.1,307.7,1479,45.0,136,0,0,0,0,0,0,0,8.276932e-07,Baixo
1815,L48994,L,298.1,307.7,1650,34.1,138,0,0,0,0,0,0,0,1.0999421e-05,Baixo
1816,M16675,M,298.1,307.6,1565,36.3,140,0,0,0,0,0,0,0,8.304502e-07,Baixo
1817,L48996,L,298.1,307.6,1460,46.5,143,0,0,0,0,0,0,0,5.587801e-06,Baixo
1818,L48997,L,298.1,307.7,1664,27.6,145,0,0,0,0,0,0,0,4.325688e-06,Baixo
1819,M16678,M,298.1,307.7,1435,40.9,147,0,0,0,0,0,0,0,0.00043655527,Baixo
1820,M16679,M,298.1,307.6,2066,19.2,150,0,0,0,0,0,0,0,0.00018121566,Baixo
1821,L49000,L,298.1,307.5,1493,43.7,153,0,0,0,0,0,0,0,4.111086e-06,Baixo
1822,L49001,L,298.1,307.6,1354,43.3,155,0,0,0,0,0,0,0,4.77799e-06,Baixo
1823,L49002,L,298.1,307.6,1488,39.4,157,0,0,0,0,0,0,0,3.4218715e-06,Baixo
1824,L49003,L,298.1,307.7,1414,48.7,159,0,0,0,0,0,0,0,6.1527944e-06,Baixo
1825,L49004,L,298.1,307.5,1391,57.4,161,0,0,0,0,0,0,0,0.00013969067,Baixo
1826,M16685,M,298.0,307.5,1784,27.8,163,0,0,0,0,0,0,0,2.8359482e-06,Baixo
1827,H31240,H,297.8,307.3,1516,40.1,166,0,0,0,0,0,0,0,3.109568e-06,Baixo
1828,M16687,M,297.9,307.3,1420,47.8,171,0,0,0,0,0,0,0,9.946413e-06,Baixo
1829,L49008,L,297.8,307.2,1351,56.3,174,0,0,0,0,0,0,0,0.00030774632,Baixo
1830,L49009,L,297.8,307.2,1880,23.0,176,0,0,0,0,0,0,0,0.00054398895,Baixo
1831,L49010,L,297.8,307.3,1859,24.0,178,0,0,0,0,0,0,0,4.000967e-05,Baixo
1832,M16691,M,297.8,307.3,1315,54.0,180,0,0,0,0,0,0,0,1.1542458e-05,Baixo
1833,M16692,M,297.8,307.4,1330,51.7,183,0,0,0,0,0,0,0,1.6254486e-05,Baixo
1834,L49013,L,297.8,307.3,1327,61.0,186,1,0,0,0,1,0,1,0.50160646,Moderado
1835,L49014,L,297.8,307.2,1498,38.1,188,0,0,0,0,0,0,0,2.1976175e-05,Baixo
1836,H31249,H,297.8,307.3,1555,35.8,190,0,0,0,0,0,0,0,0.0014298,Baixo
1837,L49016,L,297.7,307.2,1518,35.8,195,0,0,0,0,0,0,0,0.003630482,Baixo
1838,L49017,L,297.7,307.2,1392,43.0,197,0,0,0,0,0,0,0,1.7093615e-05,Baixo
1839,M16698,M,297.8,307.2,1456,39.6,199,0,0,0,0,0,0,0,0.052790742,Baixo
1840,L49019,L,297.7,307.1,1715,30.2,0,0,0,0,0,0,0,0,1.0332258e-05,Baixo
1841,M16700,M,297.7,307.2,1405,43.7,2,0,0,0,0,0,0,0,4.0991454e-06,Baixo
1842,L49021,L,297.7,307.2,1668,37.8,5,0,0,0,0,0,0,0,4.7186513e-06,Baixo
1843,H31256,H,297.7,307.1,1855,22.5,7,0,0,0,0,0,0,0,7.22595e-07,Baixo
1844,L49023,L,297.6,307.1,1496,39.2,12,0,0,0,0,0,0,0,6.977824e-07,Baixo
1845,M16704,M,297.6,307.1,1471,44.9,14,0,0,0,0,0,0,0,1.2952302e-06,Baixo
1846,L49025,L,297.7,307.2,1444,40.0,17,0,0,0,0,0,0,0,8.928665e-05,Baixo
1847,H31260,H,297.7,307.3,1514,38.6,19,0,0,0,0,0,0,0,5.2977657e-06,Baixo
1848,L49027,L,297.8,307.3,1412,50.7,24,0,0,0,0,0,0,0,3.4398145e-05,Baixo
1849,H31262,H,297.7,307.2,1429,44.1,26,0,0,0,0,0,0,0,1.383255e-06,Baixo
1850,L49029,L,297.7,307.2,1668,32.7,31,0,0,0,0,0,0,0,2.3803145e-06,Baixo
1851,M16710,M,297.7,307.2,1372,52.8,33,0,0,0,0,0,0,0,2.1428689e-06,Baixo
1852,M16711,M,297.7,307.3,1365,49.2,36,0,0,0,0,0,0,0,1.9848565e-06,Baixo
1853,M16712,M,297.6,307.1,1526,39.1,39,0,0,0,0,0,0,0,2.1899389e-07,Baixo
1854,L49033,L,297.6,307.2,1486,40.6,42,0,0,0,0,0,0,0,1.9684921e-06,Baixo
1855,M16714,M,297.6,307.2,1470,42.6,44,0,0,0,0,0,0,0,2.494312e-07,Baixo
1856,H31269,H,297.7,307.3,1249,62.8,47,0,0,0,0,0,0,0,0.063705206,Baixo
1857,M16716,M,297.8,307.4,1752,26.1,52,0,0,0,0,0,0,0,2.0464763e-06,Baixo
1858,L49037,L,297.7,307.4,1643,36.5,55,0,0,0,0,0,0,0,5.4114585e-06,Baixo
1859,M16718,M,297.8,307.4,1488,36.1,57,0,0,0,0,0,0,0,1.8301518e-05,Baixo
1860,L49039,L,297.8,307.4,1355,45.8,60,0,0,0,0,0,0,0,6.784047e-05,Baixo
1861,L49040,L,297.8,307.6,1607,30.3,62,0,0,0,0,0,0,0,6.4232874e-05,Baixo
1862,M16721,M,297.9,307.6,1609,30.3,64,0,0,0,0,0,0,0,6.085749e-05,Baixo
1863,L49042,L,297.9,307.7,1517,44.4,67,0,0,0,0,0,0,0,7.1644254e-06,Baixo
1864,M16723,M,297.9,307.7,1517,39.5,69,0,0,0,0,0,0,0,5.2633654e-06,Baixo
1865,L49044,L,297.9,307.7,1546,37.6,72,0,0,0,0,0,0,0,6.144034e-06,Baixo
1866,L49045,L,297.9,307.7,1567,34.7,74,0,0,0,0,0,0,0,5.511315e-06,Baixo
1867,M16726,M,298.1,307.9,1662,28.9,76,0,0,0,0,0,0,0,9.054567e-06,Baixo
1868,L49047,L,298.1,307.9,1502,41.8,79,0,0,0,0,0,0,0,2.6019118e-06,Baixo
1869,L49048,L,298.3,308.0,1361,56.9,81,0,0,0,0,0,0,0,0.00017209601,Baixo
1870,M16729,M,298.3,308.1,1630,32.7,83,0,0,0,0,0,0,0,1.2261145e-06,Baixo
1871,L49050,L,298.3,308.0,1486,42.3,86,0,0,0,0,0,0,0,1.1660142e-05,Baixo
1872,L49051,L,298.3,308.1,1840,21.5,88,0,0,0,0,0,0,0,4.461859e-06,Baixo
1873,L49052,L,298.3,308.1,1326,58.4,90,0,0,0,0,0,0,0,0.00011690619,Baixo
1874,L49053,L,298.4,308.1,1367,57.8,92,0,0,0,0,0,0,0,0.0028771425,Baixo
1875,L49054,L,298.4,308.1,1598,32.7,94,0,0,0,0,0,0,0,1.5690837e-05,Baixo
1876,L49055,L,298.3,308.0,1363,50.1,96,0,0,0,0,0,0,0,9.0082176e-05,Baixo
1877,L49056,L,298.3,308.0,1242,62.0,98,0,0,0,0,0,0,0,0.018160915,Baixo
1878,M16737,M,298.2,307.8,1566,33.8,100,0,0,0,0,0,0,0,0.000121842204,Baixo
1879,M16738,M,298.1,307.7,1424,47.7,103,0,0,0,0,0,0,0,2.403268e-06,Baixo
1880,M16739,M,298.2,307.7,1608,33.8,106,0,0,0,0,0,0,0,6.2881754e-06,Baixo
1881,L49060,L,298.1,307.7,1705,29.1,109,0,0,0,0,0,0,0,1.2270972e-05,Baixo
1882,L49061,L,298.0,307.6,1548,45.8,111,0,0,0,0,0,0,0,4.67621e-06,Baixo
1883,M16742,M,298.0,307.6,1581,43.4,113,0,0,0,0,0,0,0,3.4556463e-06,Baixo
1884,M16743,M,298.0,307.6,1472,46.7,116,0,0,0,0,0,0,0,2.0814907e-06,Baixo
1885,M16744,M,298.0,307.6,1792,26.0,119,0,0,0,0,0,0,0,4.692605e-06,Baixo
1886,L49065,L,298.0,307.6,1683,32.8,122,0,0,0,0,0,0,0,1.0075517e-05,Baixo
1887,L49066,L,297.9,307.6,1503,40.7,124,0,0,0,0,0,0,0,5.03868e-06,Baixo
1888,M16747,M,297.9,307.5,1642,32.4,126,0,0,0,0,0,0,0,2.0979442e-06,Baixo
1889,M16748,M,297.8,307.4,1902,24.3,129,0,0,0,0,0,0,0,1.5593903e-05,Baixo
1890,H31303,H,297.7,307.4,1432,40.2,132,0,0,0,0,0,0,0,1.9537174e-05,Baixo
1891,L49070,L,297.8,307.4,1512,40.8,137,0,0,0,0,0,0,0,8.7481225e-05,Baixo
1892,L49071,L,297.7,307.4,1764,29.0,139,0,0,0,0,0,0,0,0.00035010302,Baixo
1893,M16752,M,297.8,307.4,1438,43.6,141,0,0,0,0,0,0,0,4.5331517e-06,Baixo
1894,L49073,L,297.8,307.5,1631,29.9,144,0,0,0,0,0,0,0,7.2411663e-06,Baixo
1895,H31308,H,297.9,307.5,1880,23.3,146,0,0,0,0,0,0,0,4.2797194e-05,Baixo
1896,L49075,L,297.9,307.6,1344,54.3,151,0,0,0,0,0,0,0,0.00011824686,Baixo
1897,L49076,L,297.9,307.5,1574,35.8,153,0,0,0,0,0,0,0,3.5317193e-05,Baixo
1898,L49077,L,297.8,307.4,1418,41.2,155,0,0,0,0,0,0,0,5.2938194e-05,Baixo
1899,L49078,L,297.8,307.5,1372,54.1,157,0,0,0,0,0,0,0,3.4816523e-05,Baixo
1900,L49079,L,297.8,307.5,1388,40.0,159,0,0,0,0,0,0,0,2.5749612e-05,Baixo
1901,H31314,H,297.9,307.6,1493,36.0,161,0,0,0,0,0,0,0,1.492474e-05,Baixo
1902,M16761,M,297.9,307.6,1505,40.1,166,0,0,0,0,0,0,0,6.5031318e-06,Baixo
1903,L49082,L,298.0,307.6,1694,29.1,169,0,0,0,0,0,0,0,1.0130078e-05,Baixo
1904,L49083,L,297.9,307.6,1968,20.4,171,0,0,0,0,0,0,0,0.00039694208,Baixo
1905,M16764,M,298.0,307.6,1569,35.6,173,0,0,0,0,0,0,0,6.436605e-05,Baixo
1906,L49085,L,297.9,307.6,1687,29.1,176,0,0,0,0,0,0,0,3.481184e-05,Baixo
1907,L49086,L,297.9,307.6,1430,52.4,178,0,0,0,0,0,0,0,1.2025843e-05,Baixo
1908,L49087,L,297.9,307.6,1504,42.4,180,0,0,0,0,0,0,0,5.107841e-06,Baixo
1909,L49088,L,297.9,307.6,1977,20.2,182,0,0,0,0,0,0,0,0.00013102456,Baixo
1910,L49089,L,298.0,307.7,1435,45.6,184,0,0,0,0,0,0,0,1.0703448e-05,Baixo
1911,H31324,H,298.0,307.7,1547,36.8,186,0,0,0,0,0,0,0,0.00011181653,Baixo
1912,M16771,M,298.1,307.8,1316,57.2,191,0,0,0,0,0,0,0,0.0009224556,Baixo
1913,M16772,M,298.0,307.7,1621,34.9,194,0,0,0,0,0,0,0,6.805661e-06,Baixo
1914,M16773,M,298.0,307.8,1492,40.2,197,0,0,0,0,0,0,0,6.579954e-05,Baixo
1915,L49094,L,298.0,307.7,1643,32.3,200,0,0,0,0,0,0,0,0.00011183925,Baixo
1916,L49095,L,298.0,307.7,1492,38.7,202,0,0,0,0,0,0,0,0.12665698,Baixo
1917,L49096,L,298.0,307.7,1387,50.8,204,0,0,0,0,0,0,0,0.0065332763,Baixo
1918,M16777,M,298.1,307.9,1463,47.3,206,0,0,0,0,0,0,0,3.9959486e-05,Baixo
1919,M16778,M,298.1,307.9,1496,40.0,0,0,0,0,0,0,0,0,3.1667041e-06,Baixo
1920,L49099,L,298.2,308.0,1658,30.0,3,0,0,0,0,0,0,0,4.0299304e-07,Baixo
1921,L49100,L,298.1,307.9,2161,17.5,5,0,0,0,0,0,0,0,6.195371e-05,Baixo
1922,L49101,L,298.1,307.9,1665,32.0,7,0,0,0,0,0,0,0,6.676486e-06,Baixo
1923,L49102,L,298.0,307.8,1716,26.6,9,0,0,0,0,0,0,0,7.825189e-06,Baixo
1924,L49103,L,298.0,307.7,1529,34.1,11,0,0,0,0,0,0,0,5.195397e-06,Baixo
1925,L49104,L,297.9,307.7,1353,50.7,13,0,0,0,0,0,0,0,2.2924185e-06,Baixo
1926,L49105,L,297.9,307.7,1537,37.7,15,0,0,0,0,0,0,0,0.0004313333,Baixo
1927,L49106,L,298.0,307.7,1606,30.8,17,0,0,0,0,0,0,0,6.5542363e-06,Baixo
1928,H31341,H,298.0,307.8,1314,47.8,19,0,0,0,0,0,0,0,1.9900745e-06,Baixo
1929,L49108,L,298.0,307.8,1623,29.9,24,0,0,0,0,0,0,0,1.4708385e-05,Baixo
1930,M16789,M,298.0,307.8,1483,50.9,26,0,0,0,0,0,0,0,0.00018727814,Baixo
1931,M16790,M,298.1,307.9,1569,37.0,29,0,0,0,0,0,0,0,1.4530879e-06,Baixo
1932,M16791,M,298.2,308.0,1969,21.7,32,0,0,0,0,0,0,0,5.343264e-06,Baixo
1933,M16792,M,298.1,308.0,1686,29.3,35,0,0,0,0,0,0,0,3.4347336e-06,Baixo
1934,L49113,L,298.1,308.0,1638,35.1,38,0,0,0,0,0,0,0,5.369421e-07,Baixo
1935,L49114,L,298.1,307.9,1698,33.3,40,0,0,0,0,0,0,0,4.2311638e-07,Baixo
1936,M16795,M,298.1,307.9,1377,55.1,42,0,0,0,0,0,0,0,6.771276e-05,Baixo
1937,M16796,M,298.1,308.0,2129,18.4,45,0,0,0,0,0,0,0,2.8496761e-05,Baixo
1938,L49117,L,298.2,308.0,1411,42.4,48,0,0,0,0,0,0,0,2.814139e-06,Baixo
1939,L49118,L,298.1,307.9,1517,40.8,50,0,0,0,0,0,0,0,9.029431e-07,Baixo
1940,M16799,M,298.1,307.9,1303,53.9,52,0,0,0,0,0,0,0,3.2913847e-06,Baixo
1941,L49120,L,298.1,307.9,1578,35.6,55,0,0,0,0,0,0,0,8.199467e-07,Baixo
1942,L49121,L,298.1,307.9,1425,58.2,57,0,0,0,0,0,0,0,0.00018681158,Baixo
1943,L49122,L,298.1,308.0,1456,42.4,59,0,0,0,0,0,0,0,1.4901167e-06,Baixo
1944,L49123,L,298.1,308.0,1704,30.9,61,0,0,0,0,0,0,0,4.8428988e-06,Baixo
1945,L49124,L,298.1,308.1,1791,27.3,63,0,0,0,0,0,0,0,6.8178547e-06,Baixo
1946,L49125,L,298.1,308.1,1616,32.8,65,0,0,0,0,0,0,0,7.408414e-07,Baixo
1947,L49126,L,298.2,308.1,1622,34.9,67,0,0,0,0,0,0,0,8.7422234e-07,Baixo
1948,L49127,L,298.2,308.1,1462,49.9,69,0,0,0,0,0,0,0,1.3798156e-05,Baixo
1949,L49128,L,298.1,308.1,1410,45.8,71,0,0,0,0,0,0,0,2.479331e-06,Baixo
1950,M16809,M,298.1,308.0,1543,41.9,73,0,0,0,0,0,0,0,6.7511282e-06,Baixo
1951,M16810,M,298.0,307.9,1479,47.6,76,0,0,0,0,0,0,0,1.1404232e-05,Baixo
1952,L49131,L,298.0,307.8,1839,22.7,79,0,0,0,0,0,0,0,3.6256429e-06,Baixo
1953,L49132,L,298.0,307.8,1266,60.5,81,0,0,0,0,0,0,0,0.00013903063,Baixo
1954,L49133,L,297.9,307.7,1593,34.9,83,0,0,0,0,0,0,0,7.5842827e-06,Baixo
1955,L49134,L,297.9,307.8,1459,46.9,85,0,0,0,0,0,0,0,3.1900954e-06,Baixo
1956,L49135,L,297.9,307.7,1308,55.2,87,0,0,0,0,0,0,0,6.4629817e-06,Baixo
1957,M16816,M,297.9,307.7,1364,46.8,89,0,0,0,0,0,0,0,3.7410333e-05,Baixo
1958,H31371,H,297.9,307.7,1618,35.9,92,0,0,0,0,0,0,0,1.4224873e-05,Baixo
1959,H31372,H,297.9,307.7,1464,43.2,97,0,0,0,0,0,0,0,2.0426976e-06,Baixo
1960,M16819,M,297.8,307.6,1352,49.4,102,0,0,0,0,0,0,0,4.9800633e-06,Baixo
1961,L49140,L,297.8,307.6,1446,51.4,105,0,0,0,0,0,0,0,0.00022909917,Baixo
1962,L49141,L,297.8,307.5,1448,51.2,107,0,0,0,0,0,0,0,2.7084745e-06,Baixo
1963,L49142,L,297.8,307.5,1391,48.6,109,0,0,0,0,0,0,0,2.0347596e-05,Baixo
1964,L49143,L,297.7,307.5,1379,43.3,111,0,0,0,0,0,0,0,1.2251689e-05,Baixo
1965,M16824,M,297.8,307.5,1405,46.9,113,0,0,0,0,0,0,0,4.8181468e-05,Baixo
1966,L49145,L,297.8,307.5,1581,33.1,116,0,0,0,0,0,0,0,8.079284e-06,Baixo
1967,L49146,L,297.9,307.6,1515,40.5,118,0,0,0,0,0,0,0,7.1469626e-06,Baixo
1968,L49147,L,297.9,307.6,1589,37.8,120,0,0,0,0,0,0,0,2.2342816e-05,Baixo
1969,L49148,L,298.0,307.6,1281,50.8,122,0,0,0,0,0,0,0,1.2860449e-05,Baixo
1970,H31383,H,297.8,307.5,1631,31.3,124,0,0,0,0,0,0,0,4.1056087e-06,Baixo
1971,M16830,M,297.9,307.6,1202,67.0,129,0,0,0,0,0,0,0,0.07380986,Baixo
1972,L49151,L,297.9,307.6,1298,52.7,132,0,0,0,0,0,0,0,1.1316402e-05,Baixo
1973,L49152,L,297.9,307.6,1612,30.7,134,0,0,0,0,0,0,0,7.6673205e-05,Baixo
1974,L49153,L,297.9,307.6,1747,25.3,136,0,0,0,0,0,0,0,1.1171431e-05,Baixo
1975,L49154,L,298.0,307.6,1450,48.7,138,0,0,0,0,0,0,0,2.5721065e-06,Baixo
1976,L49155,L,298.0,307.7,1422,45.6,140,0,0,0,0,0,0,0,6.046156e-06,Baixo
1977,M16836,M,298.1,307.7,1419,47.4,142,0,0,0,0,0,0,0,1.4225957e-06,Baixo
1978,M16837,M,298.1,307.7,1633,30.7,145,0,0,0,0,0,0,0,0.00013166128,Baixo
1979,L49158,L,298.0,307.7,1442,43.6,148,0,0,0,0,0,0,0,3.930574e-06,Baixo
1980,H31393,H,298.0,307.6,1420,45.8,150,0,0,0,0,0,0,0,8.3574076e-07,Baixo
1981,M16840,M,298.0,307.6,1301,58.5,155,0,0,0,0,0,0,0,9.883666e-06,Baixo
1982,L49161,L,298.0,307.6,1385,45.0,158,0,0,0,0,0,0,0,5.054513e-05,Baixo
1983,M16842,M,298.0,307.7,1487,41.3,160,0,0,0,0,0,0,0,3.1102925e-05,Baixo
1984,M16843,M,298.0,307.6,1459,44.4,163,0,0,0,0,0,0,0,6.280588e-06,Baixo
1985,M16844,M,298.0,307.5,1387,45.5,166,0,0,0,0,0,0,0,1.1957273e-05,Baixo
1986,L49165,L,298.1,307.7,1537,40.8,169,0,0,0,0,0,0,0,4.331678e-06,Baixo
1987,L49166,L,298.1,307.6,1498,42.9,171,0,0,0,0,0,0,0,2.900469e-06,Baixo
1988,M16847,M,298.2,307.8,1599,31.2,173,0,0,0,0,0,0,0,9.162863e-05,Baixo
1989,H31402,H,298.3,307.9,1420,39.2,176,0,0,0,0,0,0,0,1.9769222e-06,Baixo
1990,L49169,L,298.2,307.9,1785,23.4,181,0,0,0,0,0,0,0,5.6536846e-05,Baixo
1991,L49170,L,298.2,307.8,1423,48.1,183,0,0,0,0,0,0,0,8.089885e-06,Baixo
1992,M16851,M,298.2,307.8,1583,36.6,185,0,0,0,0,0,0,0,0.00018114482,Baixo
1993,L49172,L,298.2,307.8,1375,46.6,188,0,0,0,0,0,0,0,0.00015171617,Baixo
1994,M16853,M,298.3,308.0,1463,42.5,190,0,0,0,0,0,0,0,1.8801707e-05,Baixo
1995,M16854,M,298.2,307.9,1403,45.1,193,0,0,0,0,0,0,0,5.753015e-06,Baixo
1996,L49175,L,298.3,308.0,1451,47.1,196,0,0,0,0,0,0,0,6.911517e-05,Baixo
1997,M16856,M,298.4,308.0,1416,38.2,198,1,1,0,0,0,0,1,1.3241436e-05,Baixo
1998,L49177,L,298.3,308.1,1672,41.3,0,0,0,0,0,0,0,0,1.4419655e-06,Baixo
1999,H31412,H,298.3,308.0,1637,30.8,2,0,0,0,0,0,0,0,3.7714453e-06,Baixo
2000,L49179,L,298.4,308.0,1540,37.8,7,0,0,0,0,0,0,0,2.6990218e-05,Baixo
2001,L49180,L,298.4,308.1,1279,53.1,9,0,0,0,0,0,0,0,3.340536e-05,Baixo
2002,L49181,L,298.4,308.2,1604,34.9,11,0,0,0,0,0,0,0,5.6590993e-06,Baixo
2003,L49182,L,298.5,308.2,1654,27.1,13,0,0,0,0,0,0,0,1.4962342e-06,Baixo
2004,M16863,M,298.5,308.2,1564,37.5,15,0,0,0,0,0,0,0,5.8729765e-05,Baixo
2005,L49184,L,298.5,308.2,1451,47.5,18,0,0,0,0,0,0,0,4.6668523e-05,Baixo
2006,L49185,L,298.5,308.3,1504,38.0,20,0,0,0,0,0,0,0,3.3347176e-06,Baixo
2007,M16866,M,298.5,308.3,1381,50.5,22,0,0,0,0,0,0,0,3.358436e-05,Baixo
2008,L49187,L,298.6,308.4,1562,34.4,25,0,0,0,0,0,0,0,7.4246395e-07,Baixo
2009,L49188,L,298.5,308.3,1811,24.7,27,0,0,0,0,0,0,0,1.6720533e-06,Baixo
2010,M16869,M,298.6,308.3,1717,28.7,29,0,0,0,0,0,0,0,4.544383e-07,Baixo
2011,L49190,L,298.6,308.3,1278,60.5,32,0,0,0,0,0,0,0,0.00024341079,Baixo
2012,L49191,L,298.7,308.5,1616,30.2,34,0,0,0,0,0,0,0,8.546737e-06,Baixo
2013,L49192,L,298.6,308.4,1397,46.4,36,0,0,0,0,0,0,0,3.6148274e-05,Baixo
2014,L49193,L,298.6,308.4,1485,42.9,38,0,0,0,0,0,0,0,7.6066266e-07,Baixo
2015,L49194,L,298.6,308.4,1310,59.7,40,0,0,0,0,0,0,0,0.00024537765,Baixo
2016,L49195,L,298.5,308.2,1301,66.3,42,1,0,0,1,0,0,1,0.27868837,Baixo
2017,L49196,L,298.5,308.3,1458,44.0,44,0,0,0,0,0,0,0,4.154119e-06,Baixo
2018,L49197,L,298.7,308.5,1483,42.5,46,0,0,0,0,0,0,0,8.5970413e-07,Baixo
2019,L49198,L,298.7,308.5,1375,46.4,48,0,0,0,0,0,0,0,0.00011560298,Baixo
2020,M16879,M,298.7,308.5,1660,27.0,50,0,0,0,0,0,0,0,6.648959e-07,Baixo
2021,H31434,H,298.7,308.4,1560,33.3,53,0,0,0,0,0,0,0,4.353132e-07,Baixo
2022,L49201,L,298.7,308.5,1480,42.2,58,0,0,0,0,0,0,0,1.9988563e-06,Baixo
2023,L49202,L,298.7,308.4,1373,46.9,60,0,0,0,0,0,0,0,0.0003638569,Baixo
2024,L49203,L,298.7,308.5,1444,54.2,62,0,0,0,0,0,0,0,0.0002498349,Baixo
2025,M16884,M,298.7,308.6,1722,24.7,64,0,0,0,0,0,0,0,1.1899394e-05,Baixo
2026,L49205,L,298.7,308.5,1469,39.9,67,0,0,0,0,0,0,0,3.495445e-05,Baixo
2027,M16886,M,298.7,308.5,1360,52.9,69,0,0,0,0,0,0,0,0.00015994441,Baixo
2028,L49207,L,298.7,308.4,1750,25.8,72,0,0,0,0,0,0,0,3.5123483e-06,Baixo
2029,M16888,M,298.7,308.3,1349,46.6,74,0,0,0,0,0,0,0,0.000101919235,Baixo
2030,L49209,L,298.7,308.5,1668,35.2,77,0,0,0,0,0,0,0,7.5235295e-07,Baixo
2031,L49210,L,298.9,308.6,1400,49.5,79,0,0,0,0,0,0,0,1.3566773e-05,Baixo
2032,L49211,L,298.8,308.6,1331,62.8,81,0,0,0,0,0,0,0,0.63538605,Alto
2033,L49212,L,298.8,308.5,1444,42.2,83,0,0,0,0,0,0,0,4.3788737e-06,Baixo
2034,H31447,H,298.8,308.5,1359,47.6,85,0,0,0,0,0,0,0,8.502464e-06,Baixo
2035,M16894,M,298.8,308.5,1425,47.4,90,0,0,0,0,0,0,0,8.188548e-06,Baixo
2036,M16895,M,298.9,308.6,1469,34.2,93,0,0,0,0,0,0,0,4.7439724e-05,Baixo
2037,L49216,L,299.0,308.7,1892,22.8,96,0,0,0,0,0,0,0,0.00012492598,Baixo
2038,H31451,H,299.0,308.7,1940,19.9,98,0,0,0,0,0,0,0,4.3491316e-05,Baixo
2039,L49218,L,299.0,308.8,1405,55.2,103,0,0,0,0,0,0,0,3.1104883e-05,Baixo
2040,M16899,M,299.0,308.9,1449,39.6,105,0,0,0,0,0,0,0,0.00017651642,Baixo
2041,L49220,L,299.1,308.9,1686,29.6,108,0,0,0,0,0,0,0,5.8243504e-06,Baixo
2042,L49221,L,299.1,308.9,1680,27.2,110,0,0,0,0,0,0,0,4.782216e-06,Baixo
2043,M16902,M,299.1,308.9,1397,52.4,112,0,0,0,0,0,0,0,3.1293097e-05,Baixo
2044,M16903,M,299.2,309.0,1597,30.3,115,0,0,0,0,0,0,0,2.7477248e-05,Baixo
2045,L49224,L,299.3,309.1,1470,41.1,118,0,0,0,0,0,0,0,1.2234094e-06,Baixo
2046,M16905,M,299.3,309.1,1703,31.3,120,0,0,0,0,0,0,0,5.2925365e-08,Baixo
2047,L49226,L,299.3,309.1,1388,45.5,123,0,0,0,0,0,0,0,1.4074708e-06,Baixo
2048,L49227,L,299.3,309.2,1775,24.2,125,0,0,0,0,0,0,0,7.6457326e-07,Baixo
2049,L49228,L,299.3,309.2,1465,41.5,127,0,0,0,0,0,0,0,2.0042182e-06,Baixo
2050,M16909,M,299.3,309.2,1586,37.9,129,0,0,0,0,0,0,0,3.229383e-06,Baixo
2051,M16910,M,299.5,309.3,1675,29.2,132,0,0,0,0,0,0,0,1.3635011e-05,Baixo
2052,M16911,M,299.4,309.2,1470,44.4,135,0,0,0,0,0,0,0,2.0237384e-07,Baixo
2053,L49232,L,299.5,309.3,1477,40.4,138,0,0,0,0,0,0,0,2.823505e-06,Baixo
2054,L49233,L,299.5,309.3,1382,61.0,140,0,0,0,0,0,0,0,0.0011688471,Baixo
2055,M16914,M,299.6,309.4,1605,29.8,142,0,0,0,0,0,0,0,1.992404e-05,Baixo
2056,L49235,L,299.6,309.4,1643,32.9,145,0,0,0,0,0,0,0,7.668745e-08,Baixo
2057,L49236,L,299.5,309.3,1333,54.1,147,0,0,0,0,0,0,0,1.8113004e-05,Baixo
2058,L49237,L,299.5,309.3,1520,42.3,149,0,0,0,0,0,0,0,7.9017985e-07,Baixo
2059,M16918,M,299.5,309.3,1902,24.0,151,0,0,0,0,0,0,0,0.0006133266,Baixo
2060,H31473,H,299.5,309.4,1386,44.4,154,0,0,0,0,0,0,0,0.00015955933,Baixo
2061,L49240,L,299.6,309.5,1803,27.7,159,0,0,0,0,0,0,0,2.5013658e-06,Baixo
2062,L49241,L,299.7,309.6,1359,50.7,161,0,0,0,0,0,0,0,5.6479457e-05,Baixo
2063,M16922,M,299.7,309.6,1477,42.7,163,0,0,0,0,0,0,0,5.6557597e-06,Baixo
2064,L49243,L,299.7,309.6,1321,53.4,166,0,0,0,0,0,0,0,3.8237226e-06,Baixo
2065,L49244,L,299.6,309.5,1453,41.4,168,0,0,0,0,0,0,0,1.270438e-05,Baixo
2066,L49245,L,299.7,309.6,1419,45.1,170,0,0,0,0,0,0,0,3.6407425e-06,Baixo
2067,L49246,L,299.7,309.6,1512,36.2,172,0,0,0,0,0,0,0,1.4559968e-06,Baixo
2068,L49247,L,299.7,309.6,1553,36.8,174,0,0,0,0,0,0,0,5.8460756e-07,Baixo
2069,M16928,M,299.7,309.6,1534,39.1,176,0,0,0,0,0,0,0,3.6949875e-06,Baixo
2070,H31483,H,299.7,309.6,1553,41.0,179,0,0,0,0,0,0,0,1.1190934e-06,Baixo
2071,L49250,L,299.7,309.5,1352,49.7,184,0,0,0,0,0,0,0,7.6075066e-06,Baixo
2072,M16931,M,299.7,309.6,1313,60.0,186,0,0,0,0,0,0,0,0.0033660238,Baixo
2074,L49253,L,299.6,309.4,1677,31.1,191,0,0,0,0,0,0,0,1.132448e-06,Baixo
2075,L49254,L,299.5,309.4,1602,31.5,193,0,0,0,0,0,0,0,1.7944295e-06,Baixo
2076,L49255,L,299.5,309.4,1390,58.8,195,1,0,0,0,1,0,1,0.871182,Crítico
2077,L49256,L,299.4,309.3,1544,36.0,197,0,0,0,0,0,0,0,1.1296175e-05,Baixo
2078,L49257,L,299.4,309.4,1701,31.2,199,0,0,0,0,0,0,0,1.3040041e-05,Baixo
2079,M16938,M,299.4,309.3,1692,28.4,201,0,0,0,0,0,0,0,9.682358e-05,Baixo
2080,M16939,M,299.3,309.3,1523,37.9,204,0,0,0,0,0,0,0,0.009820564,Baixo
2081,L49260,L,299.3,309.2,2280,15.4,207,0,0,0,0,0,0,0,0.040153787,Baixo
2082,M16941,M,299.4,309.3,1485,47.1,209,0,0,0,0,0,0,0,8.321378e-05,Baixo
2083,H31496,H,299.4,309.2,1513,36.1,212,0,0,0,0,0,0,0,0.00010364645,Baixo
2084,H31497,H,299.4,309.3,1743,28.2,0,0,0,0,0,0,0,0,1.0429835e-06,Baixo
2085,L49264,L,299.5,309.3,1442,46.2,5,0,0,0,0,0,0,0,1.1882664e-06,Baixo
2086,L49265,L,299.5,309.3,1462,46.7,7,0,0,0,0,0,0,0,2.490051e-06,Baixo
2087,H31500,H,299.4,309.3,1439,49.7,9,0,0,0,0,0,0,0,1.075283e-06,Baixo
2088,L49267,L,299.5,309.3,1577,36.6,14,0,0,0,0,0,0,0,1.6234421e-07,Baixo
2089,L49268,L,299.6,309.4,1331,46.4,16,0,0,0,0,0,0,0,8.4037776e-05,Baixo
2090,L49269,L,299.5,309.3,1941,22.5,18,0,0,0,0,0,0,0,8.165598e-06,Baixo
2091,L49270,L,299.5,309.2,1393,47.3,20,0,0,0,0,0,0,0,3.923478e-07,Baixo
2092,L49271,L,299.4,309.2,1433,42.1,22,0,0,0,0,0,0,0,9.0714383e-07,Baixo
2093,L49272,L,299.4,309.2,1444,48.2,24,0,0,0,0,0,0,0,4.4955917e-07,Baixo
2094,L49273,L,299.4,309.2,1564,39.0,26,0,0,0,0,0,0,0,1.18758045e-07,Baixo
2095,L49274,L,299.4,309.3,1377,43.6,28,0,0,0,0,0,0,0,1.6664911e-06,Baixo
2096,L49275,L,299.4,309.3,1525,41.5,30,0,0,0,0,0,0,0,1.5697486e-06,Baixo
2097,M16956,M,299.5,309.4,1387,56.2,32,0,0,0,0,0,0,0,1.7566168e-05,Baixo
2098,M16957,M,299.4,309.4,1326,47.5,35,0,0,0,0,0,0,0,0.00020483203,Baixo
2099,L49278,L,299.4,309.3,1401,59.0,38,0,0,0,0,0,0,0,0.0017922925,Baixo
2100,L49279,L,299.4,309.3,1596,31.8,40,0,0,0,0,0,0,0,4.0344673e-08,Baixo
2101,M16960,M,299.3,309.3,1471,46.0,42,0,0,0,0,0,0,0,1.3236411e-06,Baixo
2102,L49281,L,299.3,309.3,1528,37.8,45,0,0,0,0,0,0,0,2.1135033e-06,Baixo
2103,L49282,L,299.3,309.3,1325,62.0,47,0,0,0,0,0,0,0,5.6410343e-05,Baixo
2104,M16963,M,299.3,309.1,1376,46.7,49,0,0,0,0,0,0,0,4.405623e-05,Baixo
2105,M16964,M,299.3,309.1,1600,35.3,52,0,0,0,0,0,0,0,4.821594e-08,Baixo
2106,L49285,L,299.3,309.1,1495,44.0,55,0,0,0,0,0,0,0,5.861299e-08,Baixo
2107,L49286,L,299.4,309.1,1645,28.6,57,0,0,0,0,0,0,0,4.977832e-07,Baixo
2108,M16967,M,299.4,309.1,1417,47.3,59,0,0,0,0,0,0,0,5.974173e-07,Baixo
2109,H31522,H,299.4,309.0,1415,51.7,62,0,0,0,0,0,0,0,2.5192585e-06,Baixo
2110,M16969,M,299.3,309.0,1496,43.4,67,0,0,0,0,0,0,0,2.23255e-07,Baixo
2111,H31524,H,299.3,309.0,1508,35.0,70,0,0,0,0,0,0,0,6.9247176e-07,Baixo
2112,L49291,L,299.4,309.0,1436,47.9,75,0,0,0,0,0,0,0,3.2312334e-07,Baixo
2113,L49292,L,299.5,309.1,1852,22.6,77,0,0,0,0,0,0,0,6.455855e-06,Baixo
2114,L49293,L,299.5,309.1,1863,22.5,79,0,0,0,0,0,0,0,5.028637e-06,Baixo
2115,H31528,H,299.4,309.1,1373,44.1,81,0,0,0,0,0,0,0,3.2724895e-06,Baixo
2116,L49295,L,299.4,309.0,1404,47.3,86,0,0,0,0,0,0,0,1.6806334e-06,Baixo
2117,M16976,M,299.4,309.0,1381,44.9,88,0,0,0,0,0,0,0,3.1824652e-06,Baixo
2118,H31531,H,299.4,308.9,1762,29.3,91,0,0,0,0,0,0,0,7.698334e-06,Baixo
2119,H31532,H,299.3,308.9,1429,43.0,96,0,0,0,0,0,0,0,8.981587e-06,Baixo
2120,M16979,M,299.3,308.9,1858,24.7,101,0,0,0,0,0,0,0,0.005331702,Baixo
2121,H31534,H,299.2,308.8,1908,21.3,104,0,0,0,0,0,0,0,6.5241466e-06,Baixo
2122,M16981,M,299.2,308.8,1503,37.4,109,0,0,0,0,0,0,0,0.0008453654,Baixo
2123,M16982,M,299.2,308.8,1523,38.9,112,0,0,0,0,0,0,0,2.1495787e-05,Baixo
2124,L49303,L,299.3,309.0,1491,38.4,115,0,0,0,0,0,0,0,1.2350664e-05,Baixo
2125,L49304,L,299.2,308.9,1430,39.1,117,0,0,0,0,0,0,0,8.4214276e-05,Baixo
2126,L49305,L,299.3,308.9,1258,69.4,119,1,0,0,1,0,0,1,0.99920243,Crítico
2127,L49306,L,299.3,309.0,1449,46.5,121,0,0,0,0,0,0,0,1.7395694e-05,Baixo
2128,H31541,H,299.3,309.0,1425,40.6,123,0,0,0,0,0,0,0,2.3605551e-05,Baixo
2129,L49308,L,299.4,309.0,1800,24.3,128,0,0,0,0,0,0,0,4.6717125e-07,Baixo
2130,H31543,H,299.4,309.0,1607,33.7,130,0,0,0,0,0,0,0,4.8311765e-08,Baixo
2131,L49310,L,299.4,309.0,1391,58.2,135,0,0,0,0,0,0,0,0.0002328353,Baixo
2132,L49311,L,299.4,309.1,1432,45.4,137,0,0,0,0,0,0,0,4.1158577e-07,Baixo
2133,L49312,L,299.4,309.0,1660,28.4,139,0,0,0,0,0,0,0,1.132247e-05,Baixo
2134,H31547,H,299.3,309.0,1732,29.7,141,0,0,0,0,0,0,0,8.79729e-06,Baixo
2135,L49314,L,299.3,309.0,1473,46.3,146,0,0,0,0,0,0,0,2.2411854e-07,Baixo
2136,L49315,L,299.3,309.0,1511,47.8,148,0,0,0,0,0,0,0,2.016517e-06,Baixo
2137,L49316,L,299.2,308.9,1588,41.5,150,0,0,0,0,0,0,0,5.498878e-06,Baixo
2138,L49317,L,299.3,308.9,1623,31.1,152,0,0,0,0,0,0,0,4.0102896e-07,Baixo
2139,L49318,L,299.3,309.0,1734,30.6,154,0,0,0,0,0,0,0,3.52228e-07,Baixo
2140,L49319,L,299.3,309.0,1415,47.6,156,0,0,0,0,0,0,0,7.585698e-07,Baixo
2141,L49320,L,299.3,309.0,1419,46.6,158,0,0,0,0,0,0,0,6.465877e-07,Baixo
2142,M17001,M,299.3,308.9,1577,34.9,160,0,0,0,0,0,0,0,1.3841212e-05,Baixo
2143,L49322,L,299.3,308.9,1376,60.3,163,0,0,0,0,0,0,0,0.0071626697,Baixo
2144,M17003,M,299.3,308.8,1442,49.0,165,0,0,0,0,0,0,0,5.1869615e-06,Baixo
2145,L49324,L,299.4,308.9,1451,40.5,168,0,0,0,0,0,0,0,0.00046801614,Baixo
2146,L49325,L,299.3,308.8,1550,45.8,170,0,0,0,0,0,0,0,1.0162552e-06,Baixo
2147,L49326,L,299.3,308.8,1647,32.9,172,0,0,0,0,0,0,0,1.7258672e-06,Baixo
2148,L49327,L,299.4,308.9,1550,33.7,174,0,0,0,0,0,0,0,6.782808e-06,Baixo
2149,L49328,L,299.4,308.9,1583,34.1,176,0,0,0,0,0,0,0,2.284932e-06,Baixo
2150,L49329,L,299.4,309.0,1613,32.2,178,0,0,0,0,0,0,0,3.6293613e-07,Baixo
2151,H31564,H,299.3,308.8,1636,35.5,180,0,0,0,0,0,0,0,3.2036592e-06,Baixo
2152,M17011,M,299.3,308.7,1289,51.5,185,0,0,0,0,0,0,0,3.947958e-05,Baixo
2153,M17012,M,299.3,308.8,1648,28.4,188,0,0,0,0,0,0,0,5.0515595e-05,Baixo
2154,H31567,H,299.3,308.8,1397,45.4,191,0,0,0,0,0,0,0,0.0003020499,Baixo
2155,M17014,M,299.3,308.9,1767,24.8,196,0,0,0,0,0,0,0,6.5171325e-06,Baixo
2156,L49335,L,299.3,308.8,1341,47.7,199,0,0,0,0,0,0,0,0.0010120623,Baixo
2157,M17016,M,299.4,308.9,1457,41.5,201,0,0,0,0,0,0,0,0.000103446306,Baixo
2158,M17017,M,299.4,309.0,1939,19.8,204,0,0,0,0,0,0,0,0.008597581,Baixo
2159,M17018,M,299.5,309.0,1399,49.7,207,0,0,0,0,0,0,0,0.21704732,Baixo
2160,M17019,M,299.5,309.0,1602,31.3,210,0,0,0,0,0,0,0,7.921319e-06,Baixo
2161,L49340,L,299.4,309.0,1507,41.0,213,0,0,0,0,0,0,0,0.001875557,Baixo
2162,L49341,L,299.4,309.1,1464,40.5,215,0,0,0,0,0,0,0,0.00014509297,Baixo
2163,L49342,L,299.5,309.1,1336,42.1,217,0,0,0,0,0,0,0,0.0006791238,Baixo
2164,L49343,L,299.6,309.2,1422,39.8,219,0,0,0,0,0,0,0,0.03964443,Baixo
2165,L49344,L,299.6,309.2,1540,36.7,221,0,0,0,0,0,0,0,0.0040717055,Baixo
2166,L49345,L,299.5,309.1,1476,47.8,223,0,0,0,0,0,0,0,0.0066927844,Baixo
2167,M17026,M,299.6,309.2,1867,23.4,225,1,1,0,0,0,0,1,0.8145367,Crítico
2168,H31581,H,299.6,309.1,1588,41.3,0,0,0,0,0,0,0,0,4.1566847e-07,Baixo
2169,M17028,M,299.5,309.1,1420,49.5,5,0,0,0,0,0,0,0,3.4354957e-07,Baixo
2170,L49349,L,299.5,309.1,1415,49.2,8,0,0,0,0,0,0,0,3.3808598e-07,Baixo
2171,M17030,M,299.4,309.1,1500,43.3,10,0,0,0,0,0,0,0,9.117148e-08,Baixo
2172,L49351,L,299.5,309.1,1502,44.6,13,0,0,0,0,0,0,0,2.512907e-07,Baixo
2173,L49352,L,299.5,309.2,1816,23.0,15,0,0,0,0,0,0,0,2.7514048e-07,Baixo
2174,M17033,M,299.5,309.2,1495,41.6,17,0,0,0,0,0,0,0,4.888359e-07,Baixo
2175,L49354,L,299.6,309.2,1572,33.4,20,0,0,0,0,0,0,0,1.1877119e-07,Baixo
2176,M17035,M,299.5,309.2,1590,35.9,22,0,0,0,0,0,0,0,5.747987e-06,Baixo
2177,M17036,M,299.6,309.3,1387,48.3,25,0,0,0,0,0,0,0,1.3822047e-05,Baixo
2178,M17037,M,299.6,309.2,1393,47.7,28,0,0,0,0,0,0,0,2.5095064e-06,Baixo
2179,L49358,L,299.6,309.2,1602,37.3,31,0,0,0,0,0,0,0,5.494258e-07,Baixo
2180,L49359,L,299.6,309.2,1601,33.3,33,0,0,0,0,0,0,0,1.4277683e-07,Baixo
2181,H31594,H,299.6,309.2,1597,36.3,35,0,0,0,0,0,0,0,1.1607454e-07,Baixo
2182,H31595,H,299.5,309.1,1548,44.3,40,0,0,0,0,0,0,0,3.9627226e-09,Baixo
2183,M17042,M,299.5,309.2,1314,61.8,45,0,0,0,0,0,0,0,5.5594115e-05,Baixo
2184,M17043,M,299.6,309.3,1577,39.8,48,0,0,0,0,0,0,0,1.5371395e-06,Baixo
2185,L49364,L,299.8,309.4,1475,43.4,51,0,0,0,0,0,0,0,2.87139e-07,Baixo
2186,L49365,L,299.8,309.4,1630,32.4,53,0,0,0,0,0,0,0,1.6876388e-08,Baixo
2187,L49366,L,299.7,309.4,1445,42.9,55,0,0,0,0,0,0,0,9.085022e-07,Baixo
2188,M17047,M,299.8,309.4,1439,47.4,57,0,0,0,0,0,0,0,1.4589588e-06,Baixo
2189,L49368,L,299.7,309.3,1420,44.1,60,0,0,0,0,0,0,0,1.5183882e-07,Baixo
2190,H31603,H,299.7,309.2,1554,41.6,62,0,0,0,0,0,0,0,1.08851076e-07,Baixo
2191,M17050,M,299.6,309.1,1471,44.3,67,0,0,0,0,0,0,0,1.2495177e-05,Baixo
2192,L49371,L,299.6,309.0,1648,33.6,70,0,0,0,0,0,0,0,1.3576066e-07,Baixo
2193,L49372,L,299.6,309.0,1472,48.8,72,0,0,0,0,0,0,0,2.6303535e-06,Baixo
2194,M17053,M,299.5,308.9,1448,42.9,74,0,0,0,0,0,0,0,1.5028115e-05,Baixo
2195,M17054,M,299.6,308.9,1568,35.3,77,0,0,0,0,0,0,0,4.2564448e-06,Baixo
2196,L49375,L,299.6,308.9,1613,30.8,80,0,0,0,0,0,0,0,1.357828e-05,Baixo
2197,M17056,M,299.7,308.9,1551,35.4,82,0,0,0,0,0,0,0,0.00023603316,Baixo
2198,L49377,L,299.7,309.0,1412,49.2,85,0,0,0,0,0,0,0,2.838714e-07,Baixo
2199,M17058,M,299.7,308.9,1478,41.0,87,0,0,0,0,0,0,0,0.00020606379,Baixo
2200,M17059,M,299.8,309.1,1268,58.0,90,0,0,0,0,0,0,0,8.141375e-05,Baixo
2201,L49380,L,299.8,309.1,1546,35.6,93,0,0,0,0,0,0,0,7.3452674e-07,Baixo
2202,L49381,L,299.8,309.0,1567,36.1,95,0,0,0,0,0,0,0,1.8780903e-06,Baixo
2203,M17062,M,299.9,309.2,1548,35.7,97,0,0,0,0,0,0,0,5.2203257e-05,Baixo
2204,L49383,L,299.8,309.0,1614,30.8,100,0,0,0,0,0,0,0,3.3577982e-07,Baixo
2205,M17064,M,299.7,309.1,1352,46.1,102,0,0,0,0,0,0,0,7.3714466e-05,Baixo
2206,L49385,L,299.9,309.2,1624,34.6,105,0,0,0,0,0,0,0,6.776414e-08,Baixo
2207,L49386,L,299.9,309.2,1436,52.0,107,0,0,0,0,0,0,0,1.4573249e-06,Baixo
2208,L49387,L,299.8,309.2,1591,37.5,109,0,0,0,0,0,0,0,5.168203e-06,Baixo
2209,H31622,H,299.8,309.2,1435,42.6,111,0,0,0,0,0,0,0,5.137568e-06,Baixo
2210,L49389,L,299.8,309.3,1386,49.4,116,0,0,0,0,0,0,0,1.5397981e-06,Baixo
2211,L49390,L,299.7,309.2,1401,54.1,118,0,0,0,0,0,0,0,4.606541e-06,Baixo
2212,M17071,M,299.6,309.0,1245,64.0,120,0,0,0,0,0,0,0,0.019549541,Baixo
2213,L49392,L,299.7,309.1,1475,40.0,123,0,0,0,0,0,0,0,8.085729e-07,Baixo
2214,L49393,L,299.7,309.1,1473,39.4,125,0,0,0,0,0,0,0,1.3272799e-07,Baixo
2215,H31628,H,299.7,309.2,1355,44.8,127,0,0,0,0,0,0,0,1.30935505e-05,Baixo
2216,H31629,H,299.7,309.2,1468,49.6,132,0,0,0,0,0,0,0,1.2179062e-07,Baixo
2217,L49396,L,299.7,309.2,1645,30.8,137,0,0,0,0,0,0,0,1.192494e-06,Baixo
2218,L49397,L,299.7,309.1,1347,55.3,139,0,0,0,0,0,0,0,2.303202e-06,Baixo
2219,L49398,L,299.7,309.1,1713,33.5,141,0,0,0,0,0,0,0,3.7787754e-07,Baixo
2220,M17079,M,299.6,309.1,1435,48.4,143,0,0,0,0,0,0,0,8.2763e-07,Baixo
2221,M17080,M,299.6,309.0,1736,26.1,146,0,0,0,0,0,0,0,5.3509284e-06,Baixo
2222,L49401,L,299.6,309.0,1372,60.4,149,0,0,0,0,0,0,0,0.0005179664,Baixo
2223,L49402,L,299.7,309.0,1605,33.0,151,0,0,0,0,0,0,0,5.7576425e-08,Baixo
2224,L49403,L,299.6,309.0,1413,48.5,153,0,0,0,0,0,0,0,2.9428313e-06,Baixo
2225,M17084,M,299.7,309.0,1645,31.9,155,0,0,0,0,0,0,0,9.540581e-07,Baixo
2226,M17085,M,299.7,309.0,1465,49.0,158,0,0,0,0,0,0,0,1.0025082e-06,Baixo
2227,M17086,M,299.6,308.9,1685,27.8,161,0,0,0,0,0,0,0,6.109304e-05,Baixo
2228,L49407,L,299.5,308.8,1965,20.4,164,0,0,0,0,0,0,0,0.00022940956,Baixo
2229,H31642,H,299.4,308.6,1542,41.8,166,0,0,0,0,0,0,0,4.525079e-06,Baixo
2230,L49409,L,299.4,308.7,1681,30.8,171,0,0,0,0,0,0,0,1.2351748e-05,Baixo
2231,L49410,L,299.5,308.7,1446,45.7,173,0,0,0,0,0,0,0,1.934746e-05,Baixo
2232,L49411,L,299.4,308.6,1415,56.4,175,0,0,0,0,0,0,0,0.0002980832,Baixo
2233,L49412,L,299.5,308.6,1672,30.5,177,0,0,0,0,0,0,0,0.00038539033,Baixo
2234,L49413,L,299.5,308.7,2549,13.0,179,1,0,0,1,0,0,1,0.6803706,Alto
2235,L49414,L,299.4,308.6,1492,40.5,181,0,0,0,0,0,0,0,9.135779e-06,Baixo
2236,M17095,M,299.4,308.6,1455,42.7,183,0,0,0,0,0,0,0,7.421872e-05,Baixo
2237,M17096,M,299.3,308.5,1422,43.1,186,0,0,0,0,0,0,0,8.5247186e-05,Baixo
2238,L49417,L,299.3,308.6,1403,50.6,189,0,0,0,0,0,0,0,6.605914e-05,Baixo
2239,L49418,L,299.3,308.6,1474,49.6,191,0,0,0,0,0,0,0,2.599915e-05,Baixo
2240,L49419,L,299.2,308.6,1381,50.0,193,0,0,0,0,0,0,0,5.2231495e-05,Baixo
2241,L49420,L,299.2,308.5,1457,44.7,195,0,0,0,0,0,0,0,8.370363e-05,Baixo
2242,L49421,L,299.2,308.4,1711,28.9,197,0,0,0,0,0,0,0,2.8501574e-05,Baixo
2243,L49422,L,299.2,308.4,1667,29.0,199,0,0,0,0,0,0,0,0.00038480494,Baixo
2244,L49423,L,299.2,308.4,1465,35.0,201,0,0,0,0,0,0,0,0.0067443796,Baixo
2245,M17104,M,299.3,308.4,1542,37.5,203,1,1,0,0,0,0,1,3.466224e-05,Baixo
2246,M17105,M,299.3,308.4,1438,42.3,0,0,0,0,0,0,0,0,9.060433e-06,Baixo
2247,L49426,L,299.3,308.4,1406,47.4,3,0,0,0,0,0,0,0,1.9231543e-06,Baixo
2248,M17107,M,299.2,308.4,1396,48.5,5,0,0,0,0,0,0,0,4.32182e-06,Baixo
2249,M17108,M,299.3,308.5,1304,60.6,8,0,0,0,0,0,0,0,0.00026573628,Baixo
2250,L49429,L,299.2,308.5,1442,46.5,11,0,0,0,0,0,0,0,3.3435128e-05,Baixo
2251,M17110,M,299.2,308.4,1396,48.7,13,0,0,0,0,0,0,0,2.2334783e-05,Baixo
2252,H31665,H,299.1,308.3,1424,43.4,16,0,0,0,0,0,0,0,5.598649e-07,Baixo
2253,H31666,H,299.1,308.3,1451,42.8,21,0,0,0,0,0,0,0,1.1148038e-06,Baixo
2254,L49433,L,299.2,308.4,1386,54.1,26,0,0,0,0,0,0,0,0.0002044806,Baixo
2255,L49434,L,299.1,308.3,1325,46.9,28,0,0,0,0,0,0,0,1.9216408e-05,Baixo
2256,L49435,L,299.1,308.3,1559,33.7,30,0,0,0,0,0,0,0,7.343803e-07,Baixo
2257,L49436,L,299.1,308.3,1489,38.1,32,0,0,0,0,0,0,0,5.2906116e-06,Baixo
2258,L49437,L,299.1,308.3,1892,25.2,34,0,0,0,0,0,0,0,9.6942385e-05,Baixo
2259,L49438,L,299.1,308.2,1319,60.3,36,0,0,0,0,0,0,0,0.00018031128,Baixo
2260,L49439,L,299.1,308.3,1431,52.3,38,0,0,0,0,0,0,0,3.354586e-06,Baixo
2261,H31674,H,299.1,308.3,1521,36.5,40,0,0,0,0,0,0,0,3.883141e-06,Baixo
2262,M17121,M,299.1,308.2,1435,45.2,45,0,0,0,0,0,0,0,1.9924007e-06,Baixo
2263,L49442,L,299.1,308.3,1533,42.4,48,0,0,0,0,0,0,0,9.775375e-07,Baixo
2264,M17123,M,299.2,308.4,1529,43.0,50,0,0,0,0,0,0,0,3.3438253e-06,Baixo
2265,M17124,M,299.2,308.4,1415,43.5,53,0,0,0,0,0,0,0,2.151894e-06,Baixo
2266,M17125,M,299.2,308.4,1330,51.2,56,0,0,0,0,0,0,0,3.5172689e-06,Baixo
2267,L49446,L,299.2,308.5,1381,60.6,59,0,0,0,0,0,0,0,0.00078782963,Baixo
2268,L49447,L,299.2,308.5,1370,52.4,61,0,0,0,0,0,0,0,0.00012306556,Baixo
2269,L49448,L,299.2,308.5,1438,46.6,63,0,0,0,0,0,0,0,2.2652837e-05,Baixo
2270,L49449,L,299.3,308.6,1314,48.2,65,0,0,0,0,0,0,0,3.600615e-05,Baixo
2271,L49450,L,299.3,308.6,1437,48.1,67,0,0,0,0,0,0,0,2.7038031e-06,Baixo
2272,L49451,L,299.2,308.5,1821,26.1,69,0,0,0,0,0,0,0,0.00015214528,Baixo
2273,M17132,M,299.3,308.6,1448,52.1,71,0,0,0,0,0,0,0,4.6455432e-05,Baixo
2274,L49453,L,299.3,308.5,1589,32.7,74,0,0,0,0,0,0,0,1.5541602e-06,Baixo
2275,L49454,L,299.3,308.6,1520,33.7,76,0,0,0,0,0,0,0,7.905063e-06,Baixo
2276,L49455,L,299.3,308.6,1605,37.0,78,0,0,0,0,0,0,0,1.3363986e-06,Baixo
2277,L49456,L,299.3,308.7,1393,54.2,80,0,0,0,0,0,0,0,0.0003138336,Baixo
2278,H31691,H,299.3,308.7,1408,44.4,82,0,0,0,0,0,0,0,2.6577463e-05,Baixo
2279,M17138,M,299.3,308.7,1459,35.6,87,0,0,0,0,0,0,0,9.634943e-05,Baixo
2280,L49459,L,299.4,308.7,1525,39.0,90,0,0,0,0,0,0,0,7.954835e-05,Baixo
2281,L49460,L,299.4,308.8,1390,57.0,92,0,0,0,0,0,0,0,0.0008682763,Baixo
2282,L49461,L,299.3,308.7,1536,38.9,94,0,0,0,0,0,0,0,0.00026674732,Baixo
2283,L49462,L,299.4,308.7,1459,47.6,96,0,0,0,0,0,0,0,2.4087949e-05,Baixo
2284,L49463,L,299.2,308.5,1387,51.1,98,0,0,0,0,0,0,0,8.8810186e-05,Baixo
2285,L49464,L,299.2,308.5,1378,53.4,100,0,0,0,0,0,0,0,0.00028541614,Baixo
2286,L49465,L,299.4,308.7,1381,56.7,102,0,0,0,0,0,0,0,0.0004605835,Baixo
2287,M17146,M,299.4,308.7,1289,60.5,104,0,0,0,0,0,0,0,0.0005431046,Baixo
2288,L49467,L,299.4,308.6,1746,26.8,107,0,0,0,0,0,0,0,1.6130933e-05,Baixo
2289,M17148,M,299.4,308.6,1541,39.1,109,0,0,0,0,0,0,0,1.879838e-07,Baixo
2290,L49469,L,299.4,308.7,1504,37.8,112,0,0,0,0,0,0,0,2.8160504e-05,Baixo
2291,M17150,M,299.5,308.7,1321,51.9,114,0,0,0,0,0,0,0,3.158554e-05,Baixo
2292,M17151,M,299.5,308.8,1886,20.9,117,0,0,0,0,0,0,0,4.082744e-05,Baixo
2293,L49472,L,299.6,308.9,1422,53.2,120,0,0,0,0,0,0,0,2.5982245e-06,Baixo
2294,L49473,L,299.5,308.9,1520,38.3,122,0,0,0,0,0,0,0,3.81983e-06,Baixo
2295,L49474,L,299.4,308.8,1627,32.6,124,0,0,0,0,0,0,0,7.2647487e-07,Baixo
2296,L49475,L,299.4,308.7,1512,37.2,126,0,0,0,0,0,0,0,4.2749907e-06,Baixo
2297,L49476,L,299.4,308.7,1553,42.7,128,0,0,0,0,0,0,0,1.8636439e-06,Baixo
2298,L49477,L,299.3,308.7,1802,26.0,130,0,0,0,0,0,0,0,7.0039514e-06,Baixo
2299,L49478,L,299.3,308.6,1482,37.6,132,0,0,0,0,0,0,0,7.907626e-05,Baixo
2300,L49479,L,299.4,308.7,1446,62.9,134,1,0,0,1,0,0,1,0.995622,Crítico
2301,L49480,L,299.3,308.6,1371,50.5,136,0,0,0,0,0,0,0,3.2601816e-05,Baixo
2302,M17161,M,299.2,308.6,1586,35.7,138,0,0,0,0,0,0,0,3.7843354e-05,Baixo
2303,L49482,L,299.2,308.5,1515,39.8,141,0,0,0,0,0,0,0,7.801389e-06,Baixo
2304,L49483,L,299.2,308.5,1374,53.6,143,0,0,0,0,0,0,0,0.00022981064,Baixo
2305,L49484,L,299.1,308.5,1455,39.8,145,0,0,0,0,0,0,0,0.00056895806,Baixo
2306,H31719,H,299.2,308.5,1342,47.5,147,0,0,0,0,0,0,0,1.29247155e-05,Baixo
2307,L49486,L,299.1,308.6,1260,57.8,152,0,0,0,0,0,0,0,4.0892905e-05,Baixo
2308,H31721,H,299.0,308.5,1623,33.5,154,0,0,0,0,0,0,0,4.922274e-06,Baixo
2309,L49488,L,299.1,308.5,1371,55.5,159,0,0,0,0,0,0,0,0.00013352145,Baixo
2310,L49489,L,299.1,308.6,1611,31.4,161,0,0,0,0,0,0,0,1.1054682e-06,Baixo
2311,M17170,M,299.0,308.4,1535,47.5,163,0,0,0,0,0,0,0,4.9230536e-08,Baixo
2312,M17171,M,299.1,308.6,1491,38.5,166,0,0,0,0,0,0,0,2.0807504e-06,Baixo
2313,M17172,M,299.1,308.6,1441,36.2,169,0,0,0,0,0,0,0,2.1729971e-05,Baixo
2314,M17173,M,299.1,308.8,1725,26.6,172,0,0,0,0,0,0,0,2.7115551e-05,Baixo
2315,L49494,L,299.2,308.9,1368,47.2,175,0,0,0,0,0,0,0,2.8850047e-05,Baixo
2316,L49495,L,299.2,308.9,1526,37.9,177,0,0,0,0,0,0,0,1.5608544e-05,Baixo
2317,L49496,L,299.2,308.8,1542,39.2,179,0,0,0,0,0,0,0,2.3690753e-05,Baixo
2318,L49497,L,299.2,308.8,1605,31.1,181,0,0,0,0,0,0,0,2.7081956e-07,Baixo
2319,L49498,L,299.2,308.8,1405,51.4,183,0,0,0,0,0,0,0,3.590267e-05,Baixo
2320,M17179,M,299.2,308.8,1700,33.5,185,0,0,0,0,0,0,0,3.9145007e-07,Baixo
2321,H31734,H,299.2,308.8,1440,39.1,188,0,0,0,0,0,0,0,0.00025130657,Baixo
2322,M17181,M,299.2,308.8,1314,52.5,193,0,0,0,0,0,0,0,1.3358622e-05,Baixo
2323,L49502,L,299.2,308.7,1514,41.9,196,0,0,0,0,0,0,0,6.110872e-06,Baixo
2324,M17183,M,299.2,308.7,1401,47.0,198,0,0,0,0,0,0,0,0.004939485,Baixo
2325,L49504,L,299.3,308.8,1636,29.9,201,0,0,0,0,0,0,0,0.0007258215,Baixo
2326,L49505,L,299.3,308.8,1603,33.9,203,0,0,0,0,0,0,0,0.00011264185,Baixo
2327,M17186,M,299.4,308.7,1487,52.6,205,0,0,0,0,0,0,0,0.04474667,Baixo
2328,M17187,M,299.3,308.7,1420,50.3,208,0,0,0,0,0,0,0,0.0034306732,Baixo
2329,L49508,L,299.3,308.7,1579,36.3,211,0,0,0,0,0,0,0,0.00068392657,Baixo
2330,L49509,L,299.3,308.7,1484,40.5,213,0,0,0,0,0,0,0,0.014802526,Baixo
2331,M17190,M,299.3,308.7,1390,49.3,215,0,0,0,0,0,0,0,0.005056931,Baixo
2332,L49511,L,299.3,308.6,1384,53.6,218,1,0,0,0,1,0,1,0.99919873,Crítico
2333,L49512,L,299.2,308.5,1378,50.4,220,1,0,0,0,1,0,1,0.1510877,Baixo
2334,L49513,L,299.2,308.5,1445,45.2,222,0,0,0,0,0,0,0,0.937477,Crítico
2335,L49514,L,299.2,308.4,1445,43.5,224,0,0,0,0,0,0,0,0.48219335,Moderado
2336,L49515,L,299.2,308.4,1509,39.4,0,0,0,0,0,0,0,0,1.19173255e-05,Baixo
2337,L49516,L,299.2,308.4,1434,46.8,2,0,0,0,0,0,0,0,4.4459757e-05,Baixo
2338,L49517,L,299.2,308.4,1877,23.9,4,0,0,0,0,0,0,0,0.00022089112,Baixo
2339,L49518,L,299.3,308.3,1651,28.0,6,0,0,0,0,0,0,0,7.823703e-07,Baixo
2340,L49519,L,299.2,308.2,1466,41.3,8,0,0,0,0,0,0,0,1.3366356e-05,Baixo
2341,L49520,L,299.1,308.1,1479,40.7,10,0,0,0,0,0,0,0,1.4914936e-05,Baixo
2342,L49521,L,299.1,308.2,1409,46.4,12,0,0,0,0,0,0,0,2.001362e-05,Baixo
2343,M17202,M,299.2,308.2,1674,28.2,14,0,0,0,0,0,0,0,1.862814e-06,Baixo
2344,L49523,L,299.1,308.3,1305,61.4,17,0,0,0,0,0,0,0,0.0049953707,Baixo
2345,M17204,M,299.2,308.3,1755,26.4,19,0,0,0,0,0,0,0,3.3344886e-06,Baixo
2346,L49525,L,299.2,308.4,1475,38.7,22,0,0,0,0,0,0,0,2.8818946e-05,Baixo
2347,L49526,L,299.2,308.4,1402,47.7,24,0,0,0,0,0,0,0,2.2142606e-06,Baixo
2348,L49527,L,299.2,308.3,1410,43.0,26,0,0,0,0,0,0,0,5.161406e-06,Baixo
2349,L49528,L,299.2,308.4,1436,41.8,28,0,0,0,0,0,0,0,1.4081478e-05,Baixo
2350,M17209,M,299.3,308.5,1386,42.2,30,0,0,0,0,0,0,0,8.534862e-05,Baixo
2351,L49530,L,299.3,308.6,1744,26.4,33,0,0,0,0,0,0,0,3.1572658e-06,Baixo
2352,L49531,L,299.2,308.4,1393,48.4,35,0,0,0,0,0,0,0,3.3173637e-06,Baixo
2353,M17212,M,299.3,308.5,1422,45.4,37,0,0,0,0,0,0,0,2.525371e-06,Baixo
2354,L49533,L,299.2,308.4,1841,22.8,40,0,0,0,0,0,0,0,7.7966206e-07,Baixo
2355,L49534,L,299.3,308.6,1433,37.7,42,0,0,0,0,0,0,0,0.00043201,Baixo
2356,M17215,M,299.3,308.5,1305,60.6,44,0,0,0,0,0,0,0,7.1466566e-05,Baixo
2357,H31770,H,299.3,308.6,1498,39.5,47,0,0,0,0,0,0,0,6.469898e-07,Baixo
2358,L49537,L,299.3,308.5,1772,26.1,52,0,0,0,0,0,0,0,3.367381e-05,Baixo
2359,M17218,M,299.2,308.4,1381,42.5,54,0,0,0,0,0,0,0,5.2018727e-06,Baixo
2360,L49539,L,299.3,308.5,1413,38.5,57,0,0,0,0,0,0,0,0.0002187118,Baixo
2361,H31774,H,299.2,308.4,1388,53.2,59,0,0,0,0,0,0,0,2.091168e-05,Baixo
2362,M17221,M,299.2,308.6,1631,35.4,64,0,0,0,0,0,0,0,7.691135e-06,Baixo
2363,H31776,H,299.3,308.6,1520,41.4,67,0,0,0,0,0,0,0,2.1086245e-05,Baixo
2364,L49543,L,299.3,308.5,1510,45.4,72,0,0,0,0,0,0,0,7.159694e-07,Baixo
2365,L49544,L,299.2,308.5,1366,49.7,74,0,0,0,0,0,0,0,5.71672e-05,Baixo
2366,L49545,L,299.4,308.5,1845,22.9,76,0,0,0,0,0,0,0,1.2793885e-06,Baixo
2367,L49546,L,299.3,308.5,1485,44.7,78,0,0,0,0,0,0,0,8.3496167e-07,Baixo
2368,M17227,M,299.3,308.5,1496,39.4,80,0,0,0,0,0,0,0,2.5435216e-05,Baixo
2369,M17228,M,299.3,308.4,1468,42.2,83,0,0,0,0,0,0,0,1.5723866e-05,Baixo
2370,M17229,M,299.2,308.4,1856,22.7,86,0,0,0,0,0,0,0,1.0269632e-05,Baixo
2371,L49550,L,299.2,308.4,1620,34.1,89,0,0,0,0,0,0,0,1.3171674e-06,Baixo
2372,L49551,L,299.3,308.5,1409,44.8,91,0,0,0,0,0,0,0,1.4872212e-05,Baixo
2373,M17232,M,299.3,308.5,1404,49.4,93,0,0,0,0,0,0,0,4.035217e-06,Baixo
2374,L49553,L,299.2,308.4,1350,51.3,96,0,0,0,0,0,0,0,0.00012453907,Baixo
2375,M17234,M,299.2,308.4,1538,38.0,98,0,0,0,0,0,0,0,0.00011158135,Baixo
2376,M17235,M,299.2,308.4,1476,32.7,101,0,0,0,0,0,0,0,2.3155613e-05,Baixo
2377,M17236,M,299.2,308.3,1364,51.8,104,0,0,0,0,0,0,0,0.00010575389,Baixo
2378,M17237,M,299.2,308.3,1582,45.5,107,0,0,0,0,0,0,0,4.564474e-05,Baixo
2379,L49558,L,299.1,308.2,1348,56.1,110,0,0,0,0,0,0,0,9.312302e-05,Baixo
2380,H31793,H,299.1,308.2,1450,46.1,112,0,0,0,0,0,0,0,1.4776269e-06,Baixo
2381,L49560,L,299.0,308.1,1242,60.9,117,0,0,0,0,0,0,0,0.0008526877,Baixo
2382,L49561,L,299.1,308.2,1493,34.9,119,0,0,0,0,0,0,0,1.7610585e-06,Baixo
2383,L49562,L,299.1,308.3,1601,31.4,121,0,0,0,0,0,0,0,9.4851237e-07,Baixo
2384,L49563,L,299.1,308.2,1568,33.3,123,0,0,0,0,0,0,0,4.1695162e-07,Baixo
2385,M17244,M,299.1,308.3,1506,38.0,125,0,0,0,0,0,0,0,2.8040233e-06,Baixo
2386,L49565,L,299.1,308.3,1524,34.1,128,0,0,0,0,0,0,0,4.748355e-06,Baixo
2387,L49566,L,299.1,308.4,1543,37.9,130,0,0,0,0,0,0,0,8.4596104e-05,Baixo
2388,M17247,M,299.2,308.5,1474,47.2,132,0,0,0,0,0,0,0,1.6535916e-05,Baixo
2389,M17248,M,299.2,308.5,1526,37.3,135,0,0,0,0,0,0,0,0.0010656005,Baixo
2390,L49569,L,299.2,308.5,1867,27.0,138,0,0,0,0,0,0,0,0.00021263701,Baixo
2391,L49570,L,299.2,308.5,1487,41.2,140,0,0,0,0,0,0,0,5.0985554e-06,Baixo
2392,L49571,L,299.2,308.4,1580,32.6,142,0,0,0,0,0,0,0,2.224178e-06,Baixo
2393,L49572,L,299.2,308.5,1340,50.0,144,0,0,0,0,0,0,0,4.8582656e-06,Baixo
2394,L49573,L,299.2,308.5,1544,41.6,146,0,0,0,0,0,0,0,3.5540317e-05,Baixo
2395,L49574,L,299.2,308.5,1488,40.3,148,0,0,0,0,0,0,0,5.4054185e-06,Baixo
2396,M17255,M,299.2,308.5,1742,28.9,150,0,0,0,0,0,0,0,7.991604e-07,Baixo
2397,M17256,M,299.1,308.5,1592,34.2,153,0,0,0,0,0,0,0,2.0191369e-07,Baixo
2398,L49577,L,299.2,308.6,1582,38.8,156,0,0,0,0,0,0,0,2.6905973e-06,Baixo
2399,L49578,L,299.2,308.5,1490,43.2,158,0,0,0,0,0,0,0,1.2909871e-05,Baixo
2400,M17259,M,299.2,308.5,1594,35.8,160,0,0,0,0,0,0,0,0.00016275316,Baixo
2401,H31814,H,299.2,308.6,1462,55.0,163,0,0,0,0,0,0,0,0.00019847373,Baixo
2402,M17261,M,299.2,308.6,1367,47.6,168,0,0,0,0,0,0,0,9.371139e-06,Baixo
2403,L49582,L,299.2,308.7,1325,51.0,171,0,0,0,0,0,0,0,8.8250476e-05,Baixo
2404,H31817,H,299.2,308.7,1448,51.4,173,0,0,0,0,0,0,0,4.5107774e-07,Baixo
2405,M17264,M,299.1,308.7,2008,20.3,178,0,0,0,0,0,0,0,0.00014767124,Baixo
2406,L49585,L,299.1,308.7,1498,38.9,181,0,0,0,0,0,0,0,1.6378595e-05,Baixo
2407,L49586,L,299.1,308.6,1437,41.6,183,0,0,0,0,0,0,0,0.0007251816,Baixo
2408,M17267,M,299.1,308.6,1499,45.1,185,0,0,0,0,0,0,0,3.427117e-05,Baixo
2409,L49588,L,299.0,308.4,1356,52.6,188,0,0,0,0,0,0,0,0.0004540633,Baixo
2410,L49589,L,299.1,308.5,1539,46.8,190,0,0,0,0,0,0,0,3.1803174e-06,Baixo
2411,L49590,L,299.1,308.5,1689,32.1,192,0,0,0,0,0,0,0,2.8856668e-06,Baixo
2412,L49591,L,299.0,308.5,1559,38.1,194,0,0,0,0,0,0,0,6.057256e-05,Baixo
2413,L49592,L,299.1,308.6,1408,46.7,196,0,0,0,0,0,0,0,7.008464e-05,Baixo
2414,L49593,L,299.0,308.5,1886,23.0,198,0,0,0,0,0,0,0,0.0005126196,Baixo
2415,L49594,L,299.1,308.5,1415,43.4,0,0,0,0,0,0,0,0,5.509944e-06,Baixo
2416,M17275,M,299.1,308.5,1587,35.6,2,0,0,0,0,0,0,0,1.5293987e-05,Baixo
2417,L49596,L,299.0,308.4,1571,38.6,5,0,0,0,0,0,0,0,9.339359e-06,Baixo
2418,L49597,L,298.9,308.3,1576,36.6,7,0,0,0,0,0,0,0,6.8261295e-07,Baixo
2419,L49598,L,298.9,308.3,1660,34.4,9,0,0,0,0,0,0,0,5.085838e-07,Baixo
2420,M17279,M,298.9,308.2,1328,49.2,11,0,0,0,0,0,0,0,2.151e-05,Baixo
2421,H31834,H,298.8,308.2,1450,44.7,14,0,0,0,0,0,0,0,2.2661035e-07,Baixo
2422,L49601,L,298.9,308.2,2384,15.0,19,0,0,0,0,0,0,0,0.00077029795,Baixo
2423,L49602,L,298.8,308.2,1443,53.4,21,0,0,0,0,0,0,0,3.0729934e-05,Baixo
2424,M17283,M,298.9,308.2,2022,20.0,23,0,0,0,0,0,0,0,6.1905394e-06,Baixo
2425,L49604,L,298.9,308.2,1828,23.8,26,0,0,0,0,0,0,0,1.0422275e-05,Baixo
2426,L49605,L,298.8,308.1,1472,53.5,28,0,0,0,0,0,0,0,9.086079e-06,Baixo
2427,M17286,M,298.9,308.2,1372,63.6,30,1,0,0,1,0,0,1,0.77483135,Alto
2428,L49607,L,298.9,308.3,1855,23.8,33,0,0,0,0,0,0,0,2.5046552e-06,Baixo
2429,M17288,M,299.0,308.3,1377,47.2,35,0,0,0,0,0,0,0,9.560086e-06,Baixo
2430,L49609,L,298.9,308.3,1432,48.9,38,0,0,0,0,0,0,0,3.1301752e-06,Baixo
2431,M17290,M,298.9,308.2,1335,47.8,40,0,0,0,0,0,0,0,3.4200272e-07,Baixo
2432,M17291,M,298.9,308.2,1411,51.3,43,0,0,0,0,0,0,0,0.0001564838,Baixo
2433,L49612,L,298.9,308.2,1510,43.5,46,0,0,0,0,0,0,0,6.5684196e-07,Baixo
2434,L49613,L,299.0,308.3,1441,44.0,48,0,0,0,0,0,0,0,3.4602135e-06,Baixo
2435,M17294,M,299.0,308.2,1358,42.7,50,0,0,0,0,0,0,0,0.000103060345,Baixo
2436,L49615,L,298.9,308.2,1686,30.4,53,0,0,0,0,0,0,0,3.1408983e-06,Baixo
2437,H31850,H,299.0,308.2,1662,30.4,55,0,0,0,0,0,0,0,3.9435654e-06,Baixo
2438,L49617,L,299.1,308.3,1426,40.1,60,0,0,0,0,0,0,0,0.00025182895,Baixo
2439,M17298,M,299.1,308.4,1330,53.6,62,0,0,0,0,0,0,0,1.4573162e-05,Baixo
2440,L49619,L,299.1,308.4,1693,31.6,65,0,0,0,0,0,0,0,1.2736765e-06,Baixo
2441,L49620,L,299.1,308.4,1426,47.9,67,0,0,0,0,0,0,0,7.85446e-06,Baixo
2442,L49621,L,299.1,308.5,1676,31.0,69,0,0,0,0,0,0,0,6.347952e-06,Baixo
2443,M17302,M,299.1,308.4,1332,51.7,71,0,0,0,0,0,0,0,6.8094523e-06,Baixo
2444,L49623,L,299.1,308.5,1647,35.0,74,0,0,0,0,0,0,0,1.44247015e-05,Baixo
2445,L49624,L,299.2,308.6,1267,68.2,76,1,0,0,1,0,0,1,0.9993666,Crítico
2446,H31859,H,299.2,308.7,1375,55.1,78,0,0,0,0,0,0,0,0.00021305283,Baixo
2447,L49626,L,299.3,308.6,1422,48.9,83,0,0,0,0,0,0,0,2.8994045e-06,Baixo
2448,L49627,L,299.3,308.7,1408,48.7,85,0,0,0,0,0,0,0,3.1662753e-06,Baixo
2449,L49628,L,299.4,308.9,1440,42.5,87,0,0,0,0,0,0,0,1.2943403e-05,Baixo
2450,L49629,L,299.3,308.8,1772,25.2,89,0,0,0,0,0,0,0,9.136947e-06,Baixo
2451,L49630,L,299.2,308.7,1492,37.8,91,0,0,0,0,0,0,0,4.973421e-05,Baixo
2452,L49631,L,299.2,308.7,1650,30.5,93,0,0,0,0,0,0,0,2.3800174e-05,Baixo
2453,M17312,M,299.1,308.6,2329,14.6,95,0,0,0,0,0,0,0,0.002704585,Baixo
2454,L49633,L,299.0,308.6,1648,30.8,98,0,0,0,0,0,0,0,1.7948652e-05,Baixo
2455,L49634,L,299.0,308.6,1653,31.7,100,0,0,0,0,0,0,0,1.6342989e-06,Baixo
2456,L49635,L,299.0,308.6,1946,22.3,102,0,0,0,0,0,0,0,4.8528573e-06,Baixo
2457,L49636,L,299.1,308.6,1555,36.6,104,0,0,0,0,0,0,0,3.9122347e-06,Baixo
2458,L49637,L,299.0,308.6,1661,32.2,106,0,0,0,0,0,0,0,1.705287e-06,Baixo
2459,L49638,L,299.0,308.6,1434,45.9,108,0,0,0,0,0,0,0,2.8649697e-06,Baixo
2460,L49639,L,299.0,308.6,1297,54.2,110,0,0,0,0,0,0,0,2.2192806e-05,Baixo
2461,L49640,L,299.0,308.6,1466,46.4,112,0,0,0,0,0,0,0,5.4201873e-06,Baixo
2462,M17321,M,298.9,308.6,1517,39.8,114,0,0,0,0,0,0,0,3.4889777e-05,Baixo
2463,L49642,L,298.9,308.5,1742,34.5,117,0,0,0,0,0,0,0,8.8058835e-07,Baixo
2464,L49643,L,298.9,308.5,1580,39.1,119,0,0,0,0,0,0,0,3.244197e-06,Baixo
2465,M17324,M,298.9,308.5,1534,42.9,121,0,0,0,0,0,0,0,1.2531418e-05,Baixo
2466,L49645,L,298.9,308.6,1481,40.7,124,0,0,0,0,0,0,0,5.5787546e-06,Baixo
2467,L49646,L,299.0,308.6,1429,37.7,126,0,0,0,0,0,0,0,0.00042591948,Baixo
2468,M17327,M,298.9,308.6,1574,33.5,128,0,0,0,0,0,0,0,2.4831047e-07,Baixo
2469,M17328,M,298.9,308.6,1524,40.4,131,0,0,0,0,0,0,0,1.5613277e-05,Baixo
2470,L49649,L,299.0,308.7,1507,37.5,134,0,0,0,0,0,0,0,0.00018552765,Baixo
2471,L49650,L,298.9,308.5,1467,44.7,136,0,0,0,0,0,0,0,2.251959e-06,Baixo
2472,L49651,L,298.9,308.4,1301,51.1,138,0,0,0,0,0,0,0,1.9666606e-05,Baixo
2473,L49652,L,298.9,308.5,1429,55.1,140,0,0,0,0,0,0,0,3.8256978e-05,Baixo
2474,M17333,M,298.9,308.5,1555,37.6,142,0,0,0,0,0,0,0,0.00012605258,Baixo
2475,L49654,L,298.9,308.5,1503,40.6,145,0,0,0,0,0,0,0,5.058893e-06,Baixo
2476,L49655,L,298.9,308.5,1459,43.1,147,0,0,0,0,0,0,0,8.033854e-06,Baixo
2477,H31890,H,298.9,308.4,1449,42.4,149,0,0,0,0,0,0,0,2.5522045e-06,Baixo
2478,L49657,L,298.9,308.5,1387,57.3,154,0,0,0,0,0,0,0,0.00034047966,Baixo
2479,M17338,M,298.9,308.5,1456,50.0,156,0,0,0,0,0,0,0,1.7992303e-05,Baixo
2480,L49659,L,299.0,308.5,1604,34.7,159,0,0,0,0,0,0,0,6.7140554e-06,Baixo
2481,L49660,L,299.0,308.6,1734,32.4,161,0,0,0,0,0,0,0,3.095319e-06,Baixo
2482,L49661,L,299.0,308.6,1378,47.8,163,0,0,0,0,0,0,0,0.00020815164,Baixo
2483,L49662,L,298.9,308.7,1504,41.8,165,0,0,0,0,0,0,0,4.887547e-06,Baixo
2484,M17343,M,298.9,308.7,1402,49.8,167,0,0,0,0,0,0,0,1.6553573e-05,Baixo
2485,H31898,H,298.8,308.6,1524,37.7,170,0,0,0,0,0,0,0,4.618127e-06,Baixo
2486,L49665,L,298.8,308.6,1593,35.5,175,0,0,0,0,0,0,0,1.4709465e-05,Baixo
2487,M17346,M,298.9,308.7,1772,28.4,177,0,0,0,0,0,0,0,8.759049e-05,Baixo
2488,H31901,H,298.9,308.6,1623,31.0,180,0,0,0,0,0,0,0,3.5985875e-06,Baixo
2489,L49668,L,298.9,308.7,1356,50.7,185,0,0,0,0,0,0,0,4.7997026e-05,Baixo
2490,H31903,H,298.9,308.7,1500,41.6,187,0,0,0,0,0,0,0,4.9894047e-06,Baixo
2491,H31904,H,299.1,308.8,1566,46.6,192,0,0,0,0,0,0,0,3.0446697e-06,Baixo
2492,L49671,L,299.1,308.9,1445,43.4,197,0,0,0,0,0,0,0,2.8641187e-05,Baixo
2493,H31906,H,299.0,308.8,1382,58.5,199,0,0,0,0,0,0,0,0.09732808,Baixo
2494,M17353,M,299.0,308.8,1418,45.7,204,0,0,0,0,0,0,0,0.00077044003,Baixo
2495,L49674,L,299.1,308.8,1329,53.6,207,1,0,0,0,1,0,1,0.99758303,Crítico
2496,M17355,M,299.1,308.8,1491,41.0,209,0,0,0,0,0,0,0,0.0073773395,Baixo
2497,M17356,M,299.2,308.9,1573,37.4,212,0,0,0,0,0,0,0,0.10991161,Baixo
2498,M17357,M,299.2,308.9,1521,42.3,215,0,0,0,0,0,0,0,6.155045e-05,Baixo
2499,L49678,L,299.1,308.9,1467,47.2,218,0,0,0,0,0,0,0,0.0049245735,Baixo
2500,M17359,M,299.1,308.9,1325,48.4,220,0,0,0,0,0,0,0,0.10082738,Baixo
2501,L49680,L,299.1,308.9,1617,32.3,223,0,0,0,0,0,0,0,0.0032301531,Baixo
2502,M17361,M,299.1,308.9,1476,42.7,225,0,0,0,0,0,0,0,0.00045294754,Baixo
2503,L49682,L,299.2,309.0,1515,48.9,228,1,0,0,0,1,0,1,0.86978877,Crítico
2504,L49683,L,299.2,309.0,1408,47.2,0,0,0,0,0,0,0,0,3.5315236e-06,Baixo
2505,L49684,L,299.2,309.1,1468,45.6,2,0,0,0,0,0,0,0,7.9991753e-07,Baixo
2506,L49685,L,299.2,309.1,1387,48.7,4,0,0,0,0,0,0,0,7.46265e-06,Baixo
2507,M17366,M,299.2,309.1,1503,34.7,6,0,0,0,0,0,0,0,5.3206696e-07,Baixo
2508,H31921,H,299.2,309.1,1410,47.1,9,0,0,0,0,0,0,0,1.2670321e-07,Baixo
2509,L49688,L,299.0,308.9,1615,30.6,14,0,0,0,0,0,0,0,1.050298e-06,Baixo
2510,L49689,L,299.0,308.9,1511,35.9,16,0,0,0,0,0,0,0,7.434165e-06,Baixo
2511,L49690,L,299.1,309.0,1405,53.8,18,0,0,0,0,0,0,0,2.656815e-06,Baixo
2512,M17371,M,299.0,308.9,1526,41.1,20,0,0,0,0,0,0,0,1.8776012e-05,Baixo
2513,L49692,L,298.9,308.8,1530,38.3,23,0,0,0,0,0,0,0,7.8706853e-07,Baixo
2514,L49693,L,299.0,308.7,1583,32.5,25,0,0,0,0,0,0,0,3.888459e-07,Baixo
2515,L49694,L,298.9,308.6,2069,18.7,27,0,0,0,0,0,0,0,1.7492614e-05,Baixo
2516,L49695,L,298.8,308.5,1490,35.0,29,0,0,0,0,0,0,0,3.3724496e-06,Baixo
2517,L49696,L,298.8,308.5,1736,29.0,31,0,0,0,0,0,0,0,2.9565672e-06,Baixo
2518,L49697,L,298.8,308.5,1395,44.4,33,0,0,0,0,0,0,0,7.951351e-06,Baixo
2519,M17378,M,298.9,308.6,1425,49.6,35,0,0,0,0,0,0,0,3.3702108e-07,Baixo
2520,L49699,L,298.8,308.6,1631,32.4,38,0,0,0,0,0,0,0,5.0639864e-07,Baixo
2521,L49700,L,298.8,308.6,1535,41.2,40,0,0,0,0,0,0,0,5.4168077e-06,Baixo
2522,L49701,L,298.8,308.6,1584,34.4,42,0,0,0,0,0,0,0,3.3582114e-07,Baixo
2523,M17382,M,298.8,308.7,1543,38.2,44,0,0,0,0,0,0,0,2.7231645e-05,Baixo
2524,L49703,L,298.8,308.7,1635,35.2,47,0,0,0,0,0,0,0,3.6661595e-07,Baixo
2525,M17384,M,298.8,308.7,1446,45.5,49,0,0,0,0,0,0,0,1.9450908e-06,Baixo
2526,M17385,M,298.8,308.6,1598,35.1,52,0,0,0,0,0,0,0,9.1881174e-07,Baixo
2527,L49706,L,298.8,308.6,1501,35.0,55,0,0,0,0,0,0,0,5.594119e-06,Baixo
2528,L49707,L,298.8,308.5,1450,50.8,57,0,0,0,0,0,0,0,4.896215e-06,Baixo
2529,L49708,L,298.8,308.6,1730,25.9,59,0,0,0,0,0,0,0,5.727073e-07,Baixo
2530,M17389,M,298.8,308.6,1571,33.7,61,0,0,0,0,0,0,0,1.475661e-06,Baixo
2531,L49710,L,298.9,308.7,1438,51.7,64,0,0,0,0,0,0,0,2.3636547e-05,Baixo
2532,M17391,M,298.8,308.5,1510,38.7,66,0,0,0,0,0,0,0,0.00011786086,Baixo
2533,L49712,L,298.9,308.7,1389,44.9,69,0,0,0,0,0,0,0,1.0784258e-05,Baixo
2534,L49713,L,298.8,308.7,1490,33.6,71,0,0,0,0,0,0,0,2.1986865e-05,Baixo
2535,L49714,L,298.9,308.7,1729,26.6,73,0,0,0,0,0,0,0,3.6726437e-05,Baixo
2536,L49715,L,299.0,308.8,1495,38.4,75,0,0,0,0,0,0,0,2.6724026e-06,Baixo
2537,L49716,L,298.9,308.8,1281,53.9,77,0,0,0,0,0,0,0,3.087902e-05,Baixo
2538,H31951,H,298.9,308.7,1353,48.1,79,0,0,0,0,0,0,0,1.2243571e-05,Baixo
2539,L49718,L,299.1,308.8,1429,50.1,84,0,0,0,0,0,0,0,2.2478478e-06,Baixo
2540,L49719,L,299.1,308.8,1413,42.1,86,0,0,0,0,0,0,0,2.6550242e-06,Baixo
2541,L49720,L,299.1,308.8,1502,38.3,88,0,0,0,0,0,0,0,1.4409371e-05,Baixo
2542,H31955,H,299.1,308.8,1553,32.6,90,0,0,0,0,0,0,0,8.24125e-06,Baixo
2543,H31956,H,299.2,308.9,1712,26.4,95,0,0,0,0,0,0,0,1.2037947e-05,Baixo
2544,L49723,L,299.3,309.0,1786,23.5,100,0,0,0,0,0,0,0,2.7769115e-06,Baixo
2545,L49724,L,299.2,309.0,1951,21.4,102,0,0,0,0,0,0,0,5.2878927e-06,Baixo
2546,M17405,M,299.2,309.0,1541,36.3,104,0,0,0,0,0,0,0,1.0456324e-05,Baixo
2547,L49726,L,299.2,309.1,1605,34.3,107,0,0,0,0,0,0,0,2.0429509e-08,Baixo
2548,L49727,L,299.2,309.1,1578,38.1,109,0,0,0,0,0,0,0,2.2436884e-06,Baixo
2549,M17408,M,299.3,309.2,1440,37.5,111,0,0,0,0,0,0,0,0.00023945823,Baixo
2550,L49729,L,299.4,309.2,1489,42.3,114,0,0,0,0,0,0,0,3.8450014e-07,Baixo
2551,L49730,L,299.4,309.3,1366,48.4,116,0,0,0,0,0,0,0,2.7693908e-05,Baixo
2552,L49731,L,299.3,309.2,1541,37.2,118,0,0,0,0,0,0,0,2.5312952e-06,Baixo
2553,H31966,H,299.3,309.1,1552,40.7,120,0,0,0,0,0,0,0,3.0410336e-06,Baixo
2554,L49733,L,299.3,309.1,1473,40.3,125,0,0,0,0,0,0,0,1.5327846e-06,Baixo
2555,L49734,L,299.3,309.1,1531,37.9,127,0,0,0,0,0,0,0,8.786255e-07,Baixo
2556,L49735,L,299.3,309.2,1511,37.2,129,0,0,0,0,0,0,0,4.525778e-06,Baixo
2557,M17416,M,299.3,309.1,1449,47.9,131,0,0,0,0,0,0,0,1.2635068e-06,Baixo
2558,M17417,M,299.4,309.1,1440,50.0,134,0,0,0,0,0,0,0,7.2246e-07,Baixo
2559,M17418,M,299.2,309.0,1881,23.9,137,0,0,0,0,0,0,0,0.00028957304,Baixo
2561,M17420,M,299.4,309.1,1326,62.0,142,0,0,0,0,0,0,0,0.0004935106,Baixo
2562,L49741,L,299.4,309.2,1607,31.7,145,0,0,0,0,0,0,0,3.801594e-07,Baixo
2563,L49742,L,299.3,309.1,1551,39.1,147,0,0,0,0,0,0,0,1.087845e-06,Baixo
2564,L49743,L,299.3,309.1,1496,37.2,149,0,0,0,0,0,0,0,1.6042163e-06,Baixo
2565,L49744,L,299.3,309.1,1493,38.0,151,0,0,0,0,0,0,0,1.7165895e-06,Baixo
2566,L49745,L,299.4,309.1,1304,50.5,153,0,0,0,0,0,0,0,4.504159e-06,Baixo
2567,M17426,M,299.3,309.0,1420,41.6,155,0,0,0,0,0,0,0,2.6742337e-05,Baixo
2568,L49747,L,299.4,309.1,1766,24.6,158,0,0,0,0,0,0,0,3.7893813e-07,Baixo
2569,L49748,L,299.6,309.2,1450,43.1,160,0,0,0,0,0,0,0,1.6202126e-06,Baixo
2570,H31983,H,299.5,309.2,1872,22.6,162,0,0,0,0,0,0,0,1.151182e-05,Baixo
2571,L49750,L,299.6,309.2,1713,26.5,167,0,0,0,0,0,0,0,5.699389e-07,Baixo
2572,M17431,M,299.5,309.2,1497,40.9,169,0,0,0,0,0,0,0,1.8742116e-07,Baixo
2573,M17432,M,299.4,309.1,1352,44.7,172,0,0,0,0,0,0,0,9.550764e-06,Baixo
2574,L49753,L,299.5,309.2,1499,41.5,175,0,0,0,0,0,0,0,4.807347e-07,Baixo
2575,L49754,L,299.5,309.3,1972,19.3,177,0,0,0,0,0,0,0,7.9505204e-05,Baixo
2576,L49755,L,299.5,309.3,1422,49.2,179,0,0,0,0,0,0,0,4.620951e-06,Baixo
2577,L49756,L,299.5,309.3,1523,41.5,181,0,0,0,0,0,0,0,2.0990035e-07,Baixo
2578,L49757,L,299.5,309.4,1563,41.5,183,0,0,0,0,0,0,0,4.9088762e-06,Baixo
2579,L49758,L,299.4,309.3,1391,46.6,185,0,0,0,0,0,0,0,1.3254222e-05,Baixo
2580,L49759,L,299.3,309.1,1795,24.7,187,0,0,0,0,0,0,0,4.9650066e-06,Baixo
2581,L49760,L,299.3,309.1,1293,53.7,189,0,0,0,0,0,0,0,0.00030198455,Baixo
2582,L49761,L,299.2,309.1,1345,60.7,191,1,0,0,0,1,0,1,0.8848476,Crítico
2583,L49762,L,299.2,309.0,1615,33.7,193,0,0,0,0,0,0,0,5.9069887e-08,Baixo
2584,L49763,L,299.2,308.9,1342,50.8,195,0,0,0,0,0,0,0,0.00011710433,Baixo
2585,L49764,L,299.1,308.8,1502,46.7,197,0,0,0,0,0,0,0,5.296455e-05,Baixo
2586,M17445,M,299.0,308.7,1620,35.4,199,0,0,0,0,0,0,0,5.6176927e-05,Baixo
2587,L49766,L,299.0,308.7,1537,42.8,202,0,0,0,0,0,0,0,0.00022713603,Baixo
2588,L49767,L,299.0,308.7,2248,16.8,204,0,0,0,0,0,0,0,0.007965902,Baixo
2589,L49768,L,299.0,308.7,1706,28.6,206,0,0,0,0,0,0,0,0.00021856755,Baixo
2590,L49769,L,299.0,308.7,2250,16.6,208,0,0,0,0,0,0,0,0.0032218164,Baixo
2591,L49770,L,299.0,308.7,1396,48.6,0,0,0,0,0,0,0,0,4.803516e-06,Baixo
2592,L49771,L,298.9,308.6,1522,46.4,2,0,0,0,0,0,0,0,8.843655e-07,Baixo
2593,L49772,L,298.9,308.6,1539,45.4,4,0,0,0,0,0,0,0,3.81892e-07,Baixo
2594,H32007,H,298.9,308.5,1415,54.0,6,0,0,0,0,0,0,0,2.6603251e-05,Baixo
2595,L49774,L,298.8,308.5,1446,37.0,11,0,0,0,0,0,0,0,9.392263e-06,Baixo
2596,M17455,M,298.8,308.6,1486,41.1,13,0,0,0,0,0,0,0,3.0120207e-06,Baixo
2597,L49776,L,299.0,308.7,1426,38.6,16,0,0,0,0,0,0,0,0.00010478421,Baixo
2598,L49777,L,299.0,308.7,1449,38.9,18,0,0,0,0,0,0,0,1.1571544e-05,Baixo
2599,L49778,L,299.1,308.8,1320,67.5,20,1,0,0,1,0,0,1,0.99996364,Crítico
2600,M17459,M,299.2,308.9,1447,39.6,22,0,0,0,0,0,0,0,2.44571e-05,Baixo
2601,L49780,L,299.3,309.0,1422,47.3,25,0,0,0,0,0,0,0,2.5312417e-07,Baixo
2602,L49781,L,299.3,309.1,1399,52.1,27,0,0,0,0,0,0,0,3.701336e-06,Baixo
2603,L49782,L,299.4,309.2,1427,41.5,29,0,0,0,0,0,0,0,2.8598704e-06,Baixo
2604,M17463,M,299.3,309.2,1334,46.3,31,0,0,0,0,0,0,0,2.1629735e-06,Baixo
2605,M17464,M,299.3,309.1,1385,45.6,34,0,0,0,0,0,0,0,6.5668687e-06,Baixo
2606,L49785,L,299.4,309.2,1552,37.4,37,0,0,0,0,0,0,0,1.8176537e-06,Baixo
2607,H32020,H,299.4,309.3,1534,37.5,39,0,0,0,0,0,0,0,1.9936153e-06,Baixo
2608,L49787,L,299.4,309.3,1448,48.6,44,0,0,0,0,0,0,0,1.5810768e-06,Baixo
2609,L49788,L,299.5,309.3,1409,44.7,46,0,0,0,0,0,0,0,3.517617e-07,Baixo
2610,L49789,L,299.4,309.2,1621,34.5,48,0,0,0,0,0,0,0,4.131718e-08,Baixo
2611,H32024,H,299.4,309.1,1547,40.9,50,0,0,0,0,0,0,0,6.0952137e-09,Baixo
2612,L49791,L,299.4,309.1,1957,22.1,55,0,0,0,0,0,0,0,3.7687375e-06,Baixo
2613,L49792,L,299.4,309.1,2421,14.2,57,0,0,0,0,0,0,0,0.0009337567,Baixo
2614,M17473,M,299.3,309.1,1571,38.3,59,0,0,0,0,0,0,0,6.854801e-08,Baixo
2615,L49794,L,299.3,309.1,1634,36.8,62,0,0,0,0,0,0,0,2.6920011e-07,Baixo
2616,L49795,L,299.3,309.0,1516,38.7,64,0,0,0,0,0,0,0,1.3410843e-06,Baixo
2617,L49796,L,299.4,309.1,1207,66.5,66,0,0,0,0,0,0,0,0.027940208,Baixo
2618,L49797,L,299.4,309.1,1670,35.9,68,0,0,0,0,0,0,0,4.460203e-07,Baixo
2619,M17478,M,299.4,309.1,1461,48.6,70,0,0,0,0,0,0,0,8.608194e-06,Baixo
2620,L49799,L,299.4,309.2,1569,40.8,73,0,0,0,0,0,0,0,2.873436e-07,Baixo
2621,L49800,L,299.4,309.2,1556,35.7,75,0,0,0,0,0,0,0,1.9771151e-07,Baixo
2622,M17481,M,299.5,309.3,1506,41.5,77,0,0,0,0,0,0,0,9.080891e-06,Baixo
2623,M17482,M,299.6,309.4,1642,30.3,80,0,0,0,0,0,0,0,3.0526644e-05,Baixo
2624,M17483,M,299.6,309.4,1283,62.1,83,0,0,0,0,0,0,0,0.00027048588,Baixo
2625,H32038,H,299.7,309.5,1375,46.8,86,0,0,0,0,0,0,0,0.00057037687,Baixo
2626,L49805,L,299.7,309.4,1399,39.9,91,0,0,0,0,0,0,0,4.912347e-05,Baixo
2627,L49806,L,299.7,309.4,1650,29.8,93,0,0,0,0,0,0,0,1.2729454e-06,Baixo
2628,M17487,M,299.8,309.6,1346,53.2,95,0,0,0,0,0,0,0,5.042516e-05,Baixo
2629,H32042,H,299.9,309.6,1410,51.2,98,0,0,0,0,0,0,0,3.243891e-06,Baixo
2630,L49809,L,300.0,309.7,1586,37.8,103,0,0,0,0,0,0,0,2.6209036e-06,Baixo
2631,L49810,L,300.0,309.8,1372,39.6,105,0,0,0,0,0,0,0,6.555872e-05,Baixo
2632,H32045,H,300.0,309.7,1529,42.4,107,0,0,0,0,0,0,0,7.026833e-06,Baixo
2633,M17492,M,300.0,309.7,1652,28.6,112,0,0,0,0,0,0,0,3.6516303e-05,Baixo
2634,L49813,L,300.1,309.8,1532,39.8,115,0,0,0,0,0,0,0,6.789914e-07,Baixo
2635,L49814,L,300.0,309.7,1554,32.0,117,0,0,0,0,0,0,0,3.4659072e-06,Baixo
2636,H32049,H,299.9,309.6,1462,51.0,119,0,0,0,0,0,0,0,1.9912433e-05,Baixo
2637,L49816,L,299.9,309.6,1254,61.3,124,0,0,0,0,0,0,0,1.50429e-05,Baixo
2638,L49817,L,299.9,309.6,1294,49.7,126,0,0,0,0,0,0,0,9.506564e-06,Baixo
2639,L49818,L,299.8,309.5,1739,27.5,128,0,0,0,0,0,0,0,2.0787195e-06,Baixo
2640,M17499,M,299.8,309.4,1412,47.8,130,0,0,0,0,0,0,0,8.793659e-06,Baixo
2641,M17500,M,299.9,309.5,1372,56.2,133,0,0,0,0,0,0,0,0.00015766911,Baixo
2642,H32055,H,299.8,309.5,1420,46.7,136,0,0,0,0,0,0,0,8.305768e-05,Baixo
2643,L49822,L,299.8,309.5,1542,40.3,141,0,0,0,0,0,0,0,2.5929717e-07,Baixo
2644,M17503,M,299.8,309.4,1401,48.1,143,0,0,0,0,0,0,0,1.2611997e-05,Baixo
2645,L49824,L,299.8,309.4,1510,42.5,146,0,0,0,0,0,0,0,1.2550134e-07,Baixo
2646,H32059,H,299.9,309.5,1547,38.5,148,0,0,0,0,0,0,0,5.312116e-07,Baixo
2647,M17506,M,299.8,309.5,1453,43.2,153,0,0,0,0,0,0,0,4.478989e-06,Baixo
2648,L49827,L,299.8,309.4,1408,45.6,156,0,0,0,0,0,0,0,1.6089998e-06,Baixo
2649,L49828,L,299.8,309.4,1436,51.6,158,0,0,0,0,0,0,0,4.7948106e-06,Baixo
2650,M17509,M,299.9,309.5,1582,38.2,160,0,0,0,0,0,0,0,9.67357e-06,Baixo
2651,L49830,L,299.9,309.6,1280,59.3,163,0,0,0,0,0,0,0,4.9846203e-06,Baixo
2652,L49831,L,299.9,309.5,2008,20.4,165,0,0,0,0,0,0,0,7.972674e-05,Baixo
2653,L49832,L,299.9,309.5,1772,23.5,167,0,0,0,0,0,0,0,2.0836278e-06,Baixo
2654,L49833,L,299.9,309.5,1779,26.1,169,0,0,0,0,0,0,0,4.3105506e-06,Baixo
2655,L49834,L,299.9,309.5,1567,35.5,171,0,0,0,0,0,0,0,6.607733e-06,Baixo
2656,M17515,M,299.8,309.4,1751,27.0,173,0,0,0,0,0,0,0,6.2052627e-06,Baixo
2657,L49836,L,299.9,309.5,1349,51.3,176,0,0,0,0,0,0,0,4.7624044e-06,Baixo
2658,M17517,M,300.0,309.5,1425,40.8,178,0,0,0,0,0,0,0,5.003442e-06,Baixo
2659,L49838,L,300.0,309.4,1395,44.5,181,0,0,0,0,0,0,0,1.19825345e-05,Baixo
2660,H32073,H,299.8,309.3,1595,32.1,183,0,0,0,0,0,0,0,9.193301e-08,Baixo
2661,L49840,L,299.8,309.3,1291,56.4,188,0,0,0,0,0,0,0,0.08764767,Baixo
2662,M17521,M,299.9,309.4,1509,42.8,190,0,0,0,0,0,0,0,1.5074475e-06,Baixo
2663,M17522,M,299.9,309.4,1483,38.1,193,0,0,0,0,0,0,0,4.3747925e-05,Baixo
2664,L49843,L,299.9,309.3,1620,31.1,196,0,0,0,0,0,0,0,4.7021825e-07,Baixo
2665,M17524,M,299.9,309.4,1487,42.2,198,0,0,0,0,0,0,0,1.4593953e-05,Baixo
2666,L49845,L,299.8,309.4,2256,15.9,201,0,0,0,0,0,0,0,0.016750121,Baixo
2667,H32080,H,299.7,309.2,1691,27.7,203,0,0,0,0,0,0,0,0.002169699,Baixo
2668,M17527,M,299.8,309.3,1663,35.2,208,0,0,0,0,0,0,0,0.0025155784,Baixo
2669,M17528,M,299.8,309.3,1640,31.1,211,0,0,0,0,0,0,0,5.4005523e-05,Baixo
2670,H32083,H,299.7,309.3,1494,37.8,214,0,0,0,0,0,0,0,0.10325913,Baixo
2671,L49850,L,299.8,309.4,1467,46.2,219,0,0,0,0,0,0,0,0.00040429778,Baixo
2672,M17531,M,299.7,309.3,1399,41.9,221,1,1,0,0,0,0,1,2.7527394e-05,Baixo
2673,L49852,L,299.7,309.3,1445,42.6,0,0,0,0,0,0,0,0,1.4957975e-07,Baixo
2674,L49853,L,299.8,309.4,1480,40.9,2,0,0,0,0,0,0,0,7.4334605e-07,Baixo
2675,L49854,L,299.7,309.3,1546,37.2,4,0,0,0,0,0,0,0,7.690825e-07,Baixo
2676,L49855,L,299.7,309.3,1574,35.8,6,0,0,0,0,0,0,0,2.727651e-07,Baixo
2677,L49856,L,299.7,309.3,1592,34.2,8,0,0,0,0,0,0,0,2.4572904e-07,Baixo
2678,L49857,L,299.8,309.5,1495,39.6,10,0,0,0,0,0,0,0,2.460388e-07,Baixo
2679,L49858,L,299.8,309.6,1447,43.1,12,0,0,0,0,0,0,0,9.350306e-07,Baixo
2680,L49859,L,299.8,309.5,1476,44.4,14,0,0,0,0,0,0,0,4.0315977e-06,Baixo
2681,L49860,L,299.8,309.5,1641,27.1,16,0,0,0,0,0,0,0,2.035718e-06,Baixo
2682,L49861,L,299.8,309.5,1545,32.2,18,0,0,0,0,0,0,0,2.2204374e-06,Baixo
2683,M17542,M,299.9,309.6,1364,44.4,20,0,0,0,0,0,0,0,6.5512286e-05,Baixo
2684,L49863,L,299.8,309.5,1590,28.5,23,0,0,0,0,0,0,0,7.110192e-07,Baixo
2685,L49864,L,299.8,309.4,1460,37.4,25,0,0,0,0,0,0,0,3.6888225e-06,Baixo
2686,L49865,L,299.8,309.4,1609,32.5,27,0,0,0,0,0,0,0,2.2270376e-08,Baixo
2687,L49866,L,299.8,309.4,1633,27.5,29,0,0,0,0,0,0,0,1.2058439e-07,Baixo
2688,L49867,L,299.9,309.4,1348,52.8,31,0,0,0,0,0,0,0,1.034405e-05,Baixo
2689,L49868,L,299.9,309.4,1322,53.9,33,0,0,0,0,0,0,0,1.0564435e-05,Baixo
2690,L49869,L,300.0,309.5,1641,30.1,35,0,0,0,0,0,0,0,3.8894274e-07,Baixo
2691,L49870,L,300.0,309.5,1728,26.0,37,0,0,0,0,0,0,0,2.0368915e-07,Baixo
2692,L49871,L,300.0,309.6,1431,47.7,39,0,0,0,0,0,0,0,5.2088734e-07,Baixo
2693,L49872,L,300.1,309.7,1641,30.4,41,0,0,0,0,0,0,0,2.7955011e-05,Baixo
2694,M17553,M,300.1,309.6,1622,36.1,43,0,0,0,0,0,0,0,2.807545e-07,Baixo
2695,M17554,M,300.1,309.6,1625,38.0,46,0,0,0,0,0,0,0,4.7234462e-07,Baixo
2696,L49875,L,300.0,309.5,1869,22.7,49,0,0,0,0,0,0,0,1.9497249e-05,Baixo
2697,L49876,L,300.0,309.6,1452,46.0,51,0,0,0,0,0,0,0,5.734802e-06,Baixo
2698,L49877,L,300.0,309.6,1618,28.7,53,0,0,0,0,0,0,0,1.4308902e-06,Baixo
2699,L49878,L,300.0,309.4,2010,20.0,55,0,0,0,0,0,0,0,3.5143745e-07,Baixo
2700,L49879,L,299.9,309.4,1363,60.9,57,0,0,0,0,0,0,0,0.031794816,Baixo
2701,L49880,L,299.9,309.3,1473,40.4,59,0,0,0,0,0,0,0,7.030835e-07,Baixo
2702,L49881,L,299.9,309.2,1333,50.8,61,0,0,0,0,0,0,0,5.4170764e-06,Baixo
2703,L49882,L,299.8,309.2,1760,25.9,63,0,0,0,0,0,0,0,9.3506804e-07,Baixo
2704,M17563,M,299.8,309.2,1372,58.2,65,0,0,0,0,0,0,0,0.00015591248,Baixo
2705,M17564,M,299.7,309.2,1608,34.4,68,0,0,0,0,0,0,0,2.2378003e-07,Baixo
2706,L49885,L,299.7,309.2,1326,64.8,71,0,0,0,0,0,0,0,0.9948657,Crítico
2707,M17566,M,299.6,309.1,1560,37.1,73,0,0,0,0,0,0,0,6.471824e-07,Baixo
2708,M17567,M,299.6,309.0,1539,36.1,76,0,0,0,0,0,0,0,8.759033e-06,Baixo
2709,L49888,L,299.6,309.1,2266,15.3,79,0,0,0,0,0,0,0,0.00038625725,Baixo
2710,L49889,L,299.6,309.1,1641,35.8,81,0,0,0,0,0,0,0,2.7303446e-07,Baixo
2711,L49890,L,299.6,309.1,1574,39.2,83,0,0,0,0,0,0,0,2.0496307e-06,Baixo
2712,L49891,L,299.6,309.1,1407,50.6,85,0,0,0,0,0,0,0,6.006055e-07,Baixo
2713,H32126,H,299.7,309.2,1302,55.5,87,0,0,0,0,0,0,0,2.1802893e-05,Baixo
2714,M17573,M,299.6,309.2,1651,30.8,92,0,0,0,0,0,0,0,8.798255e-06,Baixo
2715,M17574,M,299.6,309.1,1366,55.2,95,0,0,0,0,0,0,0,6.358067e-05,Baixo
2716,M17575,M,299.5,309.0,1701,28.6,98,0,0,0,0,0,0,0,2.588964e-06,Baixo
2717,L49896,L,299.5,309.0,1498,44.6,101,0,0,0,0,0,0,0,1.1635072e-07,Baixo
2718,M17577,M,299.5,309.1,1422,45.3,103,0,0,0,0,0,0,0,1.4800258e-06,Baixo
2719,L49898,L,299.5,309.1,1357,47.3,106,0,0,0,0,0,0,0,1.6001779e-06,Baixo
2720,L49899,L,299.5,309.2,1690,29.2,108,0,0,0,0,0,0,0,4.200381e-06,Baixo
2721,L49900,L,299.6,309.2,1559,39.1,110,0,0,0,0,0,0,0,1.1132065e-07,Baixo
2722,M17581,M,299.6,309.3,1553,32.4,112,0,0,0,0,0,0,0,1.0396515e-05,Baixo
2723,L49902,L,299.6,309.3,1558,34.8,115,0,0,0,0,0,0,0,9.649444e-07,Baixo
2724,L49903,L,299.7,309.4,1362,51.9,117,0,0,0,0,0,0,0,1.2159478e-05,Baixo
2725,M17584,M,299.8,309.3,1470,42.7,119,0,0,0,0,0,0,0,2.0390112e-06,Baixo
2726,L49905,L,299.8,309.4,1555,34.8,122,0,0,0,0,0,0,0,1.5673521e-07,Baixo
2727,M17586,M,299.8,309.4,1423,42.9,124,0,0,0,0,0,0,0,3.1402394e-06,Baixo
2728,L49907,L,299.7,309.3,1434,38.5,127,0,0,0,0,0,0,0,2.2570114e-06,Baixo
2729,L49908,L,299.7,309.3,1779,25.5,129,0,0,0,0,0,0,0,4.5512616e-07,Baixo
2730,L49909,L,299.7,309.3,1417,54.6,131,0,0,0,0,0,0,0,4.336634e-06,Baixo
2731,L49910,L,299.6,309.2,1425,45.9,133,0,0,0,0,0,0,0,2.1217306e-06,Baixo
2732,M17591,M,299.7,309.2,1597,32.9,135,0,0,0,0,0,0,0,5.3625786e-07,Baixo
2733,L49912,L,299.7,309.2,1346,57.4,138,0,0,0,0,0,0,0,2.2266568e-06,Baixo
2734,L49913,L,299.7,309.2,1422,40.4,140,0,0,0,0,0,0,0,4.7840587e-07,Baixo
2735,H32148,H,299.7,309.2,1572,32.8,142,0,0,0,0,0,0,0,1.3929783e-06,Baixo
2736,L49915,L,299.7,309.2,1412,45.4,147,0,0,0,0,0,0,0,2.8219034e-07,Baixo
2737,M17596,M,299.7,309.1,1576,36.4,149,0,0,0,0,0,0,0,7.9405844e-08,Baixo
2738,M17597,M,299.7,309.1,1508,41.2,152,0,0,0,0,0,0,0,1.0638141e-06,Baixo
2739,M17598,M,299.8,309.1,1496,44.4,155,0,0,0,0,0,0,0,4.5331863e-06,Baixo
2740,L49919,L,299.8,309.2,1572,35.4,158,0,0,0,0,0,0,0,1.2625186e-07,Baixo
2741,L49920,L,299.6,309.0,1525,42.8,160,0,0,0,0,0,0,0,1.1979436e-06,Baixo
2742,L49921,L,299.6,309.0,1378,51.9,162,0,0,0,0,0,0,0,6.2115155e-06,Baixo
2743,L49922,L,299.6,309.1,1369,51.4,164,0,0,0,0,0,0,0,9.167233e-06,Baixo
2744,L49923,L,299.6,309.1,1476,45.3,166,0,0,0,0,0,0,0,4.7149763e-07,Baixo
2745,L49924,L,299.7,309.2,1620,30.0,168,0,0,0,0,0,0,0,9.787875e-07,Baixo
2746,M17605,M,299.7,309.1,1603,38.5,170,0,0,0,0,0,0,0,3.0324122e-06,Baixo
2747,L49926,L,299.7,309.2,1411,46.1,173,0,0,0,0,0,0,0,7.683809e-07,Baixo
2748,L49927,L,299.7,309.2,1616,31.6,175,0,0,0,0,0,0,0,1.05298426e-07,Baixo
2749,L49928,L,299.7,309.2,1631,35.1,177,0,0,0,0,0,0,0,1.706364e-07,Baixo
2751,H32164,H,299.7,309.2,1456,40.6,182,0,0,0,0,0,0,0,1.3288521e-06,Baixo
2752,L49931,L,299.7,309.1,1417,50.1,187,0,0,0,0,0,0,0,1.5227664e-06,Baixo
2753,M17612,M,299.7,309.1,1851,24.7,189,0,0,0,0,0,0,0,1.2196514e-05,Baixo
2754,L49933,L,299.7,309.1,1715,27.8,192,0,0,0,0,0,0,0,1.983706e-06,Baixo
2755,H32168,H,299.6,309.1,1630,32.3,194,0,0,0,0,0,0,0,2.740069e-06,Baixo
2756,L49935,L,299.7,309.2,1478,38.8,199,0,0,0,0,0,0,0,0.0001455143,Baixo
2757,L49936,L,299.7,309.2,1781,29.6,201,0,0,0,0,0,0,0,5.5555e-06,Baixo
2758,L49937,L,299.8,309.2,1439,36.1,203,0,0,0,0,0,0,0,0.0036250646,Baixo
2759,M17618,M,299.7,309.2,1412,45.3,205,0,0,0,0,0,0,0,0.00016799936,Baixo
2760,L49939,L,299.7,309.1,1483,41.1,208,0,0,0,0,0,0,0,0.000692676,Baixo
2761,L49940,L,299.8,309.2,1400,42.6,210,0,0,0,0,0,0,0,0.072508566,Baixo
2762,L49941,L,299.8,309.3,1299,65.1,212,1,0,0,0,1,0,1,0.99996686,Crítico
2763,L49942,L,299.8,309.2,1479,44.4,214,0,0,0,0,0,0,0,0.00010855643,Baixo
2764,L49943,L,299.8,309.2,1491,47.5,216,0,0,0,0,0,0,0,3.2507127e-05,Baixo
2765,M17624,M,299.9,309.3,1389,52.8,0,0,0,0,0,0,0,0,7.5916428e-06,Baixo
2766,M17625,M,299.9,309.4,1399,54.8,3,0,0,0,0,0,0,0,1.033974e-05,Baixo
2767,M17626,M,299.9,309.4,1889,26.0,6,0,0,0,0,0,0,0,0.00021171996,Baixo
2768,L49947,L,300.0,309.5,1925,21.9,9,0,0,0,0,0,0,0,2.3590287e-06,Baixo
2769,L49948,L,300.0,309.5,1675,30.2,11,0,0,0,0,0,0,0,4.1833172e-07,Baixo
2770,M17629,M,300.0,309.6,1477,38.1,13,0,0,0,0,0,0,0,5.818904e-06,Baixo
2771,L49950,L,300.0,309.6,1364,45.9,16,0,0,0,0,0,0,0,0.00042061307,Baixo
2772,L49951,L,299.9,309.5,1451,39.4,18,0,0,0,0,0,0,0,9.172026e-07,Baixo
2773,L49952,L,299.9,309.4,1467,41.2,20,0,0,0,0,0,0,0,2.973432e-07,Baixo
2774,L49953,L,299.9,309.4,1858,22.5,22,0,0,0,0,0,0,0,2.5509826e-07,Baixo
2775,L49954,L,300.1,309.4,1559,39.7,24,0,0,0,0,0,0,0,2.6595833e-07,Baixo
2776,L49955,L,300.1,309.4,1560,47.7,26,0,0,0,0,0,0,0,2.0757665e-07,Baixo
2777,L49956,L,300.1,309.4,1453,47.6,28,0,0,0,0,0,0,0,7.6340406e-08,Baixo
2778,L49957,L,300.1,309.4,1464,41.7,30,0,0,0,0,0,0,0,1.0601267e-06,Baixo
2779,L49958,L,300.0,309.4,1308,50.2,32,0,0,0,0,0,0,0,5.1267325e-06,Baixo
2780,L49959,L,300.1,309.5,1353,50.9,34,0,0,0,0,0,0,0,1.641672e-05,Baixo
2781,M17640,M,300.2,309.6,1556,35.8,36,0,0,0,0,0,0,0,2.8203049e-05,Baixo
2782,L49961,L,300.2,309.5,2183,17.8,39,0,0,0,0,0,0,0,4.1258895e-06,Baixo
2783,M17642,M,300.2,309.6,1491,41.8,41,0,0,0,0,0,0,0,2.4889257e-06,Baixo
2784,M17643,M,300.2,309.6,1528,35.1,44,0,0,0,0,0,0,0,1.1916254e-06,Baixo
2785,L49964,L,300.2,309.6,1430,52.7,47,0,0,0,0,0,0,0,2.5064903e-06,Baixo
2786,L49965,L,300.2,309.5,1495,32.6,49,0,0,0,0,0,0,0,2.466047e-07,Baixo
2787,M17646,M,300.2,309.5,1630,28.3,51,0,0,0,0,0,0,0,9.0306713e-07,Baixo
2788,M17647,M,300.3,309.6,1524,38.4,54,0,0,0,0,0,0,0,1.3522857e-06,Baixo
2789,L49968,L,300.3,309.6,1326,52.4,57,0,0,0,0,0,0,0,6.290869e-05,Baixo
2790,H32203,H,300.3,309.5,1438,44.0,59,0,0,0,0,0,0,0,4.9593556e-05,Baixo
2791,L49970,L,300.4,309.6,1356,45.9,64,0,0,0,0,0,0,0,0.00047365722,Baixo
2792,H32205,H,300.4,309.6,1416,43.3,66,0,0,0,0,0,0,0,1.3282059e-05,Baixo
2793,L49972,L,300.4,309.7,1584,32.6,71,0,0,0,0,0,0,0,2.4640417e-07,Baixo
2794,L49973,L,300.3,309.6,1597,31.8,73,0,0,0,0,0,0,0,4.5262044e-07,Baixo
2795,L49974,L,300.4,309.6,1553,43.9,75,0,0,0,0,0,0,0,2.0502941e-07,Baixo
2796,M17655,M,300.3,309.5,1405,49.4,77,0,0,0,0,0,0,0,2.3386901e-05,Baixo
2797,L49976,L,300.2,309.5,1539,35.3,80,0,0,0,0,0,0,0,7.8139203e-07,Baixo
2798,M17657,M,300.3,309.6,1398,53.7,82,0,0,0,0,0,0,0,5.168059e-05,Baixo
2799,L49978,L,300.3,309.6,1568,39.6,85,0,0,0,0,0,0,0,4.8560565e-07,Baixo
2800,L49979,L,300.3,309.6,1404,44.6,87,0,0,0,0,0,0,0,7.630577e-06,Baixo
2801,M17660,M,300.2,309.5,1500,45.7,89,0,0,0,0,0,0,0,1.2304968e-06,Baixo
2802,M17661,M,300.2,309.5,1642,28.8,92,0,0,0,0,0,0,0,5.2396324e-05,Baixo
2803,M17662,M,300.3,309.6,1509,46.6,95,0,0,0,0,0,0,0,3.055396e-05,Baixo
2804,L49983,L,300.2,309.5,1343,50.2,98,0,0,0,0,0,0,0,1.6366963e-05,Baixo
2805,L49984,L,300.1,309.5,1450,40.1,100,0,0,0,0,0,0,0,2.4075462e-06,Baixo
2806,L49985,L,300.0,309.4,1460,43.5,102,0,0,0,0,0,0,0,8.8229064e-07,Baixo
2807,L49986,L,300.0,309.3,1364,41.2,104,0,0,0,0,0,0,0,0.000112001144,Baixo
2808,M17667,M,299.9,309.3,1452,41.9,106,0,0,0,0,0,0,0,4.6887585e-06,Baixo
2809,L49988,L,299.9,309.3,1471,41.8,109,0,0,0,0,0,0,0,3.380647e-07,Baixo
2810,L49989,L,299.9,309.2,1598,34.6,111,0,0,0,0,0,0,0,1.7401279e-08,Baixo
2811,L49990,L,299.8,309.1,1772,24.8,113,0,0,0,0,0,0,0,1.2837235e-06,Baixo
2812,L49991,L,299.9,309.2,1761,25.6,115,0,0,0,0,0,0,0,1.3968468e-06,Baixo
2813,M17672,M,300.0,309.3,1413,40.7,117,0,0,0,0,0,0,0,1.1375275e-05,Baixo
2814,L49993,L,300.0,309.3,1887,22.6,120,0,0,0,0,0,0,0,1.3584021e-06,Baixo
2815,L49994,L,300.0,309.3,1395,56.5,122,0,0,0,0,0,0,0,1.938974e-05,Baixo
2816,M17675,M,300.1,309.4,1569,31.6,124,0,0,0,0,0,0,0,6.311693e-07,Baixo
2817,L49996,L,300.1,309.4,1434,47.3,127,0,0,0,0,0,0,0,1.5159142e-06,Baixo
2818,L49997,L,300.2,309.5,1417,41.1,129,0,0,0,0,0,0,0,1.43459565e-05,Baixo
2819,L49998,L,300.2,309.5,1729,28.4,131,0,0,0,0,0,0,0,2.7404194e-06,Baixo
2820,L49999,L,300.2,309.5,1356,51.1,133,0,0,0,0,0,0,0,1.550039e-05,Baixo
2821,L50000,L,300.2,309.5,1436,48.8,135,0,0,0,0,0,0,0,1.1794579e-06,Baixo
2822,M17681,M,300.3,309.6,1419,42.5,137,0,0,0,0,0,0,0,2.7938456e-06,Baixo
2823,L50002,L,300.3,309.6,1593,38.1,140,0,0,0,0,0,0,0,1.4843498e-06,Baixo
2824,M17683,M,300.3,309.5,1320,62.2,142,0,0,0,0,0,0,0,3.5804984e-05,Baixo
2825,M17684,M,300.3,309.5,1448,42.4,145,0,0,0,0,0,0,0,1.3087343e-06,Baixo
2826,L50005,L,300.3,309.4,1470,33.5,148,0,0,0,0,0,0,0,2.804283e-07,Baixo
2827,M17686,M,300.3,309.4,1612,33.1,150,0,0,0,0,0,0,0,4.0003524e-05,Baixo
2828,L50007,L,300.4,309.4,1412,51.6,153,0,0,0,0,0,0,0,1.7253587e-06,Baixo
2829,M17688,M,300.4,309.4,1875,23.9,155,0,0,0,0,0,0,0,4.029566e-05,Baixo
2830,L50009,L,300.3,309.3,1612,36.0,158,0,0,0,0,0,0,0,3.8806203e-07,Baixo
2831,M17690,M,300.4,309.3,1411,41.6,160,0,0,0,0,0,0,0,4.540012e-05,Baixo
2832,M17691,M,300.3,309.2,1490,47.9,163,0,0,0,0,0,0,0,1.8948509e-07,Baixo
2833,M17692,M,300.4,309.3,1467,40.3,166,0,0,0,0,0,0,0,1.0397555e-05,Baixo
2834,L50013,L,300.3,309.2,1807,26.4,169,0,0,0,0,0,0,0,2.218066e-07,Baixo
2835,L50014,L,300.3,309.1,1368,46.0,171,0,0,0,0,0,0,0,4.2383867e-06,Baixo
2836,L50015,L,300.3,309.2,1572,32.0,173,0,0,0,0,0,0,0,2.0346667e-07,Baixo
2837,M17696,M,300.3,309.1,1458,44.3,175,0,0,0,0,0,0,0,1.957589e-06,Baixo
2838,L50017,L,300.3,309.1,1699,30.3,178,0,0,0,0,0,0,0,5.346427e-07,Baixo
2839,L50018,L,300.3,309.3,1478,39.5,180,0,0,0,0,0,0,0,7.281687e-07,Baixo
2840,M17699,M,300.4,309.4,1362,42.1,182,0,0,0,0,0,0,0,4.13036e-05,Baixo
2841,H32254,H,300.4,309.4,1487,38.9,185,0,0,0,0,0,0,0,1.762991e-06,Baixo
2842,L50021,L,300.3,309.4,1705,29.4,190,0,0,0,0,0,0,0,3.547422e-06,Baixo
2843,L50022,L,300.3,309.3,1345,53.5,192,0,0,0,0,0,0,0,0.0015848972,Baixo
2844,L50023,L,300.3,309.2,1532,40.2,194,0,0,0,0,0,0,0,3.4763946e-06,Baixo
2845,L50024,L,300.3,309.2,1650,35.2,196,0,0,0,0,0,0,0,2.6848097e-06,Baixo
2846,L50025,L,300.3,309.2,1398,54.4,198,0,0,0,0,0,0,0,0.009044711,Baixo
2847,L50026,L,300.3,309.2,1412,44.8,200,0,0,0,0,0,0,0,0.00011068144,Baixo
2848,L50027,L,300.4,309.3,1525,39.6,202,0,0,0,0,0,0,0,0.00027327135,Baixo
2849,M17708,M,300.3,309.3,1391,57.9,204,0,0,0,0,0,0,0,0.5255042,Moderado
2850,L50029,L,300.4,309.3,1766,28.2,207,0,0,0,0,0,0,0,4.4898225e-05,Baixo
2851,L50030,L,300.4,309.3,1671,35.0,209,0,0,0,0,0,0,0,0.00016929723,Baixo
2852,L50031,L,300.5,309.3,1373,48.8,211,0,0,0,0,0,0,0,0.08128183,Baixo
2853,M17712,M,300.5,309.4,1347,50.1,213,0,0,0,0,0,0,0,0.00084365945,Baixo
2854,M17713,M,300.5,309.3,1539,39.1,216,0,0,0,0,0,0,0,0.0005898255,Baixo
2855,L50034,L,300.5,309.3,1470,40.8,219,0,0,0,0,0,0,0,0.007837843,Baixo
2856,L50035,L,300.5,309.3,1528,37.0,221,0,0,0,0,0,0,0,0.006532871,Baixo
2857,H32270,H,300.5,309.3,1471,45.2,223,0,0,0,0,0,0,0,0.00013789952,Baixo
2858,M17717,M,300.4,309.2,1528,37.2,228,0,0,0,0,0,0,0,0.05123002,Baixo
2859,L50038,L,300.5,309.3,1417,51.5,231,1,0,0,0,1,0,1,0.56602085,Moderado
2860,L50039,L,300.6,309.4,1549,43.4,233,0,0,0,0,0,0,0,0.00779144,Baixo
2861,H32274,H,300.6,309.4,1463,49.2,235,0,0,0,0,0,0,0,0.99892515,Crítico
2862,L50041,L,300.7,309.5,1479,43.6,240,0,0,0,0,0,0,0,0.011797095,Baixo
2863,L50042,L,300.6,309.5,1867,23.0,242,0,0,0,0,0,0,0,0.013946343,Baixo
2864,L50043,L,300.6,309.4,1471,44.1,244,0,0,0,0,0,0,0,0.0005330774,Baixo
2865,H32278,H,300.6,309.4,1380,47.6,246,1,1,0,0,0,0,1,0.11279602,Baixo
2866,H32279,H,300.7,309.7,1623,32.7,0,0,0,0,0,0,0,0,1.1158983e-05,Baixo
2867,L50046,L,300.8,309.7,1997,20.7,5,0,0,0,0,0,0,0,5.996988e-06,Baixo
2868,H32281,H,300.7,309.6,1390,48.5,7,0,0,0,0,0,0,0,2.609207e-05,Baixo
2869,L50048,L,300.8,309.7,1418,46.6,12,0,0,0,0,0,0,0,9.760715e-06,Baixo
2870,L50049,L,300.8,309.7,1519,35.8,14,0,0,0,0,0,0,0,1.5964602e-06,Baixo
2871,M17730,M,300.8,309.7,1519,39.7,16,0,0,0,0,0,0,0,6.7235515e-06,Baixo
2872,M17731,M,300.7,309.6,1536,37.2,19,0,0,0,0,0,0,0,2.5971965e-05,Baixo
2873,L50052,L,300.8,309.6,1680,28.7,22,0,0,0,0,0,0,0,8.427849e-07,Baixo
2874,H32287,H,300.6,309.4,1555,37.9,24,0,0,0,0,0,0,0,4.9498595e-07,Baixo
2875,L50054,L,300.6,309.5,1471,49.6,29,0,0,0,0,0,0,0,1.3441891e-05,Baixo
2876,M17735,M,300.5,309.4,1877,23.8,31,0,0,0,0,0,0,0,3.1013536e-05,Baixo
2877,M17736,M,300.5,309.3,1578,30.5,34,0,0,0,0,0,0,0,1.7874127e-05,Baixo
2878,M17737,M,300.5,309.4,1655,32.1,37,0,0,0,0,0,0,0,1.2203099e-06,Baixo
2879,H32292,H,300.5,309.4,1502,34.3,40,0,0,0,0,0,0,0,2.2796314e-07,Baixo
2880,M17739,M,300.6,309.4,1367,63.2,45,1,0,0,1,0,0,1,0.8233016,Crítico
2881,L50060,L,300.7,309.5,1541,37.2,48,0,0,0,0,0,0,0,1.019197e-06,Baixo
2882,M17741,M,300.6,309.6,1588,37.0,50,0,0,0,0,0,0,0,6.63684e-07,Baixo
2883,L50062,L,300.6,309.6,1684,32.8,53,0,0,0,0,0,0,0,1.8997707e-07,Baixo
2884,L50063,L,300.6,309.5,1437,40.0,55,0,0,0,0,0,0,0,3.501502e-06,Baixo
2885,L50064,L,300.6,309.6,1409,42.4,57,0,0,0,0,0,0,0,2.2610443e-06,Baixo
2886,M17745,M,300.5,309.5,1320,49.9,59,0,0,0,0,0,0,0,4.111242e-05,Baixo
2887,H32300,H,300.5,309.5,1635,34.2,62,0,0,0,0,0,0,0,1.2733085e-06,Baixo
2888,M17747,M,300.5,309.5,1691,27.6,67,0,0,0,0,0,0,0,3.485881e-05,Baixo
2889,M17748,M,300.6,309.6,1365,50.0,70,0,0,0,0,0,0,0,0.00013558606,Baixo
2890,M17749,M,300.7,309.7,1523,38.2,73,0,0,0,0,0,0,0,0.00012822467,Baixo
2891,L50070,L,300.6,309.7,1593,32.4,76,0,0,0,0,0,0,0,5.0740994e-07,Baixo
2892,L50071,L,300.6,309.6,1682,30.7,78,0,0,0,0,0,0,0,2.5520336e-07,Baixo
2893,L50072,L,300.7,309.6,1329,54.3,80,0,0,0,0,0,0,0,0.004662887,Baixo
2894,M17753,M,300.7,309.6,1568,35.2,82,0,0,0,0,0,0,0,5.2785263e-06,Baixo
2895,L50074,L,300.7,309.6,1733,24.8,85,0,0,0,0,0,0,0,2.2687016e-06,Baixo
2896,M17755,M,300.7,309.6,1473,48.1,87,0,0,0,0,0,0,0,2.2405438e-05,Baixo
2897,M17756,M,300.7,309.5,1633,31.3,90,0,0,0,0,0,0,0,4.076348e-06,Baixo
2898,M17757,M,300.6,309.5,1530,40.2,93,0,0,0,0,0,0,0,7.188566e-07,Baixo
2899,M17758,M,300.6,309.5,1550,40.2,96,0,0,0,0,0,0,0,1.4369535e-05,Baixo
2900,L50079,L,300.6,309.4,1410,40.6,99,0,0,0,0,0,0,0,9.072857e-06,Baixo
2901,L50080,L,300.5,309.3,1574,33.5,101,0,0,0,0,0,0,0,6.2328496e-07,Baixo
2902,L50081,L,300.6,309.4,1425,40.3,103,0,0,0,0,0,0,0,4.0031773e-06,Baixo
2903,M17762,M,300.6,309.4,1541,35.2,105,0,0,0,0,0,0,0,1.2602379e-05,Baixo
2904,M17763,M,300.7,309.5,1733,26.7,108,0,0,0,0,0,0,0,5.452824e-06,Baixo
2905,L50084,L,300.6,309.4,2496,13.5,111,0,0,0,0,0,0,0,0.9914346,Crítico
2906,L50085,L,300.6,309.4,1552,36.4,113,0,0,0,0,0,0,0,2.241226e-07,Baixo
2907,L50086,L,300.6,309.3,1409,38.7,115,0,0,0,0,0,0,0,2.689007e-06,Baixo
2908,M17767,M,300.6,309.4,1581,35.7,117,0,0,0,0,0,0,0,2.1795804e-06,Baixo
2909,L50088,L,300.7,309.5,1251,59.9,120,0,0,0,0,0,0,0,6.4647693e-06,Baixo
2910,L50089,L,300.7,309.6,1500,44.1,122,0,0,0,0,0,0,0,8.494841e-07,Baixo
2911,L50090,L,300.6,309.5,1576,38.8,124,0,0,0,0,0,0,0,7.745351e-07,Baixo
2912,M17771,M,300.7,309.5,1352,44.0,126,0,0,0,0,0,0,0,0.0012214099,Baixo
2913,L50092,L,300.7,309.6,1661,30.3,129,0,0,0,0,0,0,0,9.408451e-05,Baixo
2914,L50093,L,300.7,309.6,1541,34.6,131,0,0,0,0,0,0,0,1.3176738e-06,Baixo
2915,H32328,H,300.6,309.6,1888,20.5,133,0,0,0,0,0,0,0,2.5926482e-05,Baixo
2916,L50095,L,300.5,309.5,1255,62.1,138,0,0,0,0,0,0,0,1.2879706e-05,Baixo
2917,L50096,L,300.6,309.6,1411,41.6,140,0,0,0,0,0,0,0,4.9212367e-06,Baixo
2918,L50097,L,300.6,309.5,1516,39.0,142,0,0,0,0,0,0,0,7.0230544e-06,Baixo
2919,M17778,M,300.6,309.5,1492,34.0,144,0,0,0,0,0,0,0,1.4224029e-06,Baixo
2920,L50099,L,300.6,309.6,1726,30.0,147,0,0,0,0,0,0,0,6.890673e-07,Baixo
2921,L50100,L,300.7,309.7,1598,33.7,149,0,0,0,0,0,0,0,1.1416309e-07,Baixo
2922,L50101,L,300.8,309.8,1657,31.1,151,0,0,0,0,0,0,0,5.109684e-07,Baixo
2923,L50102,L,300.8,309.7,1481,38.1,153,0,0,0,0,0,0,0,1.5005976e-05,Baixo
2924,M17783,M,300.7,309.7,1397,51.3,155,0,0,0,0,0,0,0,8.8381516e-05,Baixo
2925,L50104,L,300.8,309.7,1461,44.3,158,0,0,0,0,0,0,0,3.8712606e-06,Baixo
2926,M17785,M,300.7,309.6,1388,51.1,160,0,0,0,0,0,0,0,2.2946952e-05,Baixo
2927,L50106,L,300.7,309.7,1507,52.4,163,0,0,0,0,0,0,0,1.6284956e-06,Baixo
2928,M17787,M,300.7,309.6,1421,49.8,165,0,0,0,0,0,0,0,4.620929e-06,Baixo
2929,M17788,M,300.8,309.7,1258,54.9,168,0,0,0,0,0,0,0,0.001729481,Baixo
2930,M17789,M,300.8,309.7,1482,39.0,171,0,0,0,0,0,0,0,3.7952934e-05,Baixo
2931,H32344,H,300.7,309.6,1403,51.3,174,0,0,0,0,0,0,0,1.3170118e-05,Baixo
2932,L50111,L,300.8,309.7,1373,45.4,179,0,0,0,0,0,0,0,6.7218854e-05,Baixo
2933,L50112,L,300.9,309.7,1460,42.1,181,0,0,0,0,0,0,0,1.9827564e-06,Baixo
2934,M17793,M,300.8,309.7,1751,27.9,183,0,0,0,0,0,0,0,1.3025003e-05,Baixo
2935,M17794,M,300.8,309.6,1546,42.3,186,0,0,0,0,0,0,0,4.6398588e-07,Baixo
2936,M17795,M,300.8,309.7,1680,28.2,189,0,0,0,0,0,0,0,2.7686305e-05,Baixo
2937,M17796,M,300.9,309.7,1394,48.8,192,0,0,0,0,0,0,0,0.0013607836,Baixo
2938,L50117,L,300.7,309.6,1810,26.0,195,0,0,0,0,0,0,0,1.658549e-05,Baixo
2939,L50118,L,300.7,309.5,1479,34.5,197,0,0,0,0,0,0,0,3.8121407e-06,Baixo
2940,L50119,L,300.9,309.7,1431,41.4,199,0,0,0,0,0,0,0,2.9098257e-05,Baixo
2941,L50120,L,300.9,309.7,2355,14.4,201,0,0,0,0,0,0,0,0.032788288,Baixo
2942,M17801,M,300.7,309.6,1996,19.8,203,1,1,0,0,0,0,1,0.00038195294,Baixo
2943,L50122,L,300.7,309.5,1461,49.9,0,0,0,0,0,0,0,0,5.290879e-06,Baixo
2944,H32357,H,300.7,309.5,2007,19.7,2,0,0,0,0,0,0,0,8.608489e-06,Baixo
2945,L50124,L,300.7,309.6,1505,34.9,7,0,0,0,0,0,0,0,5.568792e-07,Baixo
2946,H32359,H,300.7,309.6,1925,20.5,9,0,0,0,0,0,0,0,1.694352e-05,Baixo
2947,M17806,M,300.7,309.5,1622,30.5,14,0,0,0,0,0,0,0,1.9921437e-05,Baixo
2948,L50127,L,300.7,309.5,1592,29.0,17,0,0,0,0,0,0,0,6.4665205e-06,Baixo
2949,L50128,L,300.7,309.5,1850,24.5,19,0,0,0,0,0,0,0,6.0761806e-07,Baixo
2950,M17809,M,300.7,309.5,1470,48.7,21,0,0,0,0,0,0,0,4.029203e-06,Baixo
2951,M17810,M,300.7,309.5,1445,46.4,24,0,0,0,0,0,0,0,2.0695037e-05,Baixo
2952,L50131,L,300.7,309.5,1685,31.1,27,0,0,0,0,0,0,0,2.0432392e-06,Baixo
2953,H32366,H,300.7,309.5,1667,30.5,29,0,0,0,0,0,0,0,1.7270593e-06,Baixo
2954,L50133,L,300.7,309.5,1578,35.4,34,0,0,0,0,0,0,0,2.2186255e-06,Baixo
2955,H32368,H,300.6,309.4,1691,28.0,36,0,0,0,0,0,0,0,6.1413684e-06,Baixo
2956,M17815,M,300.7,309.5,1439,43.8,41,0,0,0,0,0,0,0,2.269682e-05,Baixo
2957,M17816,M,300.8,309.6,1404,38.7,44,0,0,0,0,0,0,0,1.2894786e-05,Baixo
2958,L50137,L,300.8,309.6,1498,45.8,47,0,0,0,0,0,0,0,9.2618944e-07,Baixo
2959,M17818,M,300.8,309.5,1481,44.5,49,0,0,0,0,0,0,0,1.4153936e-06,Baixo
2960,M17819,M,300.7,309.4,1589,35.0,52,0,0,0,0,0,0,0,6.8748926e-07,Baixo
2961,L50140,L,300.7,309.5,1467,44.3,55,0,0,0,0,0,0,0,1.8113669e-06,Baixo
2962,L50141,L,300.6,309.4,1654,32.8,57,0,0,0,0,0,0,0,7.0440436e-08,Baixo
2963,L50142,L,300.7,309.5,1508,39.9,59,0,0,0,0,0,0,0,6.645973e-07,Baixo
2964,M17823,M,300.7,309.6,1439,43.0,61,0,0,0,0,0,0,0,1.7971313e-05,Baixo
2965,L50144,L,300.7,309.5,1692,30.3,64,0,0,0,0,0,0,0,4.974728e-06,Baixo
2966,M17825,M,300.7,309.5,1838,24.9,66,0,0,0,0,0,0,0,2.8854285e-05,Baixo
2967,L50146,L,300.6,309.3,1601,40.2,69,0,0,0,0,0,0,0,5.925737e-07,Baixo
2968,L50147,L,300.6,309.4,1369,51.6,71,0,0,0,0,0,0,0,0.00030449338,Baixo
2969,M17828,M,300.6,309.4,1312,45.2,73,0,0,0,0,0,0,0,0.00020903251,Baixo
2970,L50149,L,300.6,309.4,1468,44.1,76,0,0,0,0,0,0,0,2.892125e-06,Baixo
2971,M17830,M,300.6,309.4,1452,39.4,78,0,0,0,0,0,0,0,5.4551288e-06,Baixo
2972,M17831,M,300.7,309.5,1393,43.9,81,0,0,0,0,0,0,0,4.2960426e-05,Baixo
2973,M17832,M,300.6,309.4,1432,44.2,84,0,0,0,0,0,0,0,1.172211e-05,Baixo
2974,M17833,M,300.6,309.3,1510,46.0,87,0,0,0,0,0,0,0,3.3907752e-05,Baixo
2975,M17834,M,300.6,309.4,1521,37.2,90,0,0,0,0,0,0,0,2.8555876e-05,Baixo
2976,H32389,H,300.5,309.4,1360,46.2,93,0,0,0,0,0,0,0,0.0005378764,Baixo
2977,M17836,M,300.5,309.3,1881,25.5,98,0,0,0,0,0,0,0,2.0921732e-05,Baixo
2978,L50157,L,300.4,309.3,1413,50.3,101,0,0,0,0,0,0,0,1.8325194e-06,Baixo
2979,H32392,H,300.5,309.4,1642,36.2,103,0,0,0,0,0,0,0,1.528442e-05,Baixo
2980,L50159,L,300.5,309.5,1542,38.5,108,0,0,0,0,0,0,0,8.4094445e-06,Baixo
2981,L50160,L,300.4,309.5,1447,39.3,110,0,0,0,0,0,0,0,1.266698e-06,Baixo
2982,H32395,H,300.4,309.4,1530,40.4,112,0,0,0,0,0,0,0,3.4657214e-07,Baixo
2983,L50162,L,300.5,309.5,1795,27.7,117,0,0,0,0,0,0,0,1.3646633e-06,Baixo
2984,L50163,L,300.6,309.6,1290,57.4,119,0,0,0,0,0,0,0,9.761641e-05,Baixo
2985,L50164,L,300.6,309.7,1639,30.4,121,0,0,0,0,0,0,0,3.7442767e-06,Baixo
2986,L50165,L,300.7,309.8,1596,31.5,123,0,0,0,0,0,0,0,5.0448455e-07,Baixo
2987,L50166,L,300.6,309.8,1455,48.0,125,0,0,0,0,0,0,0,2.577066e-06,Baixo
2988,M17847,M,300.6,309.8,1659,28.9,127,0,0,0,0,0,0,0,3.1717896e-05,Baixo
2989,M17848,M,300.6,309.8,1532,42.5,130,0,0,0,0,0,0,0,8.886647e-06,Baixo
2990,L50169,L,300.6,309.8,1502,42.4,133,0,0,0,0,0,0,0,6.759786e-07,Baixo
2991,L50170,L,300.6,309.8,1688,28.6,135,0,0,0,0,0,0,0,4.6262376e-06,Baixo
2992,M17851,M,300.5,309.7,1341,50.9,137,0,0,0,0,0,0,0,4.0932424e-05,Baixo
2993,M17852,M,300.5,309.7,1685,29.4,140,0,0,0,0,0,0,0,1.3738923e-05,Baixo
2994,M17853,M,300.5,309.8,1370,55.9,143,0,0,0,0,0,0,0,0.0011137897,Baixo
2995,L50174,L,300.5,309.8,1461,52.5,146,0,0,0,0,0,0,0,8.442181e-06,Baixo
2996,L50175,L,300.5,309.8,1550,37.4,148,0,0,0,0,0,0,0,2.9150277e-05,Baixo
2997,M17856,M,300.5,309.8,1508,37.8,150,0,0,0,0,0,0,0,1.614249e-05,Baixo
2998,L50177,L,300.5,309.8,1345,62.7,153,0,0,0,0,0,0,0,0.011231653,Baixo
2999,L50178,L,300.5,309.7,1616,34.5,155,0,0,0,0,0,0,0,3.2125547e-07,Baixo
3000,L50179,L,300.5,309.7,1395,61.0,157,0,0,0,0,0,0,0,0.45011616,Moderado
3001,H32414,H,300.5,309.8,1324,72.8,159,1,0,0,1,0,0,1,0.9989411,Crítico
3002,L50181,L,300.5,309.8,1445,43.9,164,0,0,0,0,0,0,0,1.6838436e-06,Baixo
3003,M17862,M,300.5,309.8,1555,38.9,166,0,0,0,0,0,0,0,6.104168e-06,Baixo
3004,M17863,M,300.6,309.9,1449,42.4,169,0,0,0,0,0,0,0,7.885171e-06,Baixo
3005,M17864,M,300.5,309.9,1466,53.2,172,0,0,0,0,0,0,0,4.315292e-05,Baixo
3006,L50185,L,300.5,309.9,1503,37.4,175,0,0,0,0,0,0,0,3.5943573e-05,Baixo
3007,L50186,L,300.4,309.7,1488,35.7,177,0,0,0,0,0,0,0,2.3080681e-06,Baixo
3008,L50187,L,300.4,309.7,1314,50.2,179,0,0,0,0,0,0,0,9.822888e-06,Baixo
3009,M17868,M,300.4,309.7,1547,38.0,181,0,0,0,0,0,0,0,0.00018320893,Baixo
3010,M17869,M,300.4,309.7,1466,39.8,184,0,0,0,0,0,0,0,7.1349227e-06,Baixo
3011,L50190,L,300.3,309.6,1537,37.1,187,0,0,0,0,0,0,0,1.4441578e-06,Baixo
3012,M17871,M,300.2,309.5,1434,51.5,189,0,0,0,0,0,0,0,1.6873506e-05,Baixo
3013,L50192,L,300.4,309.6,1432,44.7,192,0,0,0,0,0,0,0,8.529182e-06,Baixo
3014,L50193,L,300.5,309.6,1390,48.4,194,0,0,0,0,0,0,0,1.7316956e-05,Baixo
3015,L50194,L,300.5,309.7,1580,42.8,196,0,0,0,0,0,0,0,1.1934349e-06,Baixo
3016,L50195,L,300.5,309.7,1589,30.5,198,0,0,0,0,0,0,0,0.0003335194,Baixo
3017,L50196,L,300.5,309.8,1441,48.8,200,0,0,0,0,0,0,0,8.928691e-05,Baixo
3018,L50197,L,300.5,309.8,1305,51.7,202,0,0,0,0,0,0,0,0.0060131815,Baixo
3019,M17878,M,300.5,309.8,1566,35.9,204,0,0,0,0,0,0,0,0.0007651067,Baixo
3020,L50199,L,300.5,309.8,1379,54.2,207,1,0,0,0,1,0,1,0.959373,Crítico
3021,L50200,L,300.4,309.6,1543,38.1,209,0,0,0,0,0,0,0,0.0489795,Baixo
3022,L50201,L,300.5,309.8,1421,49.6,211,0,0,0,0,0,0,0,0.024719564,Baixo
3023,L50202,L,300.5,309.6,1760,30.6,213,0,0,0,0,0,0,0,0.0005967006,Baixo
3024,L50203,L,300.4,309.5,1711,29.2,215,0,0,0,0,0,0,0,0.007437143,Baixo
3025,L50204,L,300.5,309.6,1465,41.6,217,0,0,0,0,0,0,0,0.0007095963,Baixo
3026,L50205,L,300.5,309.6,1366,50.2,219,0,0,0,0,0,0,0,0.9736424,Crítico
3027,M17886,M,300.4,309.5,1888,21.9,221,0,0,0,0,0,0,0,0.10193604,Baixo
3028,L50207,L,300.5,309.5,1777,23.6,0,0,0,0,0,0,0,0,4.9322085e-07,Baixo
3029,L50208,L,300.5,309.5,1379,55.6,2,0,0,0,0,0,0,0,7.691773e-05,Baixo
3030,L50209,L,300.4,309.5,1525,51.3,4,0,0,0,0,0,0,0,9.783424e-07,Baixo
3031,M17890,M,300.4,309.6,1563,34.0,6,0,0,0,0,0,0,0,3.6770564e-07,Baixo
3032,M17891,M,300.5,309.7,1389,43.3,9,0,0,0,0,0,0,0,7.223262e-06,Baixo
3033,M17892,M,300.6,309.8,1447,42.9,12,0,0,0,0,0,0,0,6.021677e-06,Baixo
3034,M17893,M,300.6,309.7,1934,22.8,15,0,0,0,0,0,0,0,0.00022137164,Baixo
3035,H32448,H,300.6,309.7,1470,43.8,18,0,0,0,0,0,0,0,7.5438913e-07,Baixo
3036,M17895,M,300.6,309.7,1428,42.6,23,0,0,0,0,0,0,0,5.6318195e-06,Baixo
3037,L50216,L,300.4,309.6,1319,48.1,26,0,0,0,0,0,0,0,0.00022896836,Baixo
3038,L50217,L,300.5,309.7,1887,24.3,28,0,0,0,0,0,0,0,1.5096303e-05,Baixo
3039,L50218,L,300.4,309.5,1349,50.4,30,0,0,0,0,0,0,0,6.198964e-05,Baixo
3040,M17899,M,300.3,309.5,1665,31.4,32,0,0,0,0,0,0,0,1.19865e-05,Baixo
3041,L50220,L,300.3,309.5,1474,38.7,35,0,0,0,0,0,0,0,1.5341695e-06,Baixo
3042,L50221,L,300.4,309.5,1543,38.9,37,0,0,0,0,0,0,0,8.543722e-06,Baixo
3043,M17902,M,300.2,309.4,1459,43.9,39,0,0,0,0,0,0,0,1.060066e-06,Baixo
3044,L50223,L,300.3,309.5,1551,37.9,42,0,0,0,0,0,0,0,3.1523705e-06,Baixo
3045,L50224,L,300.2,309.4,1981,21.4,44,0,0,0,0,0,0,0,3.0168542e-07,Baixo
3046,L50225,L,300.2,309.4,1526,35.3,46,0,0,0,0,0,0,0,1.099004e-07,Baixo
3047,M17906,M,300.2,309.4,1501,40.0,48,0,0,0,0,0,0,0,1.042041e-06,Baixo
3048,L50227,L,300.2,309.4,1558,38.3,51,0,0,0,0,0,0,0,2.950073e-07,Baixo
3049,L50228,L,300.2,309.3,1532,43.2,53,0,0,0,0,0,0,0,9.4897956e-08,Baixo
3050,L50229,L,300.1,309.2,1326,55.9,55,0,0,0,0,0,0,0,3.689537e-06,Baixo
3051,L50230,L,300.2,309.2,1431,51.3,57,0,0,0,0,0,0,0,3.0601046e-07,Baixo
3052,L50231,L,300.2,309.3,1366,49.3,59,0,0,0,0,0,0,0,3.205818e-05,Baixo
3053,L50232,L,300.1,309.2,1421,42.5,61,0,0,0,0,0,0,0,7.526465e-07,Baixo
3054,H32467,H,300.2,309.3,1506,35.6,63,0,0,0,0,0,0,0,7.481737e-07,Baixo
3055,H32468,H,300.2,309.3,1342,48.7,68,0,0,0,0,0,0,0,9.876062e-06,Baixo
3056,L50235,L,300.1,309.2,1427,37.6,73,0,0,0,0,0,0,0,8.699835e-06,Baixo
3057,L50236,L,300.2,309.2,1667,29.9,75,0,0,0,0,0,0,0,7.004633e-07,Baixo
3058,L50237,L,300.1,309.1,1400,46.7,77,0,0,0,0,0,0,0,1.4452958e-05,Baixo
3059,L50238,L,300.0,309.0,1709,32.1,79,0,0,0,0,0,0,0,2.0904795e-07,Baixo
3060,M17919,M,300.0,309.0,1368,45.8,81,0,0,0,0,0,0,0,2.0262974e-05,Baixo
3061,L50240,L,300.0,309.1,1882,23.8,84,0,0,0,0,0,0,0,0.00016855309,Baixo
3062,L50241,L,300.1,309.1,1353,58.7,86,0,0,0,0,0,0,0,7.794094e-06,Baixo
3063,L50242,L,299.9,309.0,1553,40.0,88,0,0,0,0,0,0,0,1.0734725e-06,Baixo
3064,L50243,L,300.0,309.1,1431,45.4,90,0,0,0,0,0,0,0,2.9373476e-07,Baixo
3065,M17924,M,300.1,309.1,1731,30.4,92,0,0,0,0,0,0,0,4.281924e-05,Baixo
3067,M17926,M,300.1,309.2,1457,44.3,98,0,0,0,0,0,0,0,5.0047306e-06,Baixo
3068,L50247,L,300.1,309.2,1533,37.0,101,0,0,0,0,0,0,0,1.1045941e-07,Baixo
3069,H32482,H,300.0,309.0,1622,31.8,103,0,0,0,0,0,0,0,3.2889204e-07,Baixo
3070,L50249,L,300.0,309.1,1791,28.2,108,0,0,0,0,0,0,0,1.625081e-06,Baixo
3071,L50250,L,300.0,309.1,1631,28.3,110,0,0,0,0,0,0,0,2.0852856e-06,Baixo
3072,L50251,L,300.0,309.0,2174,16.9,112,0,0,0,0,0,0,0,8.058219e-05,Baixo
3073,L50252,L,300.1,309.0,1314,58.2,114,0,0,0,0,0,0,0,8.02886e-06,Baixo
3074,L50253,L,300.1,309.1,1478,46.9,116,0,0,0,0,0,0,0,3.458946e-07,Baixo
3075,L50254,L,300.1,309.2,1783,27.3,118,0,0,0,0,0,0,0,5.001902e-07,Baixo
3076,M17935,M,300.1,309.2,1385,46.1,120,0,0,0,0,0,0,0,6.7339664e-05,Baixo
3077,L50256,L,300.0,309.2,1444,43.6,123,0,0,0,0,0,0,0,1.7239771e-06,Baixo
3078,L50257,L,300.1,309.3,1841,23.0,125,0,0,0,0,0,0,0,8.080272e-07,Baixo
3079,M17938,M,300.1,309.4,1349,56.2,127,0,0,0,0,0,0,0,9.553892e-05,Baixo
3080,L50259,L,300.1,309.3,1340,56.0,130,0,0,0,0,0,0,0,8.570424e-06,Baixo
3081,M17940,M,299.9,309.2,1539,43.2,132,0,0,0,0,0,0,0,6.3342395e-07,Baixo
3082,M17941,M,300.0,309.3,1932,21.8,135,0,0,0,0,0,0,0,1.6605734e-05,Baixo
3083,M17942,M,300.0,309.3,1407,43.9,138,0,0,0,0,0,0,0,2.5335437e-06,Baixo
3084,L50263,L,300.1,309.3,1712,28.5,141,0,0,0,0,0,0,0,1.7731585e-06,Baixo
3085,H32498,H,300.1,309.4,1329,55.2,143,0,0,0,0,0,0,0,7.229312e-06,Baixo
3086,L50265,L,300.1,309.2,1441,42.9,148,0,0,0,0,0,0,0,1.1841362e-06,Baixo
3087,L50266,L,300.0,309.2,1610,32.1,150,0,0,0,0,0,0,0,2.5647278e-08,Baixo
3088,M17947,M,300.0,309.1,1474,45.2,152,0,0,0,0,0,0,0,2.4078463e-07,Baixo
3089,M17948,M,300.0,309.1,1624,30.8,155,0,0,0,0,0,0,0,3.643091e-05,Baixo
3090,H32503,H,300.1,309.3,1520,38.2,158,0,0,0,0,0,0,0,5.4814222e-06,Baixo
3091,H32504,H,300.1,309.3,1448,45.8,163,0,0,0,0,0,0,0,1.1275437e-06,Baixo
3092,L50271,L,300.0,309.3,1558,29.7,168,0,0,0,0,0,0,0,1.2034353e-06,Baixo
3093,M17952,M,300.0,309.3,2293,16.3,170,0,0,0,0,0,0,0,0.0014841923,Baixo
3094,L50273,L,300.0,309.3,1397,51.2,173,0,0,0,0,0,0,0,5.093389e-06,Baixo
3095,L50274,L,300.0,309.3,1972,22.0,175,0,0,0,0,0,0,0,2.6670643e-05,Baixo
3096,M17955,M,299.9,309.2,1574,36.5,177,0,0,0,0,0,0,0,1.6860501e-07,Baixo
3097,L50276,L,299.9,309.2,1560,38.9,180,0,0,0,0,0,0,0,6.8248087e-06,Baixo
3098,M17957,M,299.9,309.2,1353,49.8,182,0,0,0,0,0,0,0,1.9149113e-06,Baixo
3099,M17958,M,299.9,309.2,1389,51.2,185,0,0,0,0,0,0,0,7.426555e-06,Baixo
3100,M17959,M,299.9,309.1,1513,43.8,188,0,0,0,0,0,0,0,2.003154e-06,Baixo
3101,L50280,L,299.8,309.1,1578,42.1,191,0,0,0,0,0,0,0,6.413497e-07,Baixo
3102,H32515,H,299.8,309.0,1467,37.3,193,0,0,0,0,0,0,0,4.2676922e-05,Baixo
3103,L50282,L,299.9,309.1,1412,48.3,198,0,0,0,0,0,0,0,2.665998e-06,Baixo
3104,L50283,L,299.8,309.1,1668,30.3,200,0,0,0,0,0,0,0,0.00021713908,Baixo
3105,M17964,M,299.8,309.2,1678,29.8,202,0,0,0,0,0,0,0,0.00011394982,Baixo
3106,L50285,L,299.8,309.1,1612,35.4,205,0,0,0,0,0,0,0,0.00025700472,Baixo
3107,L50286,L,299.8,309.1,1485,39.9,207,0,0,0,0,0,0,0,0.00027157037,Baixo
3108,M17967,M,299.8,309.1,1456,39.4,209,0,0,0,0,0,0,0,0.0004989193,Baixo
3109,L50288,L,299.8,309.2,1504,38.7,212,0,0,0,0,0,0,0,0.0010322321,Baixo
3110,L50289,L,299.9,309.2,1491,44.3,214,0,0,0,0,0,0,0,0.00021701511,Baixo
3111,H32524,H,299.9,309.2,1525,33.2,0,0,0,0,0,0,0,0,3.9327008e-07,Baixo
3112,L50291,L,300.0,309.2,1759,27.9,5,0,0,0,0,0,0,0,2.1630159e-07,Baixo
3113,M17972,M,299.8,309.1,1355,56.7,7,0,0,0,0,0,0,0,1.1963535e-05,Baixo
3114,M17973,M,299.9,309.1,1345,56.8,10,0,0,0,0,0,0,0,6.8885436e-07,Baixo
3115,M17974,M,299.9,309.2,1683,30.5,13,0,0,0,0,0,0,0,1.4484999e-06,Baixo
3116,L50295,L,299.9,309.2,1658,34.8,16,0,0,0,0,0,0,0,4.892234e-07,Baixo
3117,L50296,L,300.0,309.2,1566,34.4,18,0,0,0,0,0,0,0,3.7383675e-08,Baixo
3118,M17977,M,300.1,309.3,1469,43.9,20,0,0,0,0,0,0,0,1.2586588e-06,Baixo
3119,M17978,M,300.2,309.5,1458,46.9,23,0,0,0,0,0,0,0,1.3544154e-06,Baixo
3120,L50299,L,300.1,309.4,1858,23.6,26,0,0,0,0,0,0,0,3.0032245e-07,Baixo
3121,H32534,H,300.1,309.4,1563,40.8,28,0,0,0,0,0,0,0,8.510282e-08,Baixo
3122,L50301,L,300.1,309.4,2141,17.9,33,0,0,0,0,0,0,0,2.1129665e-05,Baixo
3123,L50302,L,300.0,309.3,1473,46.0,35,0,0,0,0,0,0,0,5.602211e-07,Baixo
3124,H32537,H,300.0,309.4,1498,38.5,37,0,0,0,0,0,0,0,3.579437e-07,Baixo
3125,L50304,L,300.1,309.4,1568,39.7,42,0,0,0,0,0,0,0,5.061384e-07,Baixo
3126,L50305,L,300.1,309.4,1694,27.4,44,0,0,0,0,0,0,0,9.073879e-07,Baixo
3127,L50306,L,300.0,309.4,1499,35.7,46,0,0,0,0,0,0,0,5.779383e-07,Baixo
3128,L50307,L,300.0,309.5,1717,28.3,48,0,0,0,0,0,0,0,2.0464596e-07,Baixo
3129,M17988,M,300.1,309.5,1462,42.8,50,0,0,0,0,0,0,0,3.6305732e-06,Baixo
3130,L50309,L,300.1,309.6,1642,34.5,53,0,0,0,0,0,0,0,3.6470766e-08,Baixo
3131,L50310,L,300.1,309.6,1760,25.4,55,0,0,0,0,0,0,0,3.1543416e-07,Baixo
3132,L50311,L,300.1,309.5,1660,32.7,57,0,0,0,0,0,0,0,2.5341475e-07,Baixo
3133,L50312,L,300.1,309.5,1557,40.6,59,0,0,0,0,0,0,0,1.0155479e-06,Baixo
3134,H32547,H,300.2,309.6,1442,49.2,61,0,0,0,0,0,0,0,6.616909e-06,Baixo
3135,L50314,L,300.2,309.6,1359,51.5,66,0,0,0,0,0,0,0,0.00036764194,Baixo
3136,L50315,L,300.4,309.8,1342,52.5,68,0,0,0,0,0,0,0,0.00023349468,Baixo
3137,L50316,L,300.4,309.9,1435,54.8,70,0,0,0,0,0,0,0,8.918204e-06,Baixo
3138,L50317,L,300.4,309.9,1567,36.5,72,0,0,0,0,0,0,0,5.6179783e-07,Baixo
3139,L50318,L,300.4,309.9,1376,43.5,74,0,0,0,0,0,0,0,0.00026249624,Baixo
3140,H32553,H,300.4,309.9,1513,38.7,76,0,0,0,0,0,0,0,2.8605687e-06,Baixo
3141,H32554,H,300.4,309.9,2563,12.8,81,1,0,0,1,0,0,1,0.1389553,Baixo
3142,L50321,L,300.5,310.0,1521,45.1,86,0,0,0,0,0,0,0,1.0978974e-05,Baixo
3143,L50322,L,300.6,310.0,1658,34.7,88,0,0,0,0,0,0,0,1.5294829e-07,Baixo
3144,H32557,H,300.6,310.0,1419,42.4,90,0,0,0,0,0,0,0,1.0026258e-06,Baixo
3145,M18004,M,300.6,310.0,1478,36.3,95,0,0,0,0,0,0,0,2.2487654e-06,Baixo
3146,M18005,M,300.5,310.0,1415,43.5,98,0,0,0,0,0,0,0,5.080349e-06,Baixo
3147,M18006,M,300.5,309.9,1780,26.5,101,0,0,0,0,0,0,0,7.550489e-05,Baixo
3148,M18007,M,300.4,309.7,1440,42.8,104,0,0,0,0,0,0,0,2.114791e-05,Baixo
3149,H32562,H,300.4,309.8,1448,39.7,107,0,0,0,0,0,0,0,2.775953e-06,Baixo
3150,H32563,H,300.4,309.7,1500,35.2,112,0,0,0,0,0,0,0,3.836361e-07,Baixo
3151,L50330,L,300.4,309.8,1513,32.9,117,0,0,0,0,0,0,0,1.2444659e-05,Baixo
3152,L50331,L,300.5,309.8,1428,43.8,119,0,0,0,0,0,0,0,1.3266817e-06,Baixo
3153,M18012,M,300.5,309.8,1473,42.3,121,0,0,0,0,0,0,0,1.8698695e-06,Baixo
3154,M18013,M,300.5,309.9,1483,49.3,124,0,0,0,0,0,0,0,3.0314812e-05,Baixo
3155,L50334,L,300.4,309.7,1534,42.5,127,0,0,0,0,0,0,0,3.222644e-07,Baixo
3156,L50335,L,300.5,309.8,1367,54.0,129,0,0,0,0,0,0,0,0.00019806747,Baixo
3157,L50336,L,300.4,309.7,1467,36.9,131,0,0,0,0,0,0,0,6.4446994e-07,Baixo
3158,M18017,M,300.4,309.7,1488,42.2,133,0,0,0,0,0,0,0,1.6317821e-06,Baixo
3159,L50338,L,300.4,309.7,1679,30.1,136,0,0,0,0,0,0,0,3.4577656e-06,Baixo
3160,H32573,H,300.4,309.8,1409,47.5,138,0,0,0,0,0,0,0,3.982661e-07,Baixo
3161,M18020,M,300.4,309.7,1367,51.2,143,0,0,0,0,0,0,0,3.615596e-05,Baixo
3162,L50341,L,300.4,309.8,1314,63.1,146,0,0,0,0,0,0,0,0.00022859799,Baixo
3163,L50342,L,300.5,309.9,1480,40.0,148,0,0,0,0,0,0,0,1.6546835e-06,Baixo
3164,L50343,L,300.4,309.8,1549,38.9,150,0,0,0,0,0,0,0,3.952511e-06,Baixo
3165,L50344,L,300.4,309.7,1685,31.3,152,0,0,0,0,0,0,0,9.916392e-08,Baixo
3166,L50345,L,300.4,309.6,1536,34.5,154,0,0,0,0,0,0,0,1.3278615e-06,Baixo
3167,M18026,M,300.4,309.7,1539,37.7,156,0,0,0,0,0,0,0,5.3554977e-05,Baixo
3168,L50347,L,300.4,309.7,1384,45.1,159,0,0,0,0,0,0,0,5.5805573e-05,Baixo
3169,M18028,M,300.4,309.6,1614,30.3,161,0,0,0,0,0,0,0,8.4941885e-06,Baixo
3170,M18029,M,300.4,309.6,1675,35.5,164,0,0,0,0,0,0,0,2.356951e-06,Baixo
3171,M18030,M,300.4,309.7,1685,32.3,167,0,0,0,0,0,0,0,1.5507949e-06,Baixo
3172,L50351,L,300.4,309.6,1386,56.9,170,0,0,0,0,0,0,0,0.00029452072,Baixo
3173,M18032,M,300.3,309.6,1488,41.3,172,0,0,0,0,0,0,0,4.5279367e-06,Baixo
3174,L50353,L,300.3,309.6,1624,32.6,175,0,0,0,0,0,0,0,2.0290028e-07,Baixo
3175,L50354,L,300.3,309.6,1600,34.6,177,0,0,0,0,0,0,0,1.4447858e-07,Baixo
3176,L50355,L,300.3,309.6,1468,44.7,179,0,0,0,0,0,0,0,7.891407e-06,Baixo
3177,L50356,L,300.3,309.6,1435,45.4,181,0,0,0,0,0,0,0,7.5690514e-06,Baixo
3178,M18037,M,300.2,309.5,1564,33.4,183,0,0,0,0,0,0,0,3.5930483e-05,Baixo
3179,M18038,M,300.2,309.4,1329,53.6,186,0,0,0,0,0,0,0,5.059977e-05,Baixo
3180,L50359,L,300.1,309.3,1570,36.8,189,0,0,0,0,0,0,0,7.000439e-07,Baixo
3181,M18040,M,300.2,309.4,1433,48.8,191,0,0,0,0,0,0,0,2.7198064e-06,Baixo
3182,L50361,L,300.2,309.4,1527,37.0,194,0,0,0,0,0,0,0,1.5630071e-06,Baixo
3183,M18042,M,300.1,309.3,1443,50.3,196,0,0,0,0,0,0,0,1.3967154e-05,Baixo
3184,L50363,L,300.1,309.3,1616,32.0,199,0,0,0,0,0,0,0,9.142054e-06,Baixo
3185,L50364,L,300.1,309.3,1654,31.0,201,0,0,0,0,0,0,0,2.5521827e-06,Baixo
3186,L50365,L,300.1,309.3,1685,27.1,203,0,0,0,0,0,0,0,0.00069307187,Baixo
3187,M18046,M,300.2,309.4,1456,48.8,205,0,0,0,0,0,0,0,9.968724e-05,Baixo
3188,M18047,M,300.2,309.4,1752,27.8,208,0,0,0,0,0,0,0,0.0006755856,Baixo
3189,M18048,M,300.1,309.2,1438,51.0,211,0,0,0,0,0,0,0,0.00014556148,Baixo
3190,L50369,L,300.1,309.1,1551,33.7,214,0,0,0,0,0,0,0,4.6526016e-05,Baixo
3191,L50370,L,300.1,309.2,1599,30.1,216,0,0,0,0,0,0,0,0.12694886,Baixo
3192,M18051,M,300.1,309.2,1732,33.7,218,0,0,0,0,0,0,0,0.028599922,Baixo
3193,M18052,M,300.1,309.2,1418,39.8,221,0,0,0,0,0,0,0,0.0015986407,Baixo
3194,L50373,L,300.0,309.1,1401,44.5,0,0,0,0,0,0,0,0,5.0970203e-07,Baixo
3195,L50374,L,300.0,309.0,1454,51.7,2,0,0,0,0,0,0,0,2.2429003e-07,Baixo
3196,M18055,M,300.0,309.2,1635,32.4,4,0,0,0,0,0,0,0,2.103751e-07,Baixo
3197,L50376,L,300.0,309.1,1489,40.3,7,0,0,0,0,0,0,0,9.388275e-08,Baixo
3198,L50377,L,300.0,309.1,1465,40.6,9,0,0,0,0,0,0,0,3.8032695e-07,Baixo
3199,M18058,M,300.0,309.1,1463,45.7,11,0,0,0,0,0,0,0,1.0700785e-07,Baixo
3200,H32613,H,300.1,309.1,1560,35.4,14,0,0,0,0,0,0,0,4.7889523e-07,Baixo
3201,M18060,M,300.1,309.2,1454,44.4,19,0,0,0,0,0,0,0,8.5987386e-07,Baixo
3202,L50381,L,300.2,309.1,1479,47.0,22,0,0,0,0,0,0,0,3.6531307e-07,Baixo
3203,L50382,L,300.2,309.2,1430,43.4,24,0,0,0,0,0,0,0,4.847399e-07,Baixo
3204,M18063,M,300.1,309.1,1533,38.0,26,0,0,0,0,0,0,0,8.851589e-08,Baixo
3205,L50384,L,300.1,309.0,1404,54.8,29,0,0,0,0,0,0,0,1.3572186e-06,Baixo
3206,M18065,M,300.1,308.9,1548,38.4,31,0,0,0,0,0,0,0,1.4347816e-05,Baixo
3207,M18066,M,300.1,309.0,1612,33.0,34,0,0,0,0,0,0,0,4.1853946e-06,Baixo
3208,M18067,M,300.2,309.0,1642,31.2,37,0,0,0,0,0,0,0,2.5829565e-06,Baixo
3209,M18068,M,300.2,309.1,1406,42.2,40,0,0,0,0,0,0,0,3.0982824e-07,Baixo
3210,L50389,L,300.3,309.2,1587,31.4,43,0,0,0,0,0,0,0,5.7754928e-08,Baixo
3211,M18070,M,300.3,309.2,1364,47.6,45,0,0,0,0,0,0,0,2.661816e-06,Baixo
3212,L50391,L,300.3,309.2,1462,51.4,48,0,0,0,0,0,0,0,2.2979533e-07,Baixo
3213,L50392,L,300.3,309.2,1649,32.4,50,0,0,0,0,0,0,0,3.6290974e-08,Baixo
3214,L50393,L,300.4,309.2,1752,29.0,52,0,0,0,0,0,0,0,4.5142375e-08,Baixo
3215,H32628,H,300.4,309.3,1396,51.2,54,0,0,0,0,0,0,0,8.6992924e-07,Baixo
3216,M18075,M,300.5,309.4,2179,16.3,59,0,0,0,0,0,0,0,0.0008852897,Baixo
3217,L50396,L,300.5,309.5,1653,27.6,62,0,0,0,0,0,0,0,2.5474724e-06,Baixo
3218,L50397,L,300.6,309.5,2025,21.4,64,0,0,0,0,0,0,0,1.4421731e-06,Baixo
3219,L50398,L,300.6,309.6,1426,53.6,66,0,0,0,0,0,0,0,1.230445e-05,Baixo
3220,M18079,M,300.6,309.6,1503,38.4,68,0,0,0,0,0,0,0,2.8721947e-06,Baixo
3221,M18080,M,300.7,309.6,1525,36.5,71,0,0,0,0,0,0,0,1.7126493e-05,Baixo
3222,L50401,L,300.6,309.6,1423,49.1,74,0,0,0,0,0,0,0,1.134915e-05,Baixo
3223,M18082,M,300.7,309.7,1435,44.7,76,0,0,0,0,0,0,0,2.6879203e-05,Baixo
3224,H32637,H,300.6,309.5,1495,36.5,79,0,0,0,0,0,0,0,3.3905571e-06,Baixo
3225,M18084,M,300.6,309.5,1557,33.8,84,0,0,0,0,0,0,0,1.5229522e-06,Baixo
3226,L50405,L,300.6,309.4,1474,40.7,87,0,0,0,0,0,0,0,7.8318935e-06,Baixo
3227,L50406,L,300.5,309.3,1465,46.0,89,0,0,0,0,0,0,0,1.3592069e-06,Baixo
3228,M18087,M,300.5,309.3,1589,34.9,91,0,0,0,0,0,0,0,7.9334745e-07,Baixo
3229,L50408,L,300.5,309.3,1475,46.8,94,0,0,0,0,0,0,0,5.226045e-07,Baixo
3230,L50409,L,300.6,309.4,1442,43.2,96,0,0,0,0,0,0,0,1.809566e-06,Baixo
3231,L50410,L,300.6,309.4,1556,36.0,98,0,0,0,0,0,0,0,3.7812265e-07,Baixo
3232,L50411,L,300.7,309.3,1425,45.3,100,0,0,0,0,0,0,0,2.5220158e-06,Baixo
3233,L50412,L,300.7,309.3,1580,38.3,102,0,0,0,0,0,0,0,1.9822044e-06,Baixo
3234,H32647,H,300.8,309.4,1474,40.7,104,0,0,0,0,0,0,0,2.129704e-06,Baixo
3235,L50414,L,300.8,309.4,1489,38.4,109,0,0,0,0,0,0,0,3.272989e-06,Baixo
3236,L50415,L,300.8,309.4,1946,20.5,111,0,0,0,0,0,0,0,2.4634426e-07,Baixo
3237,M18096,M,300.8,309.4,1342,62.4,113,1,0,1,0,0,0,1,0.24239998,Baixo
3238,M18097,M,300.9,309.5,1758,26.8,116,0,0,0,0,0,0,0,3.252918e-06,Baixo
3239,M18098,M,300.9,309.4,1724,25.6,119,0,0,0,0,0,0,0,8.472539e-06,Baixo
3240,L50419,L,301.0,309.5,1430,48.5,122,0,0,0,0,0,0,0,4.979123e-06,Baixo
3241,L50420,L,300.9,309.5,1612,35.2,124,0,0,0,0,0,0,0,3.1885367e-07,Baixo
3242,H32655,H,300.9,309.5,1469,43.4,126,0,0,0,0,0,0,0,1.8168633e-06,Baixo
3243,L50422,L,300.9,309.6,1384,42.4,131,0,0,0,0,0,0,0,1.6917622e-05,Baixo
3244,L50423,L,301.0,309.6,1724,28.1,133,0,0,0,0,0,0,0,1.1373683e-06,Baixo
3245,M18104,M,301.0,309.6,1397,48.0,135,0,0,0,0,0,0,0,0.00013174543,Baixo
3246,M18105,M,301.0,309.6,1588,32.7,138,0,0,0,0,0,0,0,3.8877506e-06,Baixo
3247,L50426,L,301.0,309.7,1468,42.0,141,0,0,0,0,0,0,0,3.3141005e-06,Baixo
3248,M18107,M,301.0,309.8,1594,31.1,143,0,0,0,0,0,0,0,5.202656e-06,Baixo
3249,M18108,M,301.0,309.7,1511,39.3,146,0,0,0,0,0,0,0,8.712347e-06,Baixo
3250,L50429,L,301.1,309.8,1493,38.9,149,0,0,0,0,0,0,0,1.0649485e-05,Baixo
3251,H32664,H,301.2,309.8,1709,27.0,151,0,0,0,0,0,0,0,1.4451732e-06,Baixo
3252,L50431,L,301.1,309.6,1501,36.1,156,0,0,0,0,0,0,0,1.5770305e-06,Baixo
3253,L50432,L,301.1,309.7,1668,30.8,158,0,0,0,0,0,0,0,1.04228e-07,Baixo
3254,L50433,L,301.1,309.6,1502,48.9,160,0,0,0,0,0,0,0,4.035379e-06,Baixo
3255,M18114,M,301.0,309.7,1288,58.4,162,0,0,0,0,0,0,0,0.0003729362,Baixo
3256,L50435,L,301.0,309.7,1491,42.9,165,0,0,0,0,0,0,0,8.31245e-07,Baixo
3257,L50436,L,301.1,309.8,1519,39.6,167,0,0,0,0,0,0,0,4.9443347e-06,Baixo
3258,L50437,L,301.2,309.9,1984,19.7,169,0,0,0,0,0,0,0,1.1432131e-05,Baixo
3259,L50438,L,301.2,309.9,1643,32.9,171,0,0,0,0,0,0,0,3.218771e-07,Baixo
3260,M18119,M,301.2,310.0,1625,31.6,173,0,0,0,0,0,0,0,1.03419055e-07,Baixo
3261,M18120,M,301.3,310.0,2068,17.8,176,0,0,0,0,0,0,0,2.4988503e-05,Baixo
3262,H32675,H,301.3,310.1,1469,39.7,179,0,0,0,0,0,0,0,2.5845113e-06,Baixo
3263,L50442,L,301.3,310.1,1558,36.3,184,0,0,0,0,0,0,0,2.6505438e-06,Baixo
3264,L50443,L,301.3,310.0,1344,54.8,186,0,0,0,0,0,0,0,0.0038007589,Baixo
3265,H32678,H,301.3,310.1,1455,44.1,188,0,0,0,0,0,0,0,5.470184e-06,Baixo
3266,L50445,L,301.3,310.1,1355,53.6,193,0,0,0,0,0,0,0,0.026712777,Baixo
3267,L50446,L,301.3,310.1,1269,56.8,195,1,0,0,0,1,0,1,0.98883164,Crítico
3268,L50447,L,301.3,310.0,1550,41.5,197,0,0,0,0,0,0,0,1.1787585e-06,Baixo
3269,M18128,M,301.3,310.1,1525,37.8,199,0,0,0,0,0,0,0,0.00036129216,Baixo
3270,M18129,M,301.3,310.0,1696,32.4,202,0,0,0,0,0,0,0,3.2641178e-06,Baixo
3271,L50450,L,301.4,310.1,1937,21.8,205,0,0,0,0,0,0,0,0.00012981353,Baixo
3272,M18131,M,301.4,310.0,1689,32.1,207,0,0,0,0,0,0,0,4.5557772e-05,Baixo
3273,M18132,M,301.3,310.0,1593,30.8,210,0,0,0,0,0,0,0,0.00032267423,Baixo
3274,M18133,M,301.3,309.9,1565,36.0,213,0,0,0,0,0,0,0,0.00034828187,Baixo
3275,L50454,L,301.3,310.0,1665,31.4,0,0,0,0,0,0,0,0,5.581616e-07,Baixo
3276,H32689,H,301.3,310.0,1532,36.3,2,0,0,0,0,0,0,0,1.639688e-06,Baixo
3277,L50456,L,301.3,310.0,1438,40.9,7,0,0,0,0,0,0,0,3.0857577e-06,Baixo
3278,L50457,L,301.3,310.1,1531,41.6,9,0,0,0,0,0,0,0,5.0461733e-07,Baixo
3279,L50458,L,301.3,310.0,1506,40.8,11,0,0,0,0,0,0,0,6.640955e-07,Baixo
3280,L50459,L,301.2,309.9,1382,52.4,13,0,0,0,0,0,0,0,0.00021934645,Baixo
3281,M18140,M,301.2,309.9,1456,50.8,15,0,0,0,0,0,0,0,4.0748517e-05,Baixo
3282,M18141,M,301.2,310.0,1445,45.6,18,0,0,0,0,0,0,0,1.7360738e-06,Baixo
3283,L50462,L,301.2,309.9,1515,40.9,21,0,0,0,0,0,0,0,5.168908e-06,Baixo
3284,L50463,L,301.2,309.9,1449,45.5,23,0,0,0,0,0,0,0,9.356906e-05,Baixo
3285,H32698,H,301.2,309.9,1362,50.7,25,0,0,0,0,0,0,0,0.0023920496,Baixo
3286,L50465,L,301.2,309.9,1687,29.7,30,0,0,0,0,0,0,0,1.0946427e-06,Baixo
3287,L50466,L,301.2,310.0,1618,37.6,32,0,0,0,0,0,0,0,7.787348e-06,Baixo
3288,M18147,M,301.2,310.1,1558,32.6,34,0,0,0,0,0,0,0,1.9039115e-07,Baixo
3289,L50468,L,301.3,310.1,1662,31.0,37,0,0,0,0,0,0,0,7.5786335e-07,Baixo
3290,M18149,M,301.2,310.1,1295,56.6,39,0,0,0,0,0,0,0,0.00052695227,Baixo
3291,L50470,L,301.2,310.2,1385,42.3,42,0,0,0,0,0,0,0,4.6680987e-05,Baixo
3292,M18151,M,301.2,310.1,1479,45.5,44,0,0,0,0,0,0,0,8.5517723e-07,Baixo
3293,L50472,L,301.3,310.3,1400,44.3,47,0,0,0,0,0,0,0,6.688942e-05,Baixo
3294,M18153,M,301.2,310.3,1357,54.5,49,0,0,0,0,0,0,0,0.0019271859,Baixo
3295,L50474,L,301.1,310.2,1657,34.1,52,0,0,0,0,0,0,0,4.9760666e-07,Baixo
3296,L50475,L,301.1,310.2,1496,43.4,54,0,0,0,0,0,0,0,8.892325e-07,Baixo
3297,M18156,M,301.2,310.3,1379,43.2,56,0,0,0,0,0,0,0,5.6125256e-05,Baixo
3298,L50477,L,301.2,310.3,1548,38.6,59,0,0,0,0,0,0,0,1.3338876e-05,Baixo
3299,L50478,L,301.2,310.3,1499,38.1,61,0,0,0,0,0,0,0,8.142112e-05,Baixo
3300,L50479,L,301.3,310.5,1390,45.8,63,0,0,0,0,0,0,0,6.1864193e-06,Baixo
3301,H32714,H,301.3,310.4,1538,38.4,65,0,0,0,0,0,0,0,8.114357e-07,Baixo
3302,L50481,L,301.3,310.5,1365,47.7,70,0,0,0,0,0,0,0,0.00039772253,Baixo
3303,L50482,L,301.3,310.5,1503,48.6,72,0,0,0,0,0,0,0,7.295002e-06,Baixo
3304,L50483,L,301.2,310.4,1390,49.9,74,0,0,0,0,0,0,0,3.2881297e-05,Baixo
3305,L50484,L,301.2,310.3,1497,45.7,76,0,0,0,0,0,0,0,1.254377e-05,Baixo
3306,M18165,M,301.3,310.4,1577,48.3,78,0,0,0,0,0,0,0,2.4548052e-07,Baixo
3307,L50486,L,301.4,310.5,1432,54.3,81,0,0,0,0,0,0,0,1.6967582e-05,Baixo
3308,M18167,M,301.4,310.5,1563,39.9,83,0,0,0,0,0,0,0,1.0746228e-06,Baixo
3309,L50488,L,301.4,310.4,1433,43.4,86,0,0,0,0,0,0,0,2.885744e-06,Baixo
3310,L50489,L,301.3,310.4,1384,50.1,88,0,0,0,0,0,0,0,3.2403226e-05,Baixo
3311,L50490,L,301.3,310.4,1346,46.7,90,0,0,0,0,0,0,0,0.0016211709,Baixo
3312,L50491,L,301.3,310.4,1459,44.7,92,0,0,0,0,0,0,0,1.0939406e-05,Baixo
3313,L50492,L,301.4,310.4,1639,28.9,94,0,0,0,0,0,0,0,6.717981e-07,Baixo
3314,L50493,L,301.4,310.4,1737,31.9,96,0,0,0,0,0,0,0,2.357829e-07,Baixo
3315,L50494,L,301.4,310.5,1489,43.5,98,0,0,0,0,0,0,0,1.1831237e-06,Baixo
3316,M18175,M,301.5,310.6,1492,43.0,100,0,0,0,0,0,0,0,5.589281e-07,Baixo
3317,M18176,M,301.4,310.5,1217,60.6,103,0,0,0,0,0,0,0,0.0045694266,Baixo
3318,L50497,L,301.5,310.5,1636,28.7,106,0,0,0,0,0,0,0,2.4115905e-06,Baixo
3319,L50498,L,301.4,310.4,1436,49.7,108,0,0,0,0,0,0,0,4.2030742e-06,Baixo
3320,L50499,L,301.4,310.4,1689,30.6,110,0,0,0,0,0,0,0,1.0700989e-07,Baixo
3321,L50500,L,301.5,310.5,2289,16.4,112,0,0,0,0,0,0,0,6.7082633e-06,Baixo
3322,L50501,L,301.5,310.6,1522,41.0,114,0,0,0,0,0,0,0,7.515097e-07,Baixo
3323,L50502,L,301.5,310.5,1351,52.9,116,0,0,0,0,0,0,0,0.0026713235,Baixo
3324,L50503,L,301.5,310.5,1589,36.7,118,0,0,0,0,0,0,0,3.8306467e-07,Baixo
3325,L50504,L,301.5,310.6,1578,34.1,120,0,0,0,0,0,0,0,1.1244569e-07,Baixo
3326,L50505,L,301.5,310.6,1587,33.7,122,0,0,0,0,0,0,0,8.748932e-08,Baixo
3327,L50506,L,301.5,310.6,1962,20.2,124,0,0,0,0,0,0,0,3.59381e-06,Baixo
3328,M18187,M,301.5,310.6,2432,14.2,126,0,0,0,0,0,0,0,0.046998255,Baixo
3329,L50508,L,301.6,310.6,1418,43.9,129,0,0,0,0,0,0,0,7.2051483e-07,Baixo
3330,L50509,L,301.6,310.7,1683,29.7,131,0,0,0,0,0,0,0,8.49493e-07,Baixo
3331,L50510,L,301.7,310.8,1385,50.7,133,0,0,0,0,0,0,0,6.155455e-05,Baixo
3332,L50511,L,301.7,310.8,1559,44.5,135,0,0,0,0,0,0,0,1.2546532e-05,Baixo
3333,M18192,M,301.7,310.8,1671,31.6,137,0,0,0,0,0,0,0,2.3375001e-07,Baixo
3334,M18193,M,301.6,310.8,1343,49.5,140,0,0,0,0,0,0,0,0.00036792367,Baixo
3335,M18194,M,301.6,310.8,1548,34.2,143,0,0,0,0,0,0,0,1.683871e-07,Baixo
3336,L50515,L,301.7,310.9,1705,31.2,146,0,0,0,0,0,0,0,5.000676e-07,Baixo
3337,L50516,L,301.6,310.8,1535,35.4,148,0,0,0,0,0,0,0,1.2216536e-05,Baixo
3338,L50517,L,301.6,310.8,1564,34.1,150,0,0,0,0,0,0,0,9.6686264e-08,Baixo
3339,M18198,M,301.6,310.9,1510,40.9,152,0,0,0,0,0,0,0,2.28142e-06,Baixo
3340,L50519,L,301.6,310.9,1492,45.2,155,0,0,0,0,0,0,0,6.843612e-06,Baixo
3341,M18200,M,301.5,310.8,1452,44.1,157,0,0,0,0,0,0,0,1.5374679e-06,Baixo
3342,H32755,H,301.4,310.7,1329,52.0,160,0,0,0,0,0,0,0,0.00032376905,Baixo
3343,L50522,L,301.5,310.8,1382,52.4,165,0,0,0,0,0,0,0,1.2400174e-05,Baixo
3344,M18203,M,301.5,310.8,1628,36.4,167,0,0,0,0,0,0,0,1.1501691e-07,Baixo
3345,L50524,L,301.4,310.7,1706,27.9,170,0,0,0,0,0,0,0,8.0751715e-07,Baixo
3346,L50525,L,301.3,310.7,1594,34.1,172,0,0,0,0,0,0,0,1.3328561e-07,Baixo
3347,L50526,L,301.3,310.7,1761,24.3,174,0,0,0,0,0,0,0,1.4222795e-06,Baixo
3348,L50527,L,301.3,310.6,1529,41.8,176,0,0,0,0,0,0,0,3.2288629e-06,Baixo
3349,M18208,M,301.3,310.7,1532,40.7,178,0,0,0,0,0,0,0,2.597268e-07,Baixo
3350,L50529,L,301.4,310.7,1673,27.8,181,0,0,0,0,0,0,0,2.4273522e-06,Baixo
3351,L50530,L,301.4,310.8,1285,62.6,183,1,0,0,0,1,0,1,0.9774079,Crítico
3352,L50531,L,301.4,310.8,1680,31.4,185,0,0,0,0,0,0,0,1.09555494e-07,Baixo
3353,L50532,L,301.4,310.8,1610,34.6,187,0,0,0,0,0,0,0,1.1524155e-07,Baixo
3354,L50533,L,301.6,310.9,1632,31.6,189,0,0,0,0,0,0,0,3.8623293e-06,Baixo
3355,L50534,L,301.6,310.9,1559,40.2,191,0,0,0,0,0,0,0,0.00030520806,Baixo
3356,L50535,L,301.5,310.8,1367,49.0,193,0,0,0,0,0,0,0,0.00017784211,Baixo
3357,L50536,L,301.6,310.8,1355,57.8,195,1,0,0,0,1,0,1,0.40624192,Moderado
3358,H32771,H,301.6,310.7,1414,51.7,197,0,0,0,0,0,0,0,5.4644433e-06,Baixo
3359,L50538,L,301.5,310.6,1522,36.6,202,0,0,0,0,0,0,0,0.0009664812,Baixo
3360,L50539,L,301.5,310.6,1525,41.9,204,0,0,0,0,0,0,0,1.5096259e-05,Baixo
3361,L50540,L,301.5,310.6,1394,46.5,206,0,0,0,0,0,0,0,0.029963752,Baixo
3362,L50541,L,301.5,310.6,1519,40.7,208,0,0,0,0,0,0,0,0.10183551,Baixo
3363,L50542,L,301.4,310.6,1445,43.9,210,0,0,0,0,0,0,0,0.043753583,Baixo
3364,L50543,L,301.4,310.6,1555,43.3,212,0,0,0,0,0,0,0,2.7383076e-05,Baixo
3365,L50544,L,301.4,310.5,1633,39.5,0,0,0,0,0,0,0,0,3.312015e-06,Baixo
3366,M18225,M,301.4,310.6,1630,30.3,2,0,0,0,0,0,0,0,8.234429e-05,Baixo
3367,M18226,M,301.4,310.7,1692,32.3,5,0,0,0,0,0,0,0,1.5495574e-06,Baixo
3368,H32781,H,301.5,310.7,1790,26.2,8,0,0,0,0,0,0,0,1.1209124e-05,Baixo
3369,L50548,L,301.5,310.8,1350,58.5,13,0,0,0,0,0,0,0,5.5236622e-05,Baixo
3370,L50549,L,301.5,310.9,2760,8.0,15,1,0,0,1,0,0,1,0.9427065,Crítico
3371,L50550,L,301.4,310.7,1584,32.2,17,0,0,0,0,0,0,0,1.9520972e-07,Baixo
3372,L50551,L,301.4,310.7,1989,21.8,19,0,0,0,0,0,0,0,7.865164e-06,Baixo
3373,L50552,L,301.4,310.8,1431,44.3,21,0,0,0,0,0,0,0,1.0588087e-05,Baixo
3374,L50553,L,301.4,310.7,1568,35.2,23,0,0,0,0,0,0,0,1.9849624e-06,Baixo
3375,L50554,L,301.4,310.7,1376,50.6,25,0,0,0,0,0,0,0,0.0015671194,Baixo
3376,M18235,M,301.4,310.6,1459,46.9,27,0,0,0,0,0,0,0,1.0687379e-06,Baixo
3377,M18236,M,301.5,310.8,1385,47.5,30,0,0,0,0,0,0,0,4.970095e-06,Baixo
3378,H32791,H,301.5,310.8,1591,29.6,33,0,0,0,0,0,0,0,2.5156598e-06,Baixo
3379,L50558,L,301.5,310.7,1568,33.1,38,0,0,0,0,0,0,0,3.045519e-07,Baixo
3380,M18239,M,301.4,310.7,1459,37.7,40,0,0,0,0,0,0,0,3.338867e-05,Baixo
3381,L50560,L,301.4,310.7,1590,36.3,43,0,0,0,0,0,0,0,6.616566e-07,Baixo
3382,L50561,L,301.3,310.6,1376,47.6,45,0,0,0,0,0,0,0,1.6723241e-05,Baixo
3383,L50562,L,301.3,310.6,1510,38.5,47,0,0,0,0,0,0,0,3.0834926e-06,Baixo
3384,H32797,H,301.4,310.6,1674,33.6,49,0,0,0,0,0,0,0,4.0617227e-08,Baixo
3385,L50564,L,301.3,310.6,1426,40.7,54,0,0,0,0,0,0,0,7.2856113e-07,Baixo
3386,L50565,L,301.5,310.7,1466,43.6,56,0,0,0,0,0,0,0,5.6355793e-07,Baixo
3387,H32800,H,301.5,310.8,1474,38.7,58,0,0,0,0,0,0,0,4.5714637e-07,Baixo
3388,M18247,M,301.6,310.8,1290,65.3,63,0,0,0,0,0,0,0,0.48267424,Moderado
3389,M18248,M,301.7,310.9,1435,48.0,66,0,0,0,0,0,0,0,4.2583542e-05,Baixo
3390,M18249,M,301.5,310.7,1416,53.2,69,0,0,0,0,0,0,0,1.0859563e-06,Baixo
3391,H32804,H,301.5,310.7,1599,40.4,72,0,0,0,0,0,0,0,2.2608115e-06,Baixo
3392,L50571,L,301.5,310.7,1466,47.3,77,0,0,0,0,0,0,0,1.7277498e-05,Baixo
3393,L50572,L,301.5,310.7,1408,47.3,79,0,0,0,0,0,0,0,6.1878127e-06,Baixo
3394,L50573,L,301.5,310.6,1490,48.1,81,0,0,0,0,0,0,0,2.0504497e-06,Baixo
3395,L50574,L,301.5,310.6,1405,42.3,83,0,0,0,0,0,0,0,4.16388e-06,Baixo
3396,L50575,L,301.4,310.5,1647,33.3,85,0,0,0,0,0,0,0,9.229948e-07,Baixo
3397,M18256,M,301.4,310.6,1459,35.0,87,0,0,0,0,0,0,0,6.817217e-06,Baixo
3398,L50577,L,301.4,310.6,1648,30.7,90,0,0,0,0,0,0,0,9.522829e-07,Baixo
3399,L50578,L,301.4,310.7,1675,30.7,92,0,0,0,0,0,0,0,4.2619404e-06,Baixo
3400,L50579,L,301.4,310.7,1605,34.2,94,0,0,0,0,0,0,0,1.8254451e-07,Baixo
3401,H32814,H,301.4,310.7,1536,44.4,96,0,0,0,0,0,0,0,1.7949583e-06,Baixo
3402,M18261,M,301.4,310.7,1617,34.3,101,0,0,0,0,0,0,0,2.2472518e-06,Baixo
3403,L50582,L,301.4,310.6,1347,53.3,104,0,0,0,0,0,0,0,0.0008867346,Baixo
3404,L50583,L,301.3,310.5,1337,52.7,106,0,0,0,0,0,0,0,8.085422e-05,Baixo
3405,L50584,L,301.3,310.4,1695,30.9,108,0,0,0,0,0,0,0,1.2847728e-07,Baixo
3406,M18265,M,301.3,310.4,1635,32.5,110,0,0,0,0,0,0,0,3.2662618e-07,Baixo
3407,L50586,L,301.2,310.4,1470,44.0,113,0,0,0,0,0,0,0,1.0614569e-06,Baixo
3408,L50587,L,301.2,310.4,1381,49.8,115,0,0,0,0,0,0,0,9.888719e-06,Baixo
3409,M18268,M,301.2,310.4,1382,41.6,117,0,0,0,0,0,0,0,0.00012788778,Baixo
3410,M18269,M,301.2,310.4,1697,30.0,120,0,0,0,0,0,0,0,2.5268284e-06,Baixo
3411,L50590,L,301.2,310.3,1451,39.7,123,0,0,0,0,0,0,0,5.254353e-05,Baixo
3412,L50591,L,301.3,310.3,1419,55.7,125,0,0,0,0,0,0,0,3.1719137e-05,Baixo
3413,L50592,L,301.3,310.3,1313,55.6,127,0,0,0,0,0,0,0,0.0016452287,Baixo
3414,L50593,L,301.3,310.3,1560,36.3,129,0,0,0,0,0,0,0,1.2242125e-06,Baixo
3415,L50594,L,301.3,310.3,1555,41.2,131,0,0,0,0,0,0,0,7.264735e-07,Baixo
3416,L50595,L,301.4,310.4,1579,36.9,133,0,0,0,0,0,0,0,1.0070013e-06,Baixo
3417,L50596,L,301.5,310.5,1435,44.6,135,0,0,0,0,0,0,0,1.9148352e-07,Baixo
3418,L50597,L,301.6,310.6,1621,33.7,137,0,0,0,0,0,0,0,2.9888323e-08,Baixo
3419,H32832,H,301.6,310.6,1555,40.4,139,0,0,0,0,0,0,0,3.4048423e-07,Baixo
3420,L50599,L,301.5,310.5,1611,33.8,144,0,0,0,0,0,0,0,1.1470285e-07,Baixo
3421,L50600,L,301.6,310.6,1834,23.5,146,0,0,0,0,0,0,0,7.7335426e-07,Baixo
3422,M18281,M,301.5,310.5,1612,29.8,148,0,0,0,0,0,0,0,1.3806073e-06,Baixo
3423,L50602,L,301.5,310.4,1629,34.1,151,0,0,0,0,0,0,0,1.610753e-07,Baixo
3424,L50603,L,301.4,310.4,1496,35.2,153,0,0,0,0,0,0,0,8.719828e-08,Baixo
3425,L50604,L,301.5,310.5,1593,32.9,155,0,0,0,0,0,0,0,3.0018867e-08,Baixo
3426,M18285,M,301.5,310.5,1623,33.5,157,0,0,0,0,0,0,0,1.0768474e-07,Baixo
3427,L50606,L,301.5,310.5,1380,48.7,160,0,0,0,0,0,0,0,1.904842e-05,Baixo
3428,L50607,L,301.6,310.6,1562,34.4,162,0,0,0,0,0,0,0,1.4140728e-06,Baixo
3429,L50608,L,301.6,310.6,1391,49.4,164,0,0,0,0,0,0,0,1.7984676e-06,Baixo
3430,H32843,H,301.5,310.5,1551,34.3,166,0,0,0,0,0,0,0,2.3054757e-07,Baixo
3431,H32844,H,301.6,310.6,1821,26.2,171,0,0,0,0,0,0,0,7.1476114e-07,Baixo
3432,L50611,L,301.6,310.7,1429,43.6,176,0,0,0,0,0,0,0,8.645253e-07,Baixo
3433,M18292,M,301.6,310.7,2012,20.7,178,0,0,0,0,0,0,0,0.004968026,Baixo
3434,M18293,M,301.6,310.6,1924,23.6,181,0,0,0,0,0,0,0,0.00014375399,Baixo
3435,M18294,M,301.5,310.5,1412,44.1,184,0,0,0,0,0,0,0,2.0418229e-06,Baixo
3436,L50615,L,301.5,310.5,1389,54.9,187,0,0,0,0,0,0,0,0.0016358249,Baixo
3437,L50616,L,301.5,310.5,1466,48.1,189,0,0,0,0,0,0,0,6.710919e-06,Baixo
3438,L50617,L,301.5,310.5,2297,15.8,191,0,0,0,0,0,0,0,3.630193e-05,Baixo
3439,L50618,L,301.4,310.4,1471,37.5,193,0,0,0,0,0,0,0,1.5145028e-05,Baixo
3440,L50619,L,301.4,310.3,1492,41.4,195,0,0,0,0,0,0,0,1.5399082e-05,Baixo
3441,L50620,L,301.3,310.3,1460,41.5,197,0,0,0,0,0,0,0,1.2957333e-05,Baixo
3442,L50621,L,301.4,310.4,1559,39.4,199,0,0,0,0,0,0,0,1.0039539e-05,Baixo
3443,M18302,M,301.4,310.5,1495,52.5,201,0,0,0,0,0,0,0,1.1514049e-05,Baixo
3444,L50623,L,301.5,310.5,1535,39.0,204,0,0,0,0,0,0,0,0.006509069,Baixo
3445,L50624,L,301.5,310.6,1381,50.7,206,0,0,0,0,0,0,0,0.00094198575,Baixo
3446,M18305,M,301.6,310.6,1599,36.1,208,0,0,0,0,0,0,0,0.00010716067,Baixo
3447,H32860,H,301.6,310.6,1400,49.5,211,0,0,0,0,0,0,0,0.042878684,Baixo
3448,L50627,L,301.7,310.6,1624,34.5,216,0,0,0,0,0,0,0,0.00057561125,Baixo
3449,L50628,L,301.6,310.6,1478,36.6,218,0,0,0,0,0,0,0,0.0048658745,Baixo
3450,L50629,L,301.7,310.7,1605,33.3,220,0,0,0,0,0,0,0,0.007127686,Baixo
3451,L50630,L,301.6,310.6,1506,43.4,222,0,0,0,0,0,0,0,0.0045193075,Baixo
3452,L50631,L,301.6,310.6,1455,43.9,0,0,0,0,0,0,0,0,3.1919274e-06,Baixo
3454,L50633,L,301.5,310.4,1425,54.4,7,0,0,0,0,0,0,0,5.950535e-06,Baixo
3455,L50634,L,301.5,310.4,1918,21.8,9,0,0,0,0,0,0,0,1.7837538e-06,Baixo
3456,H32869,H,301.4,310.3,1611,41.5,11,0,0,0,0,0,0,0,8.620472e-07,Baixo
3457,H32870,H,301.4,310.4,1610,38.6,16,0,0,0,0,0,0,0,2.292047e-06,Baixo
3458,M18317,M,301.5,310.4,2639,12.0,21,1,0,0,1,0,0,1,0.9428399,Crítico
3459,L50638,L,301.5,310.4,1329,46.6,24,0,0,0,0,0,0,0,0.0096884,Baixo
3460,L50639,L,301.5,310.4,1270,54.2,26,0,0,0,0,0,0,0,0.02107333,Baixo
3461,L50640,L,301.5,310.3,1415,41.6,28,0,0,0,0,0,0,0,1.758739e-05,Baixo
3462,H32875,H,301.6,310.4,1330,49.5,30,0,0,0,0,0,0,0,0.9366198,Crítico
3463,H32876,H,301.6,310.5,1786,27.1,35,0,0,0,0,0,0,0,2.154381e-08,Baixo
3464,L50643,L,301.6,310.5,1809,25.5,40,0,0,0,0,0,0,0,3.104538e-07,Baixo
3465,L50644,L,301.7,310.6,1303,59.7,42,0,0,0,0,0,0,0,0.012180092,Baixo
3466,M18325,M,301.8,310.7,1383,45.7,44,0,0,0,0,0,0,0,2.67049e-05,Baixo
3467,L50646,L,301.7,310.6,1447,56.9,47,0,0,0,0,0,0,0,4.0765073e-05,Baixo
3468,L50647,L,301.8,310.7,1461,44.2,49,0,0,0,0,0,0,0,2.8605768e-06,Baixo
3469,L50648,L,301.8,310.7,2092,18.6,51,0,0,0,0,0,0,0,7.892356e-06,Baixo
3470,M18329,M,301.8,310.7,1429,47.9,53,0,0,0,0,0,0,0,2.125358e-06,Baixo
3471,L50650,L,301.8,310.8,1736,26.5,56,0,0,0,0,0,0,0,1.0868344e-07,Baixo
3472,L50651,L,301.8,310.7,1441,49.3,58,0,0,0,0,0,0,0,5.637166e-06,Baixo
3473,L50652,L,301.8,310.7,1523,43.3,60,0,0,0,0,0,0,0,8.616966e-06,Baixo
3474,M18333,M,301.8,310.8,1691,33.4,62,0,0,0,0,0,0,0,3.423483e-07,Baixo
3475,M18334,M,301.9,310.8,1557,35.3,65,0,0,0,0,0,0,0,5.6504173e-06,Baixo
3476,L50655,L,301.8,310.7,1644,33.4,68,0,0,0,0,0,0,0,1.2102015e-06,Baixo
3477,L50656,L,301.8,310.6,1522,43.8,70,0,0,0,0,0,0,0,2.7310998e-06,Baixo
3478,L50657,L,301.8,310.7,1547,41.7,72,0,0,0,0,0,0,0,6.598332e-06,Baixo
3479,L50658,L,301.8,310.7,1597,30.8,74,0,0,0,0,0,0,0,1.9063194e-05,Baixo
3480,M18339,M,301.8,310.8,1619,31.0,76,0,0,0,0,0,0,0,7.122286e-07,Baixo
3481,L50660,L,301.9,310.8,1400,58.2,79,0,0,0,0,0,0,0,0.0002358197,Baixo
3482,L50661,L,302.0,310.9,1663,31.5,81,0,0,0,0,0,0,0,4.5256875e-06,Baixo
3483,L50662,L,301.9,310.8,1540,37.6,83,0,0,0,0,0,0,0,1.22315505e-05,Baixo
3484,H32897,H,301.9,310.8,1455,42.7,85,0,0,0,0,0,0,0,7.72489e-06,Baixo
3485,L50664,L,301.9,310.8,1519,39.0,90,0,0,0,0,0,0,0,3.6805675e-05,Baixo
3486,L50665,L,301.9,310.8,1427,47.7,92,0,0,0,0,0,0,0,1.0162485e-06,Baixo
3487,L50666,L,301.9,310.8,1650,29.8,94,0,0,0,0,0,0,0,1.0116726e-05,Baixo
3488,M18347,M,301.8,310.8,1508,38.8,96,0,0,0,0,0,0,0,2.4963422e-06,Baixo
3489,L50668,L,301.9,310.9,1379,54.8,99,0,0,0,0,0,0,0,0.96960235,Crítico
3490,L50669,L,301.9,310.9,1542,36.7,101,0,0,0,0,0,0,0,2.7483038e-05,Baixo
3491,M18350,M,301.9,310.9,1763,28.4,103,0,0,0,0,0,0,0,3.129038e-06,Baixo
3492,H32905,H,301.9,310.9,1590,34.3,106,0,0,0,0,0,0,0,1.5259498e-07,Baixo
3493,H32906,H,301.9,311.0,1336,63.6,111,0,0,0,0,0,0,0,0.33101138,Moderado
3494,M18353,M,301.9,311.0,1638,35.4,116,0,0,0,0,0,0,0,4.3149367e-07,Baixo
3495,L50674,L,301.9,311.0,1356,45.7,119,0,0,0,0,0,0,0,0.0004642688,Baixo
3496,M18355,M,301.9,311.0,1384,47.4,121,0,0,0,0,0,0,0,2.6010384e-05,Baixo
3497,L50676,L,301.9,310.9,1309,48.0,124,0,0,0,0,0,0,0,0.7613141,Alto
3498,L50677,L,301.9,311.0,1642,33.1,126,0,0,0,0,0,0,0,1.7793789e-06,Baixo
3499,L50678,L,301.9,311.0,1289,54.9,128,0,0,0,0,0,0,0,0.00023752473,Baixo
3500,L50679,L,301.9,311.0,1353,43.8,130,0,0,0,0,0,0,0,0.00027847002,Baixo
3501,H32914,H,301.9,311.0,1871,26.0,132,0,0,0,0,0,0,0,1.1839492e-05,Baixo
3502,H32915,H,301.9,311.0,1291,63.6,137,0,0,0,0,0,0,0,0.0042985105,Baixo
3503,M18362,M,301.8,310.9,1346,44.6,142,0,0,0,0,0,0,0,0.01596862,Baixo
3504,L50683,L,301.7,310.8,1493,47.6,145,0,0,0,0,0,0,0,1.36797125e-05,Baixo
3505,M18364,M,301.7,310.8,1524,41.3,147,0,0,0,0,0,0,0,4.944485e-06,Baixo
3506,L50685,L,301.6,310.8,1726,26.7,150,0,0,0,0,0,0,0,4.5674145e-08,Baixo
3507,H32920,H,301.6,310.8,1435,47.2,152,0,0,0,0,0,0,0,5.255904e-07,Baixo
3508,M18367,M,301.7,310.8,1502,34.4,157,0,0,0,0,0,0,0,9.390618e-07,Baixo
3509,L50688,L,301.7,310.9,1608,33.0,160,0,0,0,0,0,0,0,4.1377828e-07,Baixo
3510,L50689,L,301.8,311.0,1771,27.2,162,0,0,0,0,0,0,0,3.2639886e-07,Baixo
3511,L50690,L,301.7,311.0,1474,42.6,164,0,0,0,0,0,0,0,3.8593691e-07,Baixo
3512,L50691,L,301.8,311.0,1322,53.0,166,0,0,0,0,0,0,0,0.00015517534,Baixo
3513,M18372,M,301.8,311.0,1393,49.5,168,0,0,0,0,0,0,0,4.123474e-06,Baixo
3514,M18373,M,301.9,311.1,1417,52.5,171,0,0,0,0,0,0,0,2.327573e-06,Baixo
3515,H32928,H,301.9,311.0,1430,49.8,174,0,0,0,0,0,0,0,2.9367613e-06,Baixo
3516,M18375,M,301.9,311.1,1605,40.0,179,0,0,0,0,0,0,0,8.720807e-07,Baixo
3517,L50696,L,302.0,311.1,1402,47.8,182,0,0,0,0,0,0,0,3.221352e-06,Baixo
3518,L50697,L,302.0,311.0,1550,35.2,184,0,0,0,0,0,0,0,2.2607386e-05,Baixo
3519,L50698,L,301.9,311.0,1376,44.9,186,0,0,0,0,0,0,0,0.0004917685,Baixo
3520,M18379,M,301.9,310.9,1569,32.5,188,0,0,0,0,0,0,0,1.1561984e-06,Baixo
3521,L50700,L,301.9,311.0,1669,32.2,191,0,0,0,0,0,0,0,9.985246e-07,Baixo
3522,L50701,L,301.9,311.0,1541,38.9,193,0,0,0,0,0,0,0,1.07874575e-05,Baixo
3523,L50702,L,301.8,311.0,1651,32.5,195,0,0,0,0,0,0,0,2.4062767e-06,Baixo
3524,L50703,L,301.8,310.9,1521,39.3,197,0,0,0,0,0,0,0,0.00014887737,Baixo
3525,M18384,M,301.8,310.8,1365,48.2,199,0,0,0,0,0,0,0,0.00520505,Baixo
3526,L50705,L,301.8,310.9,1609,31.7,202,0,0,0,0,0,0,0,1.5315296e-05,Baixo
3527,H32940,H,301.8,310.8,1470,37.6,204,0,0,0,0,0,0,0,0.07258798,Baixo
3528,M18387,M,301.9,310.9,1573,38.9,209,0,0,0,0,0,0,0,0.6237277,Alto
3529,L50708,L,302.0,310.9,1378,53.1,212,1,0,0,0,1,0,1,0.9938652,Crítico
3530,L50709,L,301.9,310.9,1567,39.0,214,1,1,0,0,0,0,1,0.036318433,Baixo
3531,M18390,M,301.9,310.9,1441,43.7,0,0,0,0,0,0,0,0,7.8486e-05,Baixo
3532,M18391,M,301.9,310.9,1641,33.2,3,0,0,0,0,0,0,0,4.7179765e-06,Baixo
3533,L50712,L,301.9,310.9,1486,40.3,6,0,0,0,0,0,0,0,0.00029936736,Baixo
3534,L50713,L,302.0,311.0,1563,36.2,8,0,0,0,0,0,0,0,2.527893e-05,Baixo
3535,M18394,M,302.0,311.1,1769,26.0,10,0,0,0,0,0,0,0,3.058716e-07,Baixo
3536,H32949,H,301.9,311.0,1672,29.9,13,0,0,0,0,0,0,0,3.2016047e-08,Baixo
3537,L50716,L,302.0,311.0,1632,34.2,18,0,0,0,0,0,0,0,8.928824e-07,Baixo
3538,M18397,M,302.0,311.0,1980,21.5,20,0,0,0,0,0,0,0,2.7049717e-05,Baixo
3539,L50718,L,302.0,311.1,1635,36.0,23,0,0,0,0,0,0,0,1.4456679e-05,Baixo
3540,L50719,L,302.0,311.0,1686,32.5,25,0,0,0,0,0,0,0,2.1157377e-06,Baixo
3541,L50720,L,301.9,310.9,1574,31.4,27,0,0,0,0,0,0,0,5.66431e-06,Baixo
3542,L50721,L,301.8,310.8,1546,43.4,29,0,0,0,0,0,0,0,9.736568e-07,Baixo
3543,L50722,L,301.8,310.9,1899,24.7,31,0,0,0,0,0,0,0,7.175735e-05,Baixo
3544,L50723,L,301.8,310.9,1449,36.5,33,0,0,0,0,0,0,0,7.5236903e-06,Baixo
3545,M18404,M,301.9,310.9,1483,37.0,35,0,0,0,0,0,0,0,5.811739e-07,Baixo
3546,L50725,L,301.8,310.8,1576,38.6,38,0,0,0,0,0,0,0,7.847324e-06,Baixo
3547,M18406,M,301.9,310.9,1317,51.9,40,0,0,0,0,0,0,0,0.0011069545,Baixo
3548,M18407,M,301.9,311.0,1467,48.1,43,0,0,0,0,0,0,0,1.543107e-07,Baixo
3549,L50728,L,301.9,310.9,1616,34.5,46,0,0,0,0,0,0,0,1.190446e-07,Baixo
3550,M18409,M,301.8,310.9,1299,60.4,48,0,0,0,0,0,0,0,8.897642e-05,Baixo
3551,M18410,M,301.9,311.0,1432,41.5,51,0,0,0,0,0,0,0,1.8480958e-07,Baixo
3552,L50731,L,301.9,310.9,1799,24.2,54,0,0,0,0,0,0,0,9.855473e-07,Baixo
3553,M18412,M,301.8,310.9,1358,52.3,56,0,0,0,0,0,0,0,0.00019410801,Baixo
3554,M18413,M,301.8,310.8,1618,37.8,59,0,0,0,0,0,0,0,7.4890145e-06,Baixo
3555,L50734,L,301.9,310.8,1525,43.2,62,0,0,0,0,0,0,0,8.621771e-07,Baixo
3556,L50735,L,301.8,310.7,1551,37.7,64,0,0,0,0,0,0,0,3.4118817e-05,Baixo
3557,L50736,L,301.9,310.8,1735,31.5,66,0,0,0,0,0,0,0,1.357783e-06,Baixo
3558,M18417,M,301.8,310.7,1309,43.3,68,0,0,0,0,0,0,0,0.0031063773,Baixo
3559,L50738,L,301.7,310.6,1743,26.2,71,0,0,0,0,0,0,0,1.4383425e-06,Baixo
3560,M18419,M,301.7,310.7,1659,29.9,73,0,0,0,0,0,0,0,6.467985e-05,Baixo
3561,L50740,L,301.8,310.7,1680,32.4,76,0,0,0,0,0,0,0,2.773852e-07,Baixo
3562,L50741,L,301.7,310.6,1486,38.5,78,0,0,0,0,0,0,0,1.6618646e-05,Baixo
3563,L50742,L,301.7,310.6,1471,43.8,80,0,0,0,0,0,0,0,1.5181669e-06,Baixo
3564,M18423,M,301.8,310.7,1465,35.8,82,0,0,0,0,0,0,0,2.7524045e-06,Baixo
3565,M18424,M,301.7,310.6,1492,42.2,85,0,0,0,0,0,0,0,3.4603422e-06,Baixo
3566,M18425,M,301.8,310.7,1420,52.0,88,0,0,0,0,0,0,0,2.1311635e-05,Baixo
3567,L50746,L,301.8,310.6,1295,62.3,91,0,0,0,0,0,0,0,0.13847017,Baixo
3568,L50747,L,301.8,310.5,1548,34.1,93,0,0,0,0,0,0,0,5.287582e-07,Baixo
3569,L50748,L,301.8,310.6,1372,54.7,95,0,0,0,0,0,0,0,0.19133799,Baixo
3570,M18429,M,301.8,310.6,1552,35.9,97,0,0,0,0,0,0,0,6.6812695e-06,Baixo
3571,H32984,H,301.8,310.6,1441,46.3,100,0,0,0,0,0,0,0,6.986491e-05,Baixo
3572,M18431,M,301.7,310.6,1691,27.7,105,0,0,0,0,0,0,0,1.5770049e-06,Baixo
3573,L50752,L,301.8,310.6,1451,50.7,108,0,0,0,0,0,0,0,8.4839115e-07,Baixo
3574,L50753,L,301.8,310.6,1452,48.4,110,0,0,0,0,0,0,0,8.5105313e-07,Baixo
3575,L50754,L,301.7,310.6,1406,46.0,112,0,0,0,0,0,0,0,1.5455003e-05,Baixo
3576,L50755,L,301.7,310.5,1567,39.1,114,0,0,0,0,0,0,0,1.817761e-06,Baixo
3577,L50756,L,301.6,310.4,1599,41.7,116,0,0,0,0,0,0,0,4.0986268e-07,Baixo
3578,M18437,M,301.6,310.4,1455,39.0,118,0,0,0,0,0,0,0,5.8083087e-06,Baixo
3579,M18438,M,301.7,310.5,1625,35.9,121,0,0,0,0,0,0,0,7.3204484e-07,Baixo
3580,L50759,L,301.8,310.6,2672,11.8,124,1,0,0,1,0,0,1,0.10363412,Baixo
3581,L50760,L,301.8,310.6,1650,31.9,126,0,0,0,0,0,0,0,1.230636e-07,Baixo
3582,M18441,M,301.8,310.6,1459,40.2,128,0,0,0,0,0,0,0,4.455566e-06,Baixo
3583,L50762,L,301.8,310.6,1395,50.5,131,0,0,0,0,0,0,0,1.2710857e-06,Baixo
3584,L50763,L,301.8,310.7,1751,29.3,133,0,0,0,0,0,0,0,7.7436385e-07,Baixo
3585,L50764,L,301.8,310.6,1192,68.9,135,0,0,0,0,0,0,0,0.13657187,Baixo
3586,L50765,L,301.9,310.7,1947,25.0,137,0,0,0,0,0,0,0,7.05457e-05,Baixo
3587,L50766,L,301.8,310.5,1593,34.9,139,0,0,0,0,0,0,0,4.8379087e-07,Baixo
3588,H33001,H,301.8,310.5,1478,38.6,141,0,0,0,0,0,0,0,3.891278e-06,Baixo
3589,M18448,M,301.7,310.6,1505,44.5,146,0,0,0,0,0,0,0,2.7194976e-06,Baixo
3590,L50769,L,301.7,310.5,2465,13.7,149,0,0,0,0,0,0,0,0.010598703,Baixo
3591,L50770,L,301.8,310.6,1403,46.8,151,0,0,0,0,0,0,0,7.012807e-06,Baixo
3592,M18451,M,301.7,310.5,1458,41.4,153,0,0,0,0,0,0,0,4.476346e-06,Baixo
3593,H33006,H,301.6,310.4,1369,45.4,156,0,0,0,0,0,0,0,0.76163495,Alto
3594,M18453,M,301.6,310.4,1377,44.9,161,0,0,0,0,0,0,0,0.5233673,Moderado
3595,M18454,M,301.6,310.4,1452,45.7,164,0,0,0,0,0,0,0,3.185508e-06,Baixo
3596,L50775,L,301.6,310.4,1517,41.1,167,0,0,0,0,0,0,0,2.765753e-06,Baixo
3597,L50776,L,301.7,310.5,1354,50.0,169,0,0,0,0,0,0,0,0.9520855,Crítico
3598,M18457,M,301.7,310.5,1724,33.0,171,0,0,0,0,0,0,0,2.0829232e-07,Baixo
3599,L50778,L,301.7,310.5,1399,53.2,174,0,0,0,0,0,0,0,3.9983577e-05,Baixo
3600,H33013,H,301.7,310.5,1388,50.5,176,0,0,0,0,0,0,0,1.495357e-06,Baixo
3601,L50780,L,301.7,310.5,1523,34.7,181,0,0,0,0,0,0,0,1.5618594e-05,Baixo
3602,L50781,L,301.7,310.5,1377,43.1,183,0,0,0,0,0,0,0,0.670626,Alto
3603,M18462,M,301.7,310.6,1417,45.2,185,0,0,0,0,0,0,0,1.408669e-05,Baixo
3604,L50783,L,301.7,310.7,1542,40.0,188,0,0,0,0,0,0,0,7.1125105e-06,Baixo
3605,L50784,L,301.8,310.8,1557,33.3,190,0,0,0,0,0,0,0,2.1843488e-07,Baixo
3606,L50785,L,301.7,310.7,1641,31.9,192,0,0,0,0,0,0,0,1.664558e-06,Baixo
3607,L50786,L,301.7,310.7,1318,55.0,194,0,0,0,0,0,0,0,0.0037754097,Baixo
3608,L50787,L,301.6,310.7,1638,33.8,196,0,0,0,0,0,0,0,4.1390854e-07,Baixo
3609,M18468,M,301.7,310.8,1954,21.6,198,0,0,0,0,0,0,0,1.6860735e-05,Baixo
3610,M18469,M,301.7,310.9,1644,32.5,201,0,0,0,0,0,0,0,1.2500328e-06,Baixo
3611,M18470,M,301.7,310.8,1594,32.4,204,0,0,0,0,0,0,0,0.0002759847,Baixo
3612,L50791,L,301.7,310.9,1405,46.4,207,1,1,0,0,0,1,2,0.16078915,Baixo
3613,L50792,L,301.7,310.8,1622,37.8,0,0,0,0,0,0,0,0,4.4896847e-06,Baixo
3614,L50793,L,301.7,310.9,1557,39.4,2,0,0,0,0,0,0,0,6.113122e-06,Baixo
3615,L50794,L,301.8,311.0,1606,33.3,4,0,0,0,0,0,0,0,5.593616e-08,Baixo
3616,M18475,M,301.8,311.1,1647,31.6,6,0,0,0,0,0,0,0,3.549705e-08,Baixo
3617,M18476,M,301.8,311.1,1413,42.2,9,0,0,0,0,0,0,0,5.009262e-06,Baixo
3618,L50797,L,301.8,311.0,1529,41.6,12,0,0,0,0,0,0,0,1.4811802e-05,Baixo
3619,L50798,L,301.9,311.1,1448,46.3,14,0,0,0,0,0,0,0,0.00014315512,Baixo
3620,L50799,L,301.9,311.2,1435,44.2,16,0,0,0,0,0,0,0,3.42339e-05,Baixo
3621,H33034,H,301.9,311.2,1474,41.8,18,0,0,0,0,0,0,0,4.7223605e-07,Baixo
3622,L50801,L,301.9,311.2,1657,29.1,23,0,0,0,0,0,0,0,3.64144e-07,Baixo
3623,L50802,L,302.0,311.3,1509,39.9,25,0,0,0,0,0,0,0,8.418977e-06,Baixo
3624,M18483,M,302.0,311.3,1530,36.4,27,0,0,0,0,0,0,0,7.053885e-07,Baixo
3625,M18484,M,302.0,311.4,1587,35.9,30,0,0,0,0,0,0,0,6.883638e-07,Baixo
3626,M18485,M,302.1,311.4,1467,43.4,33,0,0,0,0,0,0,0,2.6566174e-06,Baixo
3627,M18486,M,302.2,311.5,1360,53.0,36,0,0,0,0,0,0,0,0.00029002642,Baixo
3628,L50807,L,302.2,311.5,1588,30.6,39,0,0,0,0,0,0,0,9.887548e-07,Baixo
3629,L50808,L,302.2,311.4,1609,32.1,41,0,0,0,0,0,0,0,6.011591e-08,Baixo
3630,L50809,L,302.1,311.3,1415,44.1,43,0,0,0,0,0,0,0,7.3900287e-06,Baixo
3631,L50810,L,302.0,311.2,1845,27.3,45,0,0,0,0,0,0,0,5.6892623e-06,Baixo
3632,M18491,M,302.1,311.4,1419,36.2,47,0,0,0,0,0,0,0,2.0911266e-06,Baixo
3633,L50812,L,302.1,311.3,1634,30.6,50,0,0,0,0,0,0,0,3.6791644e-07,Baixo
3634,M18493,M,302.2,311.3,1521,40.6,52,0,0,0,0,0,0,0,5.421183e-07,Baixo
3635,L50814,L,302.2,311.4,1499,37.7,55,0,0,0,0,0,0,0,9.556453e-05,Baixo
3636,M18495,M,302.1,311.2,1616,35.1,57,0,0,0,0,0,0,0,7.630647e-07,Baixo
3637,L50816,L,302.2,311.4,1449,46.5,60,0,0,0,0,0,0,0,7.313343e-06,Baixo
3638,M18497,M,302.2,311.4,1626,31.6,62,0,0,0,0,0,0,0,1.9577103e-06,Baixo
3639,M18498,M,302.3,311.5,1445,44.8,65,0,0,0,0,0,0,0,1.5293751e-06,Baixo
3640,L50819,L,302.4,311.6,1622,35.0,68,0,0,0,0,0,0,0,4.456314e-06,Baixo
3641,H33054,H,302.4,311.6,1544,39.1,70,0,0,0,0,0,0,0,1.6646042e-06,Baixo
3642,L50821,L,302.3,311.6,1488,41.8,75,0,0,0,0,0,0,0,5.2324863e-06,Baixo
3643,L50822,L,302.3,311.6,1309,57.6,77,0,0,0,0,0,0,0,0.014013538,Baixo
3644,L50823,L,302.3,311.6,1784,26.4,79,0,0,0,0,0,0,0,2.4234865e-07,Baixo
3645,L50824,L,302.2,311.5,1548,32.4,81,0,0,0,0,0,0,0,5.69342e-06,Baixo
3646,L50825,L,302.2,311.5,1413,43.5,83,0,0,0,0,0,0,0,3.160822e-07,Baixo
3647,M18506,M,302.2,311.5,1863,25.7,85,0,0,0,0,0,0,0,0.00016519487,Baixo
3648,L50827,L,302.2,311.5,1427,43.8,88,0,0,0,0,0,0,0,6.961692e-07,Baixo
3649,M18508,M,302.2,311.5,1443,47.0,90,0,0,0,0,0,0,0,5.72024e-06,Baixo
3650,L50829,L,302.2,311.5,1481,40.4,93,0,0,0,0,0,0,0,7.504586e-06,Baixo
3651,L50830,L,302.1,311.4,1446,39.7,95,0,0,0,0,0,0,0,1.8164223e-05,Baixo
3652,L50831,L,302.1,311.5,1444,44.9,97,0,0,0,0,0,0,0,9.543744e-06,Baixo
3653,M18512,M,302.1,311.5,1341,50.8,99,0,0,0,0,0,0,0,0.00053127896,Baixo
3654,L50833,L,302.1,311.4,1518,37.4,102,0,0,0,0,0,0,0,0.00017349499,Baixo
3655,L50834,L,302.1,311.4,1603,35.9,104,0,0,0,0,0,0,0,1.8595109e-06,Baixo
3656,L50835,L,302.1,311.4,1686,30.9,106,0,0,0,0,0,0,0,1.6186053e-05,Baixo
3657,M18516,M,302.1,311.5,1383,53.6,108,0,0,0,0,0,0,0,7.5804935e-05,Baixo
3658,L50837,L,302.1,311.5,1477,45.4,111,0,0,0,0,0,0,0,1.1686682e-05,Baixo
3659,M18518,M,302.2,311.5,1449,44.5,113,0,0,0,0,0,0,0,1.5349378e-06,Baixo
3660,M18519,M,302.2,311.5,1734,25.0,116,0,0,0,0,0,0,0,5.809599e-07,Baixo
3661,L50840,L,302.3,311.6,1398,49.1,119,0,0,0,0,0,0,0,1.7157374e-05,Baixo
3662,M18521,M,302.3,311.7,1639,36.6,121,0,0,0,0,0,0,0,4.711825e-08,Baixo
3663,M18522,M,302.3,311.7,1517,37.6,124,0,0,0,0,0,0,0,8.34908e-06,Baixo
3664,M18523,M,302.3,311.7,1442,41.7,127,0,0,0,0,0,0,0,8.68952e-06,Baixo
3665,M18524,M,302.3,311.7,1685,30.8,130,0,0,0,0,0,0,0,1.205465e-06,Baixo
3666,M18525,M,302.4,311.8,1358,50.6,133,0,0,0,0,0,0,0,0.00079484173,Baixo
3667,M18526,M,302.3,311.6,1608,39.9,136,0,0,0,0,0,0,0,2.67471e-07,Baixo
3668,L50847,L,302.3,311.6,1665,34.3,139,0,0,0,0,0,0,0,3.4248936e-07,Baixo
3669,L50848,L,302.3,311.7,1510,38.7,141,0,0,0,0,0,0,0,2.0304246e-06,Baixo
3670,L50849,L,302.4,311.8,1465,40.2,143,0,0,0,0,0,0,0,2.6037808e-06,Baixo
3671,L50850,L,302.3,311.7,1701,27.5,145,0,0,0,0,0,0,0,5.90865e-07,Baixo
3672,M18531,M,302.3,311.7,1486,39.6,147,0,0,0,0,0,0,0,1.3180709e-06,Baixo
3673,L50852,L,302.3,311.6,1658,32.3,150,0,0,0,0,0,0,0,2.3748085e-07,Baixo
3674,H33087,H,302.3,311.7,1449,44.5,152,0,0,0,0,0,0,0,2.6682744e-07,Baixo
3675,L50854,L,302.2,311.5,1346,52.4,157,0,0,0,0,0,0,0,0.00201157,Baixo
3676,M18535,M,302.1,311.5,1866,23.1,159,0,0,0,0,0,0,0,2.9798014e-06,Baixo
3677,M18536,M,302.2,311.5,1562,38.0,162,0,0,0,0,0,0,0,2.0384357e-06,Baixo
3678,M18537,M,302.3,311.7,1368,53.6,165,0,0,0,0,0,0,0,0.0008400204,Baixo
3679,L50858,L,302.2,311.5,1567,33.1,168,0,0,0,0,0,0,0,4.347425e-06,Baixo
3680,L50859,L,302.2,311.5,1725,34.0,170,0,0,0,0,0,0,0,6.200054e-08,Baixo
3681,L50860,L,302.2,311.5,1744,31.2,172,0,0,0,0,0,0,0,4.1791105e-07,Baixo
3682,M18541,M,302.1,311.3,1453,45.1,174,0,0,0,0,0,0,0,7.0932056e-06,Baixo
3683,L50862,L,302.1,311.2,1550,34.8,177,0,0,0,0,0,0,0,5.1689426e-06,Baixo
3684,M18543,M,302.0,311.2,1558,39.1,179,0,0,0,0,0,0,0,2.0476905e-06,Baixo
3685,L50864,L,302.0,311.2,1270,65.3,182,1,0,0,0,1,0,1,0.9887307,Crítico
3686,M18545,M,301.9,311.1,1380,51.6,184,0,0,0,0,0,0,0,0.0002986097,Baixo
3687,L50866,L,302.0,311.1,1406,50.5,187,0,0,0,0,0,0,0,1.4647858e-05,Baixo
3688,M18547,M,302.0,311.2,1625,30.7,189,0,0,0,0,0,0,0,1.2468251e-05,Baixo
3689,L50868,L,302.0,311.2,1420,45.8,192,0,0,0,0,0,0,0,3.7621844e-06,Baixo
3690,L50869,L,302.1,311.4,1889,22.7,194,0,0,0,0,0,0,0,1.5892326e-06,Baixo
3691,L50870,L,302.1,311.3,1477,43.6,196,0,0,0,0,0,0,0,1.9289573e-05,Baixo
3692,L50871,L,302.1,311.2,1460,46.9,198,0,0,0,0,0,0,0,6.6834937e-06,Baixo
3693,L50872,L,302.1,311.3,1758,24.4,200,0,0,0,0,0,0,0,7.991109e-06,Baixo
3694,L50873,L,302.1,311.3,1521,31.5,202,0,0,0,0,0,0,0,0.00088855857,Baixo
3695,M18554,M,302.1,311.3,1511,45.0,204,0,0,0,0,0,0,0,0.00021646418,Baixo
3696,L50875,L,302.2,311.3,1530,37.3,207,1,1,0,0,0,0,1,0.0009655737,Baixo
3697,L50876,L,302.1,311.2,1454,46.8,0,0,0,0,0,0,0,0,0.00014359904,Baixo
3698,L50877,L,302.2,311.2,1928,23.1,2,0,0,0,0,0,0,0,1.4723842e-06,Baixo
3699,H33112,H,302.2,311.3,1758,26.4,4,0,0,0,0,0,0,0,4.5804598e-05,Baixo
3700,L50879,L,302.2,311.2,1649,33.2,9,0,0,0,0,0,0,0,3.6195584e-07,Baixo
3701,L50880,L,302.1,311.2,1447,50.3,11,0,0,0,0,0,0,0,3.8558526e-05,Baixo
3702,L50881,L,302.1,311.2,1417,48.0,13,0,0,0,0,0,0,0,9.929666e-06,Baixo
3703,L50882,L,302.0,311.2,1434,44.9,15,0,0,0,0,0,0,0,9.583757e-06,Baixo
3704,M18563,M,302.0,311.2,1418,49.5,17,0,0,0,0,0,0,0,8.6684275e-07,Baixo
3705,M18564,M,302.0,311.2,1400,49.5,20,0,0,0,0,0,0,0,3.8746666e-07,Baixo
3706,M18565,M,302.0,311.3,1725,27.7,23,0,0,0,0,0,0,0,4.382189e-07,Baixo
3707,L50886,L,302.0,311.3,1567,41.1,26,0,0,0,0,0,0,0,1.109777e-05,Baixo
3708,M18567,M,302.1,311.3,1497,38.4,28,0,0,0,0,0,0,0,1.4495295e-06,Baixo
3709,L50888,L,302.1,311.4,1549,44.6,31,0,0,0,0,0,0,0,1.1758218e-05,Baixo
3710,L50889,L,302.2,311.4,1754,26.9,33,0,0,0,0,0,0,0,1.4805099e-07,Baixo
3711,L50890,L,302.2,311.5,1489,38.3,35,0,0,0,0,0,0,0,2.1691274e-05,Baixo
3712,L50891,L,302.2,311.5,1543,38.5,37,0,0,0,0,0,0,0,1.6177422e-06,Baixo
3713,L50892,L,302.3,311.5,1543,33.1,39,0,0,0,0,0,0,0,1.3573204e-05,Baixo
3714,L50893,L,302.3,311.5,1565,35.6,41,0,0,0,0,0,0,0,2.9474404e-06,Baixo
3715,M18574,M,302.3,311.4,1855,23.9,43,0,0,0,0,0,0,0,3.3438528e-07,Baixo
3716,M18575,M,302.4,311.4,1475,45.2,46,0,0,0,0,0,0,0,1.656436e-06,Baixo
3717,L50896,L,302.3,311.4,1609,32.3,49,0,0,0,0,0,0,0,2.6596237e-07,Baixo
3718,H33131,H,302.3,311.4,1443,44.1,51,0,0,0,0,0,0,0,7.768018e-06,Baixo
3719,L50898,L,302.4,311.4,1450,44.1,56,0,0,0,0,0,0,0,4.1590065e-06,Baixo
3720,L50899,L,302.4,311.5,1590,39.9,58,0,0,0,0,0,0,0,1.49456e-06,Baixo
3721,M18580,M,302.4,311.4,1508,41.2,60,0,0,0,0,0,0,0,5.1022666e-06,Baixo
3722,M18581,M,302.2,311.2,1544,43.6,63,0,0,0,0,0,0,0,3.961814e-06,Baixo
3723,L50902,L,302.2,311.2,1451,41.8,66,0,0,0,0,0,0,0,7.942006e-06,Baixo
3724,L50903,L,302.3,311.2,1758,24.4,68,0,0,0,0,0,0,0,1.726552e-07,Baixo
3725,M18584,M,302.3,311.2,1507,47.7,70,0,0,0,0,0,0,0,1.451282e-06,Baixo
3726,H33139,H,302.3,311.1,1543,37.5,73,0,0,0,0,0,0,0,5.2517327e-05,Baixo
3727,M18586,M,302.3,311.2,1505,36.7,78,0,0,0,0,0,0,0,2.9364253e-06,Baixo
3728,L50907,L,302.3,311.2,1786,24.3,81,0,0,0,0,0,0,0,4.5729678e-07,Baixo
3729,L50908,L,302.3,311.3,1457,44.5,83,0,0,0,0,0,0,0,2.0490697e-06,Baixo
3730,M18589,M,302.4,311.3,1312,61.5,85,0,0,0,0,0,0,0,0.09314839,Baixo
3731,M18590,M,302.3,311.2,1405,47.7,88,0,0,0,0,0,0,0,2.9544194e-06,Baixo
3732,M18591,M,302.2,311.2,1377,43.0,91,0,0,0,0,0,0,0,0.0015884859,Baixo
3733,M18592,M,302.2,311.2,1347,49.8,94,0,0,0,0,0,0,0,0.0060508107,Baixo
3734,L50913,L,302.2,311.1,1470,39.6,97,0,0,0,0,0,0,0,2.8466642e-05,Baixo
3735,M18594,M,302.2,311.2,1873,24.0,99,0,0,0,0,0,0,0,3.722474e-05,Baixo
3736,M18595,M,302.2,311.1,1434,58.6,102,0,0,0,0,0,0,0,0.043952562,Baixo
3737,H33150,H,302.2,311.1,1628,30.6,105,0,0,0,0,0,0,0,6.0388385e-07,Baixo
3738,L50917,L,302.2,311.1,1351,48.6,110,0,0,0,0,0,0,0,0.007155139,Baixo
3739,M18598,M,302.3,311.2,1454,43.8,112,0,0,0,0,0,0,0,5.2450964e-06,Baixo
3740,M18599,M,302.2,311.2,1663,29.6,115,0,0,0,0,0,0,0,1.0061718e-05,Baixo
3741,L50920,L,302.3,311.2,1401,49.7,118,0,0,0,0,0,0,0,1.0506632e-05,Baixo
3742,L50921,L,302.4,311.3,1503,38.2,120,0,0,0,0,0,0,0,2.1647877e-05,Baixo
3743,L50922,L,302.4,311.4,1564,35.0,122,0,0,0,0,0,0,0,2.8974557e-06,Baixo
3744,L50923,L,302.5,311.4,1759,24.6,124,0,0,0,0,0,0,0,4.2577054e-07,Baixo
3745,L50924,L,302.5,311.4,1409,53.1,126,0,0,0,0,0,0,0,3.7135993e-05,Baixo
3746,L50925,L,302.6,311.4,1738,25.8,128,0,0,0,0,0,0,0,9.095113e-06,Baixo
3747,H33160,H,302.5,311.3,1393,47.5,130,0,0,0,0,0,0,0,9.2763985e-06,Baixo
3748,L50927,L,302.5,311.1,1499,38.8,135,0,0,0,0,0,0,0,3.5755959e-06,Baixo
3749,L50928,L,302.5,311.1,1493,39.0,137,0,0,0,0,0,0,0,0.00013800093,Baixo
3750,L50929,L,302.4,311.1,1652,33.9,139,0,0,0,0,0,0,0,1.0644535e-06,Baixo
3751,L50930,L,302.3,311.1,1589,29.9,141,0,0,0,0,0,0,0,1.0075737e-06,Baixo
3752,L50931,L,302.4,311.1,1520,42.2,143,0,0,0,0,0,0,0,1.2676865e-06,Baixo
3753,H33166,H,302.3,311.1,1455,40.3,145,0,0,0,0,0,0,0,3.3780879e-07,Baixo
3754,L50933,L,302.2,311.0,1463,46.8,150,0,0,0,0,0,0,0,0.00013561218,Baixo
3755,L50934,L,302.3,311.0,1442,43.7,152,0,0,0,0,0,0,0,3.7431313e-05,Baixo
3756,L50935,L,302.3,311.0,1329,51.5,154,0,0,0,0,0,0,0,0.11195433,Baixo
3757,L50936,L,302.3,311.1,1546,33.1,156,0,0,0,0,0,0,0,1.0242258e-06,Baixo
3758,M18617,M,302.2,311.1,1516,33.7,158,0,0,0,0,0,0,0,2.272283e-06,Baixo
3759,M18618,M,302.2,311.0,1476,47.4,161,0,0,0,0,0,0,0,1.8013661e-05,Baixo
3760,L50939,L,302.3,311.0,1412,47.0,164,0,0,0,0,0,0,0,1.730106e-05,Baixo
3761,L50940,L,302.3,310.9,1377,46.8,166,1,0,1,0,0,0,1,0.9955806,Crítico
3762,M18621,M,302.4,311.0,1490,37.1,168,0,0,0,0,0,0,0,1.3212172e-06,Baixo
3763,M18622,M,302.3,311.0,1526,37.7,171,0,0,0,0,0,0,0,1.4285612e-06,Baixo
3764,L50943,L,302.3,311.0,1428,47.9,174,0,0,0,0,0,0,0,1.7494465e-05,Baixo
3765,L50944,L,302.4,311.0,1329,54.6,176,0,0,0,0,0,0,0,0.057436354,Baixo
3766,M18625,M,302.4,311.1,1443,51.8,178,0,0,0,0,0,0,0,1.313531e-05,Baixo
3767,L50946,L,302.3,311.1,1373,53.0,181,0,0,0,0,0,0,0,0.06721434,Baixo
3768,L50947,L,302.3,311.1,1630,35.6,183,0,0,0,0,0,0,0,1.39226695e-05,Baixo
3769,L50948,L,302.2,311.0,1555,34.2,185,0,0,0,0,0,0,0,3.2151954e-06,Baixo
3770,M18629,M,302.2,311.0,1436,47.0,187,0,0,0,0,0,0,0,9.562019e-06,Baixo
3771,L50950,L,302.3,311.0,1609,31.0,190,0,0,0,0,0,0,0,6.6136536e-06,Baixo
3772,M18631,M,302.3,311.0,1384,49.7,192,0,0,0,0,0,0,0,0.00011059862,Baixo
3773,L50952,L,302.4,311.1,1448,44.8,195,0,0,0,0,0,0,0,2.5360761e-05,Baixo
3774,M18633,M,302.4,311.1,1887,22.4,197,0,0,0,0,0,0,0,1.7843033e-06,Baixo
3775,M18634,M,302.4,311.1,1480,45.7,200,0,0,0,0,0,0,0,1.0708911e-05,Baixo
3776,H33189,H,302.5,311.1,1850,23.3,203,0,0,0,0,0,0,0,4.1525664e-06,Baixo
3777,L50956,L,302.5,311.1,1538,36.8,208,0,0,0,0,0,0,0,0.009405008,Baixo
3778,M18637,M,302.4,311.1,1721,30.1,210,0,0,0,0,0,0,0,0.0011850907,Baixo
3779,M18638,M,302.4,311.1,1366,54.4,0,0,0,0,0,0,0,0,0.008072031,Baixo
3780,L50959,L,302.3,311.0,1657,31.1,3,0,0,0,0,0,0,0,3.7765916e-05,Baixo
3781,L50960,L,302.4,311.1,1446,42.9,5,0,0,0,0,0,0,0,4.6633868e-05,Baixo
3782,L50961,L,302.3,310.8,1465,43.8,7,0,0,0,0,0,0,0,5.4556174e-05,Baixo
3783,L50962,L,302.2,310.8,1827,23.8,9,0,0,0,0,0,0,0,2.2062709e-07,Baixo
3784,H33197,H,302.2,310.8,1397,47.6,11,0,0,0,0,0,0,0,0.00047591716,Baixo
3785,L50964,L,302.2,310.8,1744,29.7,16,0,0,0,0,0,0,0,4.989768e-05,Baixo
3786,L50965,L,302.3,310.9,1545,36.7,18,0,0,0,0,0,0,0,3.669647e-05,Baixo
3787,L50966,L,302.3,310.9,1587,36.6,20,0,0,0,0,0,0,0,8.410054e-06,Baixo
3788,L50967,L,302.3,310.8,1377,47.3,22,1,0,1,0,0,0,1,0.93150723,Crítico
3789,L50968,L,302.3,310.8,1511,48.1,24,0,0,0,0,0,0,0,0.00015761005,Baixo
3790,L50969,L,302.3,310.8,1650,32.4,26,0,0,0,0,0,0,0,2.6865155e-06,Baixo
3791,L50970,L,302.3,310.9,1412,48.9,28,0,0,0,0,0,0,0,0.00013257918,Baixo
3792,L50971,L,302.3,311.0,1528,43.1,30,0,0,0,0,0,0,0,2.8828128e-05,Baixo
3793,L50972,L,302.3,310.9,1459,35.0,32,0,0,0,0,0,0,0,0.0006380946,Baixo
3794,L50973,L,302.3,310.9,1379,49.3,34,1,0,1,0,0,0,1,0.96883696,Crítico
3795,M18654,M,302.2,310.8,1356,48.3,36,0,0,0,0,0,0,0,0.8749774,Crítico
3796,M18655,M,302.1,310.8,1409,41.3,39,0,0,0,0,0,0,0,5.9045547e-06,Baixo
3797,M18656,M,302.1,310.8,1504,37.5,42,0,0,0,0,0,0,0,0.00025257294,Baixo
3798,L50977,L,302.1,310.8,1622,36.8,45,0,0,0,0,0,0,0,7.340829e-08,Baixo
3799,L50978,L,302.1,310.8,1786,25.7,47,0,0,0,0,0,0,0,1.5927223e-07,Baixo
3800,L50979,L,302.2,310.9,1506,34.0,49,0,0,0,0,0,0,0,1.5343276e-05,Baixo
3801,M18660,M,302.1,310.9,1916,23.1,51,0,0,0,0,0,0,0,0.001165696,Baixo
3802,M18661,M,302.2,310.9,1771,27.6,54,0,0,0,0,0,0,0,5.4768066e-07,Baixo
3803,M18662,M,302.2,310.9,1488,44.2,57,0,0,0,0,0,0,0,1.810077e-06,Baixo
3804,L50983,L,302.2,310.9,1531,37.5,60,0,0,0,0,0,0,0,0.002389958,Baixo
3805,L50984,L,302.3,310.9,1529,33.4,62,0,0,0,0,0,0,0,0.00036286464,Baixo
3806,M18665,M,302.4,311.0,1580,36.5,64,0,0,0,0,0,0,0,1.0279099e-06,Baixo
3807,M18666,M,302.3,310.9,1360,44.0,67,1,0,1,0,0,0,1,0.8969419,Crítico
3808,M18667,M,302.3,311.0,1546,35.5,70,0,0,0,0,0,0,0,6.1605447e-06,Baixo
3809,M18668,M,302.3,310.9,1762,24.5,73,0,0,0,0,0,0,0,7.059591e-06,Baixo
3810,L50989,L,302.2,310.8,1350,56.6,76,0,0,0,0,0,0,0,0.93142486,Crítico
3811,M18670,M,302.2,310.8,1562,38.1,78,0,0,0,0,0,0,0,1.4390901e-05,Baixo
3812,M18671,M,302.1,310.7,1608,30.3,81,0,0,0,0,0,0,0,1.8024486e-05,Baixo
3813,L50992,L,302.0,310.6,1392,50.0,84,0,0,0,0,0,0,0,1.8727837e-05,Baixo
3814,L50993,L,302.0,310.6,1467,44.9,86,0,0,0,0,0,0,0,1.8879164e-05,Baixo
3815,M18674,M,302.1,310.6,1326,59.1,88,1,0,1,0,0,0,1,0.9931726,Crítico
3816,L50995,L,302.2,310.7,1769,24.9,91,0,0,0,0,0,0,0,2.7418205e-06,Baixo
3817,L50996,L,302.1,310.6,1459,47.6,93,0,0,0,0,0,0,0,0.00014119537,Baixo
3818,M18677,M,302.1,310.6,1421,52.0,95,0,0,0,0,0,0,0,0.0006312762,Baixo
3819,L50998,L,302.1,310.7,1491,42.8,98,0,0,0,0,0,0,0,0.00011391167,Baixo
3820,L50999,L,302.2,310.7,1567,36.4,100,0,0,0,0,0,0,0,9.203437e-06,Baixo
3821,L51000,L,302.3,310.8,1421,41.4,102,0,0,0,0,0,0,0,0.00066186144,Baixo
3822,L51001,L,302.3,310.9,1596,33.5,104,0,0,0,0,0,0,0,5.1314037e-06,Baixo
3823,M18682,M,302.4,311.0,1464,44.2,106,0,0,0,0,0,0,0,7.6270117e-06,Baixo
3824,M18683,M,302.3,310.9,1581,36.1,109,0,0,0,0,0,0,0,1.6597105e-05,Baixo
3825,L51004,L,302.3,310.9,1620,30.3,112,0,0,0,0,0,0,0,0.00025811492,Baixo
3826,H33239,H,302.2,310.7,1413,48.9,114,0,0,0,0,0,0,0,0.0014647278,Baixo
3827,H33240,H,302.3,310.8,1438,43.8,119,0,0,0,0,0,0,0,5.7937978e-06,Baixo
3828,M18687,M,302.4,310.9,1469,41.6,124,0,0,0,0,0,0,0,3.173045e-05,Baixo
3829,M18688,M,302.3,310.8,1762,27.8,127,0,0,0,0,0,0,0,8.457812e-05,Baixo
3830,H33243,H,302.3,310.9,1366,48.4,130,1,0,1,0,0,0,1,0.9951165,Crítico
3831,L51010,L,302.3,310.9,1891,22.7,135,0,0,0,0,0,0,0,1.8450139e-05,Baixo
3832,M18691,M,302.3,310.9,1742,29.7,137,0,0,0,0,0,0,0,2.3425264e-06,Baixo
3833,M18692,M,302.2,310.9,1465,43.5,140,0,0,0,0,0,0,0,4.4010332e-05,Baixo
3834,M18693,M,302.3,311.0,1541,36.6,143,0,0,0,0,0,0,0,9.73966e-07,Baixo
3835,M18694,M,302.3,311.1,1295,57.1,146,0,0,0,0,0,0,0,0.0019493984,Baixo
3836,M18695,M,302.3,311.1,1435,43.1,149,0,0,0,0,0,0,0,5.736907e-07,Baixo
3837,L51016,L,302.4,311.2,1466,43.9,152,0,0,0,0,0,0,0,7.5283884e-07,Baixo
3838,L51017,L,302.4,311.2,1450,47.9,154,0,0,0,0,0,0,0,4.875815e-06,Baixo
3839,L51018,L,302.4,311.1,1880,24.5,156,0,0,0,0,0,0,0,2.091336e-06,Baixo
3840,M18699,M,302.3,311.0,1578,33.5,158,0,0,0,0,0,0,0,2.0835432e-07,Baixo
3841,L51020,L,302.4,311.0,1610,33.1,161,0,0,0,0,0,0,0,4.4069117e-07,Baixo
3842,L51021,L,302.4,311.1,1565,42.8,163,0,0,0,0,0,0,0,1.1406378e-06,Baixo
3843,L51022,L,302.5,311.2,1545,40.1,165,0,0,0,0,0,0,0,5.5068585e-07,Baixo
3844,L51023,L,302.5,311.2,1227,60.1,167,0,0,0,0,0,0,0,0.32421649,Moderado
3845,L51024,L,302.4,311.1,1484,45.9,169,0,0,0,0,0,0,0,1.9013629e-05,Baixo
3846,L51025,L,302.3,311.0,1591,32.7,171,0,0,0,0,0,0,0,6.6953646e-07,Baixo
3847,L51026,L,302.3,310.9,1403,47.2,173,0,0,0,0,0,0,0,0.0025573436,Baixo
3848,M18707,M,302.3,311.0,1450,45.7,175,0,0,0,0,0,0,0,9.4645275e-06,Baixo
3849,L51028,L,302.3,310.9,1720,28.1,178,0,0,0,0,0,0,0,4.141218e-05,Baixo
3850,L51029,L,302.3,311.0,1561,37.2,180,0,0,0,0,0,0,0,1.0117468e-05,Baixo
3851,M18710,M,302.3,311.0,1421,41.3,182,0,0,0,0,0,0,0,9.763036e-05,Baixo
3852,H33265,H,302.2,310.9,1415,48.4,185,0,0,0,0,0,0,0,0.00014488751,Baixo
3853,L51032,L,302.3,310.9,2034,19.7,190,0,0,0,0,0,0,0,0.0009000659,Baixo
3854,L51033,L,302.4,311.0,1486,40.4,192,0,0,0,0,0,0,0,1.5716834e-05,Baixo
3855,L51034,L,302.4,311.0,1338,67.6,194,1,0,0,1,1,0,2,0.9999964,Crítico
3856,H33269,H,302.4,311.1,1578,32.3,196,0,0,0,0,0,0,0,5.8038347e-07,Baixo
3857,M18716,M,302.4,311.2,1330,58.6,201,0,0,0,0,0,0,0,0.44284523,Moderado
3858,H33271,H,302.4,311.2,1506,40.8,204,0,0,0,0,0,0,0,0.0012607103,Baixo
3859,L51038,L,302.5,311.4,1559,37.6,209,0,0,0,0,0,0,0,0.03664335,Baixo
3860,L51039,L,302.6,311.5,1599,37.0,211,0,0,0,0,0,0,0,0.09517676,Baixo
3861,L51040,L,302.6,311.5,1427,38.9,213,0,0,0,0,0,0,0,0.05281537,Baixo
3862,M18721,M,302.5,311.5,1481,41.1,215,0,0,0,0,0,0,0,0.011004616,Baixo
3863,H33276,H,302.5,311.5,1496,43.8,218,0,0,0,0,0,0,0,0.0010908268,Baixo
3864,L51043,L,302.5,311.4,1674,27.0,223,0,0,0,0,0,0,0,0.015574163,Baixo
3865,M18724,M,302.5,311.4,1629,31.7,225,0,0,0,0,0,0,0,0.0004832943,Baixo
3866,H33279,H,302.6,311.5,1629,34.4,228,1,1,0,0,0,0,1,0.00033481888,Baixo
3867,L51046,L,302.6,311.6,1311,53.2,0,0,0,0,0,0,0,0,0.87282115,Crítico
3868,M18727,M,302.7,311.6,2709,9.7,2,1,0,0,1,0,0,1,0.94376194,Crítico
3869,M18728,M,302.7,311.7,1759,29.9,5,0,0,0,0,0,0,0,4.886606e-06,Baixo
3870,L51049,L,302.7,311.7,1480,45.2,8,0,0,0,0,0,0,0,9.340286e-06,Baixo
3871,L51050,L,302.7,311.8,1461,46.1,10,0,0,0,0,0,0,0,2.621093e-05,Baixo
3872,M18731,M,302.7,311.8,1728,30.0,12,0,0,0,0,0,0,0,1.2374848e-06,Baixo
3873,L51052,L,302.7,311.9,1389,46.5,15,0,0,0,0,0,0,0,6.53902e-05,Baixo
3874,L51053,L,302.6,311.8,1638,35.1,17,0,0,0,0,0,0,0,1.4807416e-06,Baixo
3875,L51054,L,302.6,311.7,1254,54.1,19,0,0,0,0,0,0,0,0.08759221,Baixo
3876,L51055,L,302.6,311.8,1427,50.1,21,0,0,0,0,0,0,0,2.3805324e-06,Baixo
3877,L51056,L,302.6,311.8,1627,31.8,23,0,0,0,0,0,0,0,4.214353e-06,Baixo
3878,H33291,H,302.6,311.7,1471,48.3,25,0,0,0,0,0,0,0,6.5856957e-06,Baixo
3879,L51058,L,302.6,311.7,1773,27.1,30,0,0,0,0,0,0,0,5.5417045e-06,Baixo
3880,M18739,M,302.6,311.7,1430,51.7,32,0,0,0,0,0,0,0,1.0317351e-05,Baixo
3881,L51060,L,302.5,311.6,1595,29.5,35,0,0,0,0,0,0,0,1.8191886e-07,Baixo
3882,L51061,L,302.5,311.5,1521,44.1,37,0,0,0,0,0,0,0,1.29867385e-05,Baixo
3883,L51062,L,302.5,311.6,1419,43.7,39,0,0,0,0,0,0,0,7.59732e-08,Baixo
3884,M18743,M,302.4,311.4,1534,40.1,41,0,0,0,0,0,0,0,6.6323537e-07,Baixo
3885,H33298,H,302.5,311.5,1626,36.0,44,0,0,0,0,0,0,0,4.542312e-07,Baixo
3886,L51065,L,302.5,311.5,1677,29.2,49,0,0,0,0,0,0,0,5.5883805e-07,Baixo
3887,L51066,L,302.4,311.3,1392,50.5,51,0,0,0,0,0,0,0,3.4022694e-06,Baixo
3888,L51067,L,302.4,311.2,1448,50.5,53,0,0,0,0,0,0,0,5.753707e-06,Baixo
3889,L51068,L,302.3,311.2,1903,22.9,55,0,0,0,0,0,0,0,6.557829e-05,Baixo
3890,L51069,L,302.4,311.2,1404,52.0,57,0,0,0,0,0,0,0,2.4005856e-06,Baixo
3891,L51070,L,302.3,311.2,1386,53.5,59,0,0,0,0,0,0,0,4.03509e-06,Baixo
3892,L51071,L,302.2,311.1,1418,47.0,61,0,0,0,0,0,0,0,3.097144e-06,Baixo
3893,M18752,M,302.3,311.1,1338,53.3,63,0,0,0,0,0,0,0,0.0007898649,Baixo
3894,L51073,L,302.3,311.2,1549,40.6,66,0,0,0,0,0,0,0,2.9927887e-05,Baixo
3895,M18754,M,302.3,311.2,1432,42.7,68,0,0,0,0,0,0,0,9.710094e-07,Baixo
3896,M18755,M,302.3,311.2,1546,40.0,71,0,0,0,0,0,0,0,6.61028e-06,Baixo
3897,M18756,M,302.2,311.2,1627,33.2,74,0,0,0,0,0,0,0,5.067884e-06,Baixo
3898,M18757,M,302.2,311.1,1640,32.8,77,0,0,0,0,0,0,0,2.5098366e-06,Baixo
3899,M18758,M,302.1,311.1,1423,36.8,80,0,0,0,0,0,0,0,5.0202234e-06,Baixo
3900,M18759,M,302.1,311.0,1711,28.7,83,0,0,0,0,0,0,0,0.00017289669,Baixo
3901,M18760,M,302.1,311.1,1450,51.6,86,0,0,0,0,0,0,0,3.167624e-05,Baixo
3902,H33315,H,302.2,311.1,1553,34.1,89,0,0,0,0,0,0,0,1.40693e-06,Baixo
3903,L51082,L,302.2,311.1,1630,34.6,94,0,0,0,0,0,0,0,1.1011779e-07,Baixo
3904,H33317,H,302.2,311.1,1476,39.6,96,0,0,0,0,0,0,0,4.6598316e-07,Baixo
3905,H33318,H,302.2,311.1,1426,50.6,101,0,0,0,0,0,0,0,2.1698163e-06,Baixo
3906,M18765,M,302.2,311.2,1561,34.9,106,0,0,0,0,0,0,0,5.0994663e-07,Baixo
3907,L51086,L,302.3,311.2,1297,62.5,109,0,0,0,0,0,0,0,0.042871807,Baixo
3908,M18767,M,302.3,311.2,1842,23.9,111,0,0,0,0,0,0,0,8.355169e-07,Baixo
3909,L51088,L,302.3,311.2,1633,36.4,114,0,0,0,0,0,0,0,1.831454e-07,Baixo
3910,H33323,H,302.3,311.3,1744,30.3,116,0,0,0,0,0,0,0,1.3548116e-05,Baixo
3911,L51090,L,302.4,311.4,1831,26.9,121,0,0,0,0,0,0,0,4.0043582e-07,Baixo
3912,M18771,M,302.3,311.3,1339,50.8,123,0,0,0,0,0,0,0,0.0052093333,Baixo
3913,L51092,L,302.4,311.4,1475,40.4,126,0,0,0,0,0,0,0,2.447167e-06,Baixo
3914,M18773,M,302.4,311.4,1675,29.6,128,0,0,0,0,0,0,0,1.6480013e-06,Baixo
3915,L51094,L,302.5,311.5,1493,35.1,131,0,0,0,0,0,0,0,6.168034e-06,Baixo
3916,L51095,L,302.5,311.5,1700,29.5,133,0,0,0,0,0,0,0,1.7022403e-06,Baixo
3917,L51096,L,302.6,311.6,1453,37.0,135,0,0,0,0,0,0,0,4.444899e-05,Baixo
3918,L51097,L,302.6,311.7,1542,34.1,137,0,0,0,0,0,0,0,1.1797468e-06,Baixo
3919,M18778,M,302.5,311.5,1358,52.7,139,0,0,0,0,0,0,0,0.024579529,Baixo
3920,H33333,H,302.5,311.5,1655,32.3,142,0,0,0,0,0,0,0,7.469526e-08,Baixo
3921,L51100,L,302.6,311.5,1885,27.5,147,0,0,0,0,0,0,0,3.4741795e-05,Baixo
3922,L51101,L,302.7,311.5,1494,41.4,149,0,0,0,0,0,0,0,2.1534197e-05,Baixo
3923,M18782,M,302.6,311.4,1757,29.5,151,0,0,0,0,0,0,0,2.611948e-05,Baixo
3924,M18783,M,302.6,311.4,1718,31.2,154,0,0,0,0,0,0,0,2.7441145e-06,Baixo
3925,M18784,M,302.5,311.4,1636,35.0,157,0,0,0,0,0,0,0,4.2357055e-07,Baixo
3926,L51105,L,302.6,311.6,1638,29.6,160,0,0,0,0,0,0,0,5.9078725e-06,Baixo
3927,L51106,L,302.6,311.5,1609,36.0,162,0,0,0,0,0,0,0,4.410336e-06,Baixo
3928,H33341,H,302.7,311.5,1556,35.0,164,0,0,0,0,0,0,0,5.966463e-06,Baixo
3929,L51108,L,302.6,311.5,1442,59.8,169,1,0,0,1,0,0,1,0.009273067,Baixo
3930,M18789,M,302.7,311.6,1501,38.8,171,0,0,0,0,0,0,0,2.8295506e-05,Baixo
3931,M18790,M,302.6,311.6,2041,19.2,174,0,0,0,0,0,0,0,0.0015328791,Baixo
3932,M18791,M,302.7,311.7,1784,25.1,177,0,0,0,0,0,0,0,4.8227944e-06,Baixo
3933,L51112,L,302.6,311.6,1953,22.4,180,0,0,0,0,0,0,0,2.4864748e-06,Baixo
3934,L51113,L,302.6,311.6,1576,34.7,182,0,0,0,0,0,0,0,2.0060156e-06,Baixo
3935,M18794,M,302.6,311.6,1518,39.0,184,0,0,0,0,0,0,0,5.1616364e-05,Baixo
3936,M18795,M,302.6,311.6,1227,68.2,187,1,0,0,0,1,0,1,0.9998647,Crítico
3937,L51116,L,302.5,311.5,1985,18.8,190,0,0,0,0,0,0,0,3.6136853e-06,Baixo
3938,L51117,L,302.5,311.5,1802,26.4,192,0,0,0,0,0,0,0,2.1094971e-07,Baixo
3939,L51118,L,302.5,311.5,1603,32.4,194,0,0,0,0,0,0,0,1.7246431e-06,Baixo
3940,L51119,L,302.5,311.6,1400,54.0,196,0,0,0,0,0,0,0,0.00036484128,Baixo
3941,L51120,L,302.3,311.5,1395,54.2,198,0,0,0,0,0,0,0,0.00082833477,Baixo
3942,L51121,L,302.2,311.4,1987,19.9,200,0,0,0,0,0,0,0,0.00016551999,Baixo
3943,M18802,M,302.2,311.4,1398,47.2,202,0,0,0,0,0,0,0,0.00035243272,Baixo
3944,L51123,L,302.3,311.4,1333,66.7,205,1,0,0,1,1,0,2,0.9999844,Crítico
3945,L51124,L,302.2,311.2,1381,49.4,207,0,0,0,0,0,0,0,0.45195127,Moderado
3946,L51125,L,302.2,311.3,1570,36.1,0,0,0,0,0,0,0,0,6.506101e-07,Baixo
3947,M18806,M,302.2,311.3,1658,31.0,2,0,0,0,0,0,0,0,2.0562327e-05,Baixo
3948,H33361,H,302.2,311.3,1749,29.2,5,0,0,0,0,0,0,0,6.209525e-05,Baixo
3949,M18808,M,302.2,311.3,1510,37.1,10,0,0,0,0,0,0,0,3.6386666e-07,Baixo
3950,L51129,L,302.3,311.5,1384,50.8,13,0,0,0,0,0,0,0,1.0737361e-05,Baixo
3951,L51130,L,302.3,311.4,1570,37.2,15,0,0,0,0,0,0,0,8.157372e-06,Baixo
3952,M18811,M,302.3,311.4,1571,32.7,17,0,0,0,0,0,0,0,3.0907776e-07,Baixo
3953,L51132,L,302.3,311.4,1476,37.3,20,0,0,0,0,0,0,0,9.4138086e-05,Baixo
3954,M18813,M,302.3,311.4,1484,39.5,22,0,0,0,0,0,0,0,3.4936195e-07,Baixo
3955,M18814,M,302.3,311.4,1909,23.2,25,0,0,0,0,0,0,0,1.0042833e-05,Baixo
3956,L51135,L,302.3,311.5,1448,49.6,28,0,0,0,0,0,0,0,8.001647e-06,Baixo
3957,M18816,M,302.3,311.4,1500,40.2,30,0,0,0,0,0,0,0,4.230609e-06,Baixo
3958,L51137,L,302.2,311.4,1510,44.9,33,0,0,0,0,0,0,0,4.073247e-06,Baixo
3959,L51138,L,302.2,311.3,1378,55.5,35,0,0,0,0,0,0,0,0.0011078127,Baixo
3960,M18819,M,302.2,311.4,1538,37.4,37,0,0,0,0,0,0,0,3.9115557e-06,Baixo
3961,L51140,L,302.2,311.4,1390,48.1,40,0,0,0,0,0,0,0,6.2505082e-06,Baixo
3962,M18821,M,302.2,311.4,1642,32.1,42,0,0,0,0,0,0,0,3.9795896e-07,Baixo
3963,L51142,L,302.4,311.5,1785,24.8,45,0,0,0,0,0,0,0,8.177471e-08,Baixo
3964,H33377,H,302.3,311.5,1526,38.2,47,0,0,0,0,0,0,0,4.9351534e-06,Baixo
3965,M18824,M,302.3,311.6,1668,33.2,52,0,0,0,0,0,0,0,5.589755e-07,Baixo
3966,L51145,L,302.3,311.5,1507,37.5,55,0,0,0,0,0,0,0,6.989616e-05,Baixo
3967,L51146,L,302.3,311.5,1530,37.8,57,0,0,0,0,0,0,0,3.4723655e-06,Baixo
3968,M18827,M,302.3,311.4,1479,45.6,59,0,0,0,0,0,0,0,8.3238416e-07,Baixo
3969,M18828,M,302.3,311.4,1418,41.3,62,0,0,0,0,0,0,0,5.8769656e-06,Baixo
3970,L51149,L,302.3,311.4,1504,38.7,65,0,0,0,0,0,0,0,1.9043679e-05,Baixo
3971,M18830,M,302.3,311.4,1345,47.6,67,0,0,0,0,0,0,0,0.00049119344,Baixo
3972,H33385,H,302.2,311.4,1625,35.4,70,0,0,0,0,0,0,0,6.7667264e-07,Baixo
3973,L51152,L,302.3,311.4,1511,34.7,75,0,0,0,0,0,0,0,2.3951612e-05,Baixo
3974,L51153,L,302.3,311.4,1535,41.8,77,0,0,0,0,0,0,0,6.110633e-06,Baixo
3975,L51154,L,302.4,311.5,1505,37.9,79,0,0,0,0,0,0,0,6.876427e-06,Baixo
3976,H33389,H,302.4,311.5,1540,43.7,81,0,0,0,0,0,0,0,8.9261505e-07,Baixo
3977,H33390,H,302.3,311.4,1372,46.0,86,0,0,0,0,0,0,0,0.02174174,Baixo
3978,M18837,M,302.2,311.3,1510,36.6,91,0,0,0,0,0,0,0,0.00012633705,Baixo
3979,L51158,L,302.2,311.3,1382,46.4,94,0,0,0,0,0,0,0,3.7670274e-05,Baixo
3980,L51159,L,302.3,311.3,1439,41.8,96,0,0,0,0,0,0,0,1.2037076e-05,Baixo
3981,M18840,M,302.2,311.3,1375,47.0,98,0,0,0,0,0,0,0,0.016402856,Baixo
3982,M18841,M,302.2,311.3,1931,21.9,101,0,0,0,0,0,0,0,2.0052306e-05,Baixo
3983,L51162,L,302.2,311.3,1475,48.6,104,0,0,0,0,0,0,0,4.0980154e-05,Baixo
3984,L51163,L,302.2,311.3,1389,46.9,106,0,0,0,0,0,0,0,2.0838165e-06,Baixo
3985,L51164,L,302.3,311.3,1652,32.8,108,0,0,0,0,0,0,0,1.9158654e-07,Baixo
3986,L51165,L,302.3,311.2,1386,50.3,110,0,0,0,0,0,0,0,2.223861e-05,Baixo
3987,M18846,M,302.2,311.3,1577,29.8,112,0,0,0,0,0,0,0,3.2747937e-06,Baixo
3988,M18847,M,302.3,311.3,1444,43.1,115,0,0,0,0,0,0,0,1.2711246e-06,Baixo
3989,L51168,L,302.2,311.3,1554,40.2,118,0,0,0,0,0,0,0,1.3964491e-05,Baixo
3990,L51169,L,302.2,311.3,1602,32.8,120,0,0,0,0,0,0,0,5.89073e-07,Baixo
3991,H33404,H,302.2,311.2,1692,28.2,122,0,0,0,0,0,0,0,2.778575e-06,Baixo
3992,L51171,L,302.3,311.3,1682,34.4,127,0,0,0,0,0,0,0,2.204647e-07,Baixo
3993,L51172,L,302.3,311.3,1614,34.1,129,0,0,0,0,0,0,0,5.7218986e-06,Baixo
3994,L51173,L,302.3,311.3,1324,47.8,131,0,0,0,0,0,0,0,0.00051978073,Baixo
3995,L51174,L,302.3,311.4,1434,40.3,133,0,0,0,0,0,0,0,8.873646e-07,Baixo
3996,L51175,L,302.3,311.3,1621,31.6,135,0,0,0,0,0,0,0,2.8771979e-06,Baixo
3997,M18856,M,302.3,311.3,1625,33.1,137,0,0,0,0,0,0,0,8.131245e-07,Baixo
3998,L51177,L,302.2,311.1,1394,53.7,140,0,0,0,0,0,0,0,4.3124368e-05,Baixo
3999,L51178,L,302.1,311.0,1586,35.1,142,0,0,0,0,0,0,0,4.4805656e-06,Baixo
4000,L51179,L,302.0,311.0,1420,45.9,144,0,0,0,0,0,0,0,8.116252e-05,Baixo
4001,L51180,L,302.1,311.2,1422,50.3,146,0,0,0,0,0,0,0,7.4274053e-06,Baixo
4002,H33415,H,302.1,311.2,1598,37.9,148,0,0,0,0,0,0,0,3.0175438e-06,Baixo
4003,L51182,L,302.1,311.2,1454,59.2,153,1,0,0,1,0,0,1,0.012335165,Baixo
4004,L51183,L,302.1,311.2,1519,39.3,155,0,0,0,0,0,0,0,4.288989e-06,Baixo
4005,L51184,L,302.0,311.1,1373,55.7,157,0,0,0,0,0,0,0,0.0022144627,Baixo
4006,M18865,M,302.0,311.1,1406,48.8,159,0,0,0,0,0,0,0,7.490307e-06,Baixo
4007,L51186,L,302.1,311.2,1492,45.0,162,0,0,0,0,0,0,0,3.0822797e-05,Baixo
4008,L51187,L,302.1,311.2,1369,50.8,164,0,0,0,0,0,0,0,0.0026822914,Baixo
4009,M18868,M,302.2,311.2,1471,41.9,166,0,0,0,0,0,0,0,7.0856476e-07,Baixo
4010,L51189,L,302.2,311.2,1630,36.0,169,0,0,0,0,0,0,0,8.6270677e-07,Baixo
4011,M18870,M,302.1,311.1,1605,37.6,171,0,0,0,0,0,0,0,6.6603898e-06,Baixo
4012,L51191,L,302.2,311.1,1447,52.1,174,0,0,0,0,0,0,0,0.00014849316,Baixo
4013,M18872,M,302.2,311.2,1360,52.8,176,0,0,0,0,0,0,0,0.007137948,Baixo
4014,M18873,M,302.2,311.1,1728,34.0,179,0,0,0,0,0,0,0,1.6487229e-06,Baixo
4015,L51194,L,302.1,311.0,1740,30.8,182,0,0,0,0,0,0,0,3.141211e-07,Baixo
4016,L51195,L,302.1,310.9,1477,41.4,184,0,0,0,0,0,0,0,0.00011577033,Baixo
4017,L51196,L,302.1,310.9,1658,30.3,186,0,0,0,0,0,0,0,0.00019311464,Baixo
4018,L51197,L,302.0,310.8,1902,23.4,188,0,0,0,0,0,0,0,4.5938632e-05,Baixo
4019,M18878,M,302.0,310.8,1783,23.1,190,0,0,0,0,0,0,0,1.8006917e-06,Baixo
4020,M18879,M,302.0,310.9,1558,45.3,193,0,0,0,0,0,0,0,3.2712853e-06,Baixo
4021,L51200,L,302.1,311.0,1351,49.5,196,0,0,0,0,0,0,0,0.018052924,Baixo
4022,H33435,H,302.1,310.9,1452,42.5,198,0,0,0,0,0,0,0,1.6928178e-05,Baixo
4023,L51202,L,302.1,310.9,1666,30.7,203,0,0,0,0,0,0,0,0.00020016915,Baixo
4024,L51203,L,302.1,311.0,1364,50.0,205,0,0,0,0,0,0,0,0.33967894,Moderado
4025,M18884,M,302.1,311.0,1351,60.3,207,1,0,0,0,1,0,1,0.9727624,Crítico
4026,H33439,H,302.1,311.0,1729,26.1,210,0,0,0,0,0,0,0,2.2225466e-05,Baixo
4027,M18886,M,302.1,311.0,1574,34.1,215,0,0,0,0,0,0,0,0.0054352474,Baixo
4028,L51207,L,302.0,311.0,1566,37.8,218,0,0,0,0,0,0,0,0.09007126,Baixo
4029,L51208,L,302.0,310.9,1455,43.2,220,0,0,0,0,0,0,0,0.00010769344,Baixo
4030,H33443,H,302.0,310.9,1679,29.0,222,0,0,0,0,0,0,0,0.1899293,Baixo
4031,L51210,L,302.0,310.8,2143,17.3,227,0,0,0,0,0,0,0,0.9741106,Crítico
4032,L51211,L,302.0,310.8,1447,42.7,229,0,0,0,0,0,0,0,0.05757636,Baixo
4033,L51212,L,302.0,310.8,1383,50.3,231,1,0,0,0,1,0,1,0.7989167,Alto
4034,L51213,L,302.1,310.8,1772,27.1,233,0,0,0,0,0,0,0,0.99676394,Crítico
4035,L51214,L,302.0,310.8,1615,29.0,235,1,1,0,0,0,0,1,0.022427693,Baixo
4036,L51215,L,302.0,310.8,1454,36.6,0,0,0,0,0,0,0,0,0.00012042677,Baixo
4037,L51216,L,302.0,310.8,1445,49.1,2,0,0,0,0,0,0,0,1.1718914e-05,Baixo
4038,M18897,M,302.0,310.8,1609,35.2,4,0,0,0,0,0,0,0,7.982692e-07,Baixo
4039,L51218,L,302.0,310.9,1546,34.4,7,0,0,0,0,0,0,0,6.640765e-07,Baixo
4040,L51219,L,301.9,310.8,1567,39.3,9,0,0,0,0,0,0,0,1.9541743e-07,Baixo
4041,L51220,L,302.0,310.8,1767,27.4,11,0,0,0,0,0,0,0,1.2298631e-05,Baixo
4042,L51221,L,302.0,310.9,1539,34.2,13,0,0,0,0,0,0,0,3.9055135e-06,Baixo
4043,L51222,L,302.0,310.9,1564,39.0,15,0,0,0,0,0,0,0,0.00013281619,Baixo
4044,M18903,M,302.0,310.8,1445,46.3,17,0,0,0,0,0,0,0,6.6008806e-06,Baixo
4046,M18905,M,301.8,310.9,1881,20.9,23,0,0,0,0,0,0,0,0.00024100015,Baixo
4047,M18906,M,301.9,310.9,1421,46.2,26,0,0,0,0,0,0,0,5.522798e-05,Baixo
4048,L51227,L,301.9,311.0,1455,46.0,29,0,0,0,0,0,0,0,4.66653e-06,Baixo
4049,L51228,L,301.9,311.0,2691,12.1,31,1,0,0,1,0,0,1,0.9983199,Crítico
4050,L51229,L,301.8,310.8,1505,41.2,33,0,0,0,0,0,0,0,2.3529652e-05,Baixo
4051,L51230,L,301.8,310.8,1456,46.6,35,0,0,0,0,0,0,0,2.9573415e-05,Baixo
4052,L51231,L,301.8,310.8,1383,46.4,37,0,0,0,0,0,0,0,0.00012234165,Baixo
4053,M18912,M,301.9,310.8,1563,39.2,39,0,0,0,0,0,0,0,1.7793244e-06,Baixo
4054,M18913,M,301.9,310.9,2305,16.1,42,0,0,0,0,0,0,0,0.004833656,Baixo
4055,M18914,M,301.9,310.9,1456,43.6,45,0,0,0,0,0,0,0,9.1029324e-07,Baixo
4056,L51235,L,302.0,311.0,1865,22.7,48,0,0,0,0,0,0,0,2.15969e-06,Baixo
4057,L51236,L,301.9,310.9,1597,36.9,50,0,0,0,0,0,0,0,1.5961863e-06,Baixo
4058,L51237,L,302.0,310.9,1495,38.6,52,0,0,0,0,0,0,0,6.3466425e-05,Baixo
4059,M18918,M,302.0,310.9,1456,47.2,54,0,0,0,0,0,0,0,7.1614e-06,Baixo
4060,L51239,L,301.9,310.8,1465,44.3,57,0,0,0,0,0,0,0,1.1714299e-05,Baixo
4061,M18920,M,302.0,310.9,1352,55.5,59,0,0,0,0,0,0,0,0.0052485447,Baixo
4062,L51241,L,301.9,310.8,1906,21.7,62,0,0,0,0,0,0,0,3.2468306e-05,Baixo
4063,L51242,L,302.0,310.9,1446,44.0,64,0,0,0,0,0,0,0,0.00061875617,Baixo
4064,L51243,L,302.0,310.8,1948,19.7,66,0,0,0,0,0,0,0,9.290441e-07,Baixo
4065,L51244,L,301.9,310.7,1480,47.1,68,0,0,0,0,0,0,0,3.181223e-05,Baixo
4066,M18925,M,301.9,310.7,1511,37.6,70,0,0,0,0,0,0,0,3.823936e-05,Baixo
4067,M18926,M,301.9,310.7,1472,47.0,73,0,0,0,0,0,0,0,6.7095048e-06,Baixo
4068,L51247,L,301.9,310.7,1429,51.0,76,0,0,0,0,0,0,0,3.2583477e-05,Baixo
4069,L51248,L,301.9,310.7,1405,48.8,78,0,0,0,0,0,0,0,3.660067e-05,Baixo
4070,M18929,M,301.9,310.7,1405,47.9,80,0,0,0,0,0,0,0,3.8933857e-05,Baixo
4071,L51250,L,302.0,310.7,1348,58.1,83,0,0,0,0,0,0,0,0.7039418,Alto
4072,L51251,L,301.9,310.6,1331,68.6,85,1,0,0,1,0,0,1,0.99993837,Crítico
4073,L51252,L,301.9,310.6,1610,33.4,87,0,0,0,0,0,0,0,2.996953e-07,Baixo
4074,M18933,M,301.9,310.6,1412,46.5,89,0,0,0,0,0,0,0,3.1350057e-05,Baixo
4075,L51254,L,302.0,310.7,1453,42.7,92,0,0,0,0,0,0,0,5.145134e-05,Baixo
4076,L51255,L,302.0,310.6,1583,38.9,94,0,0,0,0,0,0,0,5.930823e-05,Baixo
4077,M18936,M,302.0,310.6,1539,37.4,96,0,0,0,0,0,0,0,0.00011874595,Baixo
4078,L51257,L,302.0,310.5,1635,39.8,99,0,0,0,0,0,0,0,1.9596175e-05,Baixo
4079,H33492,H,302.1,310.7,1294,62.4,101,1,0,1,0,0,0,1,0.98779047,Crítico
4080,L51259,L,302.0,310.5,1978,22.0,106,0,0,0,0,0,0,0,1.2894207e-05,Baixo
4081,L51260,L,302.0,310.4,1357,58.0,108,1,0,1,0,0,0,1,0.9994584,Crítico
4082,L51261,L,302.0,310.4,1336,58.2,110,1,0,1,0,0,0,1,0.9988839,Crítico
4083,L51262,L,302.0,310.4,1568,39.2,112,0,0,0,0,0,0,0,6.191378e-06,Baixo
4084,M18943,M,302.0,310.4,1567,36.4,114,0,0,0,0,0,0,0,2.3051905e-05,Baixo
4085,L51264,L,302.0,310.4,1611,35.6,117,0,0,0,0,0,0,0,1.0968698e-05,Baixo
4086,H33499,H,302.0,310.5,1841,23.6,119,0,0,0,0,0,0,0,1.260665e-06,Baixo
4087,L51266,L,302.0,310.5,1567,36.1,124,0,0,0,0,0,0,0,7.311822e-06,Baixo
4088,L51267,L,301.9,310.4,1376,54.9,126,1,0,1,0,0,0,1,0.9825404,Crítico
4089,L51268,L,301.9,310.5,1477,42.4,128,0,0,0,0,0,0,0,4.1276444e-06,Baixo
4090,M18949,M,301.9,310.5,1590,40.3,130,0,0,0,0,0,0,0,4.2547645e-06,Baixo
4091,L51270,L,302.0,310.5,2197,15.8,133,0,0,0,0,0,0,0,0.00062387215,Baixo
4092,M18951,M,302.0,310.4,1595,32.9,135,0,0,0,0,0,0,0,4.1071635e-06,Baixo
4093,H33506,H,302.0,310.5,1812,24.4,138,0,0,0,0,0,0,0,1.35645e-06,Baixo
4094,M18953,M,302.0,310.5,1573,32.1,143,0,0,0,0,0,0,0,3.0310534e-06,Baixo
4095,L51274,L,302.0,310.5,1651,30.9,146,0,0,0,0,0,0,0,2.8444397e-06,Baixo
4096,H33509,H,302.0,310.5,1459,43.2,148,0,0,0,0,0,0,0,3.4579343e-06,Baixo
4097,L51276,L,301.9,310.4,1370,51.7,153,1,0,1,0,0,0,1,0.9901564,Crítico
4098,L51277,L,301.9,310.4,1518,34.1,155,0,0,0,0,0,0,0,3.246125e-05,Baixo
4099,L51278,L,302.0,310.3,1648,29.6,157,0,0,0,0,0,0,0,2.6122048e-06,Baixo
4100,L51279,L,302.0,310.4,1464,47.2,159,0,0,0,0,0,0,0,6.3739666e-05,Baixo
4101,L51280,L,302.0,310.4,1895,23.2,161,0,0,0,0,0,0,0,1.193409e-05,Baixo
4102,L51281,L,301.9,310.4,1884,23.4,163,0,0,0,0,0,0,0,0.00029202778,Baixo
4103,L51282,L,302.0,310.4,1450,46.6,165,0,0,0,0,0,0,0,0.00013157606,Baixo
4104,L51283,L,302.0,310.4,1448,43.4,167,0,0,0,0,0,0,0,6.2357176e-05,Baixo
4105,L51284,L,302.1,310.5,1389,49.6,169,0,0,0,0,0,0,0,0.0019080089,Baixo
4106,L51285,L,302.0,310.6,1583,35.2,171,0,0,0,0,0,0,0,1.90487e-06,Baixo
4107,L51286,L,301.9,310.5,1425,51.1,173,0,0,0,0,0,0,0,7.4460786e-06,Baixo
4108,L51287,L,302.0,310.5,1809,27.1,175,0,0,0,0,0,0,0,3.757885e-07,Baixo
4109,L51288,L,301.9,310.5,1892,21.8,177,0,0,0,0,0,0,0,6.8343496e-07,Baixo
4110,M18969,M,301.9,310.6,1475,47.8,179,0,0,0,0,0,0,0,3.7118448e-06,Baixo
4111,L51290,L,302.0,310.6,1361,46.7,182,0,0,0,0,0,0,0,0.31187534,Moderado
4112,M18971,M,302.0,310.6,1563,41.0,184,0,0,0,0,0,0,0,1.4279987e-06,Baixo
4113,H33526,H,301.9,310.5,1472,39.7,187,0,0,0,0,0,0,0,8.247767e-06,Baixo
4114,L51293,L,302.0,310.6,1325,55.3,192,0,0,0,0,0,0,0,0.19267279,Baixo
4115,L51294,L,302.0,310.6,1358,53.1,194,0,0,0,0,0,0,0,0.14849818,Baixo
4116,H33529,H,302.0,310.6,1346,54.7,196,0,0,0,0,0,0,0,0.018908234,Baixo
4117,M18976,M,302.0,310.5,1381,58.4,201,0,0,0,0,0,0,0,0.7409082,Alto
4118,L51297,L,301.9,310.5,1340,55.7,204,1,0,0,0,1,0,1,0.79514664,Alto
4119,L51298,L,302.0,310.6,1366,47.7,206,0,0,0,0,0,0,0,0.9526953,Crítico
4120,L51299,L,302.1,310.7,1325,45.1,208,1,0,1,0,0,0,1,0.9930735,Crítico
4121,M18980,M,302.1,310.7,1376,46.3,210,1,0,1,0,0,0,1,0.97838116,Crítico
4122,M18981,M,302.1,310.7,1364,47.8,213,1,0,1,0,0,0,1,0.9165893,Crítico
4123,L51302,L,302.2,310.6,1462,43.6,0,0,0,0,0,0,0,0,1.4314143e-05,Baixo
4124,M18983,M,302.1,310.6,1517,38.9,2,0,0,0,0,0,0,0,0.0009771154,Baixo
4125,L51304,L,302.1,310.6,1385,53.6,5,0,0,0,0,0,0,0,0.10233394,Baixo
4126,L51305,L,302.1,310.6,1439,40.0,7,0,0,0,0,0,0,0,0.00044781182,Baixo
4127,M18986,M,302.0,310.6,1623,34.3,9,0,0,0,0,0,0,0,1.9794282e-07,Baixo
4128,H33541,H,302.0,310.6,1438,43.2,12,0,0,0,0,0,0,0,1.6405545e-05,Baixo
4129,L51308,L,301.9,310.4,1708,24.8,17,0,0,0,0,0,0,0,4.753588e-06,Baixo
4130,M18989,M,301.8,310.3,1666,32.7,19,0,0,0,0,0,0,0,8.076335e-07,Baixo
4131,L51310,L,301.9,310.4,1286,62.8,22,1,0,1,0,0,0,1,0.99113363,Crítico
4132,L51311,L,301.9,310.3,1485,46.3,24,0,0,0,0,0,0,0,5.6412977e-05,Baixo
4133,M18992,M,301.8,310.3,1409,52.5,26,0,0,0,0,0,0,0,7.408796e-05,Baixo
4134,L51313,L,301.8,310.3,1765,27.3,29,0,0,0,0,0,0,0,6.1207634e-06,Baixo
4135,L51314,L,301.8,310.3,1688,28.8,31,0,0,0,0,0,0,0,4.2649613e-06,Baixo
4136,M18995,M,301.7,310.3,1787,26.7,33,0,0,0,0,0,0,0,7.0336455e-07,Baixo
4137,L51316,L,301.7,310.1,1487,48.0,36,0,0,0,0,0,0,0,3.2210424e-05,Baixo
4138,L51317,L,301.7,310.1,1384,50.5,38,0,0,0,0,0,0,0,0.0018310943,Baixo
4139,L51318,L,301.7,310.2,1311,57.4,40,1,0,1,0,0,0,1,0.9575736,Crítico
4140,H33553,H,301.7,310.2,1620,30.8,42,0,0,0,0,0,0,0,4.8187853e-06,Baixo
4141,L51320,L,301.7,310.2,1331,61.2,47,1,0,1,0,0,0,1,0.98200136,Crítico
4142,H33555,H,301.7,310.1,1462,38.3,49,0,0,0,0,0,0,0,2.5933057e-06,Baixo
4143,L51322,L,301.7,310.1,1424,50.2,54,0,0,0,0,0,0,0,1.1036271e-05,Baixo
4144,L51323,L,301.7,310.1,1500,39.6,56,0,0,0,0,0,0,0,2.4404712e-06,Baixo
4145,L51324,L,301.8,310.1,1738,28.0,58,0,0,0,0,0,0,0,1.8609355e-06,Baixo
4146,M19005,M,301.8,310.3,1465,46.5,60,0,0,0,0,0,0,0,3.1187185e-05,Baixo
4147,L51326,L,301.8,310.3,1482,41.4,63,0,0,0,0,0,0,0,1.132343e-05,Baixo
4148,L51327,L,301.9,310.3,1398,44.0,65,0,0,0,0,0,0,0,0.003658944,Baixo
4149,L51328,L,301.9,310.3,1972,21.3,67,0,0,0,0,0,0,0,7.766767e-06,Baixo
4150,L51329,L,301.9,310.4,1603,37.6,69,0,0,0,0,0,0,0,1.8729961e-05,Baixo
4151,L51330,L,301.9,310.4,1610,34.8,71,0,0,0,0,0,0,0,2.8283343e-06,Baixo
4152,M19011,M,301.9,310.4,1373,48.0,73,1,0,1,0,0,0,1,0.990168,Crítico
4153,M19012,M,302.0,310.5,1425,44.7,76,0,0,0,0,0,0,0,4.9645274e-05,Baixo
4154,M19013,M,302.0,310.4,1212,55.6,79,1,0,1,0,0,0,1,0.998198,Crítico
4155,M19014,M,302.0,310.4,1828,26.3,82,0,0,0,0,0,0,0,1.1966331e-05,Baixo
4156,L51335,L,302.0,310.5,1370,44.4,85,1,0,1,0,0,0,1,0.88178486,Crítico
4157,M19016,M,302.0,310.5,1823,25.1,87,0,0,0,0,0,0,0,3.2057476e-05,Baixo
4158,L51337,L,302.0,310.5,1263,60.6,90,1,0,1,0,0,0,1,0.95145017,Crítico
4159,L51338,L,301.9,310.4,1889,21.5,92,0,0,0,0,0,0,0,3.1562475e-05,Baixo
4160,M19019,M,302.0,310.5,1639,32.9,94,0,0,0,0,0,0,0,4.1548797e-06,Baixo
4161,M19020,M,302.0,310.4,1608,33.1,97,0,0,0,0,0,0,0,5.0376852e-06,Baixo
4162,H33575,H,301.9,310.3,1653,32.4,100,0,0,0,0,0,0,0,3.9918054e-06,Baixo
4163,L51342,L,302.0,310.4,1591,29.8,105,0,0,0,0,0,0,0,2.0009315e-06,Baixo
4164,L51343,L,302.1,310.5,1696,30.9,107,0,0,0,0,0,0,0,1.6321808e-05,Baixo
4165,L51344,L,302.2,310.6,1346,47.5,109,1,0,1,0,0,0,1,0.9957975,Crítico
4166,M19025,M,302.2,310.5,1507,40.4,111,0,0,0,0,0,0,0,0.00014086267,Baixo
4167,H33580,H,302.3,310.6,1525,48.7,114,0,0,0,0,0,0,0,0.0010693199,Baixo
4168,M19027,M,302.3,310.7,1559,33.9,119,0,0,0,0,0,0,0,2.7464699e-05,Baixo
4169,L51348,L,302.2,310.6,1632,30.5,122,0,0,0,0,0,0,0,0.00016501146,Baixo
4170,L51349,L,302.1,310.5,1559,36.0,124,0,0,0,0,0,0,0,9.732403e-06,Baixo
4171,M19030,M,302.2,310.6,1355,51.5,126,1,0,1,0,0,0,1,0.99752694,Crítico
4172,M19031,M,302.2,310.5,1832,23.7,129,0,0,0,0,0,0,0,4.202192e-05,Baixo
4173,L51352,L,302.2,310.6,1386,50.0,132,0,0,0,0,0,0,0,0.01451676,Baixo
4174,M19033,M,302.2,310.6,1346,49.2,134,1,0,1,0,0,0,1,0.9991264,Crítico
4175,L51354,L,302.3,310.7,1499,37.8,137,0,0,0,0,0,0,0,0.001428785,Baixo
4176,L51355,L,302.3,310.7,1612,33.4,139,0,0,0,0,0,0,0,2.3076984e-06,Baixo
4177,M19036,M,302.3,310.7,1544,39.7,141,0,0,0,0,0,0,0,6.785542e-05,Baixo
4178,L51357,L,302.5,310.9,1477,39.2,144,0,0,0,0,0,0,0,0.00024971538,Baixo
4179,L51358,L,302.5,310.9,1624,34.4,146,0,0,0,0,0,0,0,1.3003479e-06,Baixo
4180,L51359,L,302.4,310.9,1349,46.1,148,1,0,1,0,0,0,1,0.9908408,Crítico
4181,L51360,L,302.4,310.8,1686,28.8,150,0,0,0,0,0,0,0,1.778525e-05,Baixo
4182,M19041,M,302.4,310.7,1521,40.4,152,0,0,0,0,0,0,0,0.00021485862,Baixo
4183,L51362,L,302.4,310.7,1362,54.8,155,1,0,1,0,0,0,1,0.9995177,Crítico
4184,L51363,L,302.3,310.7,1402,50.9,157,0,0,0,0,0,0,0,0.0009150068,Baixo
4185,L51364,L,302.2,310.6,1334,53.2,159,1,0,1,0,0,0,1,0.9931704,Crítico
4186,L51365,L,302.2,310.6,1348,48.4,161,1,0,1,0,0,0,1,0.9975441,Crítico
4187,M19046,M,302.2,310.6,1570,34.6,163,0,0,0,0,0,0,0,7.338461e-05,Baixo
4188,M19047,M,302.2,310.7,1601,33.0,166,0,0,0,0,0,0,0,1.1068565e-06,Baixo
4189,M19048,M,302.3,310.8,1611,31.8,169,0,0,0,0,0,0,0,1.0047815e-05,Baixo
4190,L51369,L,302.4,310.9,1560,31.8,172,0,0,0,0,0,0,0,7.5222265e-06,Baixo
4191,H33604,H,302.4,310.9,1444,40.7,174,0,0,0,0,0,0,0,0.00016165258,Baixo
4192,L51371,L,302.4,311.0,1317,59.4,179,0,0,0,0,0,0,0,0.6764974,Alto
4193,M19052,M,302.5,311.0,1463,43.1,181,0,0,0,0,0,0,0,2.569228e-06,Baixo
4194,L51373,L,302.4,311.1,1634,34.2,184,0,0,0,0,0,0,0,1.1437957e-06,Baixo
4195,L51374,L,302.4,311.0,1423,46.2,186,0,0,0,0,0,0,0,0.000100684905,Baixo
4196,L51375,L,302.5,311.0,1548,38.4,188,0,0,0,0,0,0,0,1.1967438e-05,Baixo
4197,M19056,M,302.5,311.0,1563,35.6,190,0,0,0,0,0,0,0,3.707391e-06,Baixo
4198,L51377,L,302.4,311.0,1573,36.5,193,0,0,0,0,0,0,0,4.9732953e-06,Baixo
4199,M19058,M,302.4,311.1,1432,44.5,195,0,0,0,0,0,0,0,7.1073096e-06,Baixo
4200,M19059,M,302.5,311.1,1638,32.0,198,0,0,0,0,0,0,0,1.157639e-05,Baixo
4201,L51380,L,302.5,311.1,1571,34.2,201,0,0,0,0,0,0,0,1.852332e-06,Baixo
4202,L51381,L,302.4,311.0,2211,15.4,203,0,0,0,0,0,0,0,3.755553e-05,Baixo
4203,L51382,L,302.4,311.0,1555,40.6,205,0,0,0,0,0,0,0,0.002079191,Baixo
4204,M19063,M,302.3,310.9,1558,31.9,207,0,0,0,0,0,0,0,0.39003342,Moderado
4205,M19064,M,302.3,310.9,1523,43.2,210,0,0,0,0,0,0,0,0.009538812,Baixo
4206,L51385,L,302.3,310.8,1723,26.3,213,0,0,0,0,0,0,0,0.039244536,Baixo
4207,M19066,M,302.3,310.8,1721,28.4,215,0,0,0,0,0,0,0,0.1924612,Baixo
4208,M19067,M,302.3,310.9,1710,30.4,218,1,1,0,0,0,0,1,0.001718634,Baixo
4209,M19068,M,302.3,310.9,1627,32.3,0,0,0,0,0,0,0,0,1.4492916e-06,Baixo
4210,M19069,M,302.2,310.8,1422,47.0,3,0,0,0,0,0,0,0,1.9331987e-05,Baixo
4211,L51390,L,302.1,310.8,1565,35.3,6,0,0,0,0,0,0,0,0.00013396001,Baixo
4212,L51391,L,302.1,310.7,1314,52.8,8,1,0,1,0,0,0,1,0.35868844,Moderado
4213,M19072,M,302.0,310.6,1392,60.5,10,0,0,0,0,0,0,0,0.0069454554,Baixo
4214,L51393,L,302.1,310.7,1465,40.7,13,0,0,0,0,0,0,0,0.00052753877,Baixo
4215,L51394,L,301.9,310.6,1573,36.6,15,0,0,0,0,0,0,0,4.5499305e-06,Baixo
4216,M19075,M,302.0,310.7,2157,17.8,17,0,0,0,0,0,0,0,0.0031956667,Baixo
4217,L51396,L,301.9,310.7,1370,50.3,20,0,0,0,0,0,0,0,0.8404316,Crítico
4218,L51397,L,301.9,310.6,1462,38.8,22,0,0,0,0,0,0,0,8.742009e-05,Baixo
4219,M19078,M,302.0,310.6,1479,40.5,24,0,0,0,0,0,0,0,3.6701583e-06,Baixo
4220,L51399,L,301.9,310.7,1717,26.8,27,0,0,0,0,0,0,0,4.7048346e-05,Baixo
4221,M19080,M,301.9,310.6,1260,65.9,29,0,0,0,0,0,0,0,0.4078777,Moderado
4222,L51401,L,301.9,310.6,1467,39.3,32,0,0,0,0,0,0,0,3.6201505e-05,Baixo
4223,M19082,M,302.0,310.6,1535,38.6,34,0,0,0,0,0,0,0,7.9820675e-06,Baixo
4224,L51403,L,302.0,310.7,1657,31.9,37,0,0,0,0,0,0,0,5.3286317e-07,Baixo
4225,L51404,L,302.0,310.7,1698,28.1,39,0,0,0,0,0,0,0,1.8710665e-06,Baixo
4226,L51405,L,302.1,310.7,1359,49.3,41,1,0,1,0,0,0,1,0.8392636,Crítico
4227,L51406,L,302.1,310.8,1596,37.1,43,0,0,0,0,0,0,0,9.341337e-06,Baixo
4228,L51407,L,302.2,310.8,1383,46.9,45,0,0,0,0,0,0,0,0.00018162458,Baixo
4229,L51408,L,302.2,310.8,2203,16.6,47,0,0,0,0,0,0,0,9.444673e-06,Baixo
4230,M19089,M,302.2,310.8,1408,46.8,49,0,0,0,0,0,0,0,5.002526e-06,Baixo
4231,L51410,L,302.2,310.8,1673,32.9,52,0,0,0,0,0,0,0,2.5454008e-06,Baixo
4232,L51411,L,302.2,310.8,1340,47.8,54,0,0,0,0,0,0,0,0.98757774,Crítico
4233,L51412,L,302.2,310.9,1452,42.3,56,0,0,0,0,0,0,0,0.000119443015,Baixo
4234,M19093,M,302.2,310.9,1302,53.4,58,0,0,0,0,0,0,0,0.1869298,Baixo
4235,H33648,H,302.2,310.9,1522,35.9,61,0,0,0,0,0,0,0,4.472033e-05,Baixo
4236,L51415,L,302.2,310.8,1438,41.4,66,0,0,0,0,0,0,0,2.4784704e-06,Baixo
4237,L51416,L,302.2,310.9,1604,40.5,68,0,0,0,0,0,0,0,0.00015553516,Baixo
4238,L51417,L,302.2,311.0,1832,23.2,70,0,0,0,0,0,0,0,1.2880823e-05,Baixo
4239,M19098,M,302.3,311.0,1521,34.8,72,0,0,0,0,0,0,0,4.0554246e-06,Baixo
4240,L51419,L,302.3,311.0,1446,37.6,75,0,0,0,0,0,0,0,0.00065665686,Baixo
4241,L51420,L,302.4,311.1,1905,20.9,77,0,0,0,0,0,0,0,1.4139756e-06,Baixo
4242,L51421,L,302.4,311.0,1475,47.9,79,0,0,0,0,0,0,0,3.3739027e-05,Baixo
4243,L51422,L,302.4,311.0,1462,48.5,81,0,0,0,0,0,0,0,0.00012120221,Baixo
4244,M19103,M,302.4,310.9,1435,42.3,83,0,0,0,0,0,0,0,0.00028294764,Baixo
4245,L51424,L,302.4,310.9,1469,39.6,86,0,0,0,0,0,0,0,0.00013536993,Baixo
4246,M19105,M,302.6,311.1,1520,43.0,88,0,0,0,0,0,0,0,1.8803876e-05,Baixo
4247,L51426,L,302.6,311.0,1537,35.5,91,0,0,0,0,0,0,0,0.00011558766,Baixo
4248,L51427,L,302.6,311.0,1369,60.0,93,1,0,1,0,0,0,1,0.99744725,Crítico
4249,L51428,L,302.6,311.0,1506,37.2,95,0,0,0,0,0,0,0,3.1270276e-05,Baixo
4250,L51429,L,302.5,310.9,1330,56.9,97,1,0,1,0,0,0,1,0.98289573,Crítico
4251,L51430,L,302.6,311.0,1660,38.0,99,0,0,0,0,0,0,0,1.3879585e-05,Baixo
4252,H33665,H,302.5,310.9,1356,55.5,101,1,0,1,0,0,0,1,0.98410046,Crítico
4253,H33666,H,302.6,311.0,1438,51.0,106,0,0,0,0,0,0,0,0.00064853765,Baixo
4254,M19113,M,302.6,311.0,1329,48.6,111,1,0,1,0,0,0,1,0.7902064,Alto
4255,L51434,L,302.6,311.0,1284,68.0,114,1,0,1,1,0,0,2,0.9998417,Crítico
4256,M19115,M,302.5,311.0,1387,52.1,116,0,0,0,0,0,0,0,6.4948035e-05,Baixo
4257,M19116,M,302.6,311.0,1591,33.9,119,0,0,0,0,0,0,0,1.2039716e-05,Baixo
4258,M19117,M,302.6,311.0,1589,39.0,122,0,0,0,0,0,0,0,3.161748e-05,Baixo
4259,M19118,M,302.7,311.1,1297,60.7,125,1,0,1,0,0,0,1,0.8722626,Crítico
4260,L51439,L,302.7,311.2,1545,35.1,128,0,0,0,0,0,0,0,3.2035747e-05,Baixo
4261,H33674,H,302.7,311.1,1418,43.4,130,0,0,0,0,0,0,0,8.85488e-06,Baixo
4262,L51441,L,302.7,311.1,1730,28.1,135,0,0,0,0,0,0,0,3.8636776e-06,Baixo
4263,L51442,L,302.6,311.0,2001,20.7,137,0,0,0,0,0,0,0,1.017443e-05,Baixo
4264,L51443,L,302.6,311.0,1620,36.2,139,0,0,0,0,0,0,0,3.3489412e-06,Baixo
4265,M19124,M,302.6,311.0,1542,39.7,141,0,0,0,0,0,0,0,4.8241563e-05,Baixo
4266,L51445,L,302.6,311.0,1424,38.0,144,0,0,0,0,0,0,0,2.6207457e-05,Baixo
4267,L51446,L,302.7,311.1,1440,39.5,146,0,0,0,0,0,0,0,6.401622e-05,Baixo
4268,L51447,L,302.6,311.0,1520,42.8,148,0,0,0,0,0,0,0,2.5100731e-05,Baixo
4269,L51448,L,302.7,311.0,1694,29.8,150,0,0,0,0,0,0,0,5.2904047e-06,Baixo
4270,L51449,L,302.6,311.0,1610,39.2,152,0,0,0,0,0,0,0,1.4839642e-05,Baixo
4271,L51450,L,302.6,310.9,1331,52.0,154,1,0,1,0,0,0,1,0.99979144,Crítico
4272,L51451,L,302.6,310.8,1470,41.2,156,0,0,0,0,0,0,0,0.0002683101,Baixo
4273,L51452,L,302.5,310.8,1577,36.9,158,0,0,0,0,0,0,0,2.8163622e-06,Baixo
4274,L51453,L,302.6,310.8,1486,36.4,160,0,0,0,0,0,0,0,3.2376014e-05,Baixo
4275,L51454,L,302.4,310.6,1445,40.3,162,0,0,0,0,0,0,0,0.00038341203,Baixo
4276,M19135,M,302.4,310.5,1500,36.7,164,0,0,0,0,0,0,0,4.0077142e-05,Baixo
4277,M19136,M,302.2,310.4,1456,47.5,167,0,0,0,0,0,0,0,0.00030732586,Baixo
4278,L51457,L,302.2,310.4,1743,28.1,170,0,0,0,0,0,0,0,2.3603181e-06,Baixo
4279,L51458,L,302.0,310.1,1409,50.4,172,0,0,0,0,0,0,0,2.6953747e-05,Baixo
4280,L51459,L,302.0,310.1,1361,45.4,174,1,0,1,0,0,0,1,0.9470129,Crítico
4281,L51460,L,302.1,310.1,1753,28.9,176,0,0,0,0,0,0,0,3.368737e-06,Baixo
4282,L51461,L,302.0,310.0,1832,22.9,178,0,0,0,0,0,0,0,9.117198e-07,Baixo
4283,L51462,L,301.9,309.9,1374,48.5,180,1,0,1,0,0,0,1,0.9759276,Crítico
4284,M19143,M,301.8,309.9,1334,61.0,182,1,0,1,0,0,0,1,0.9997644,Crítico
4285,L51464,L,301.8,310.0,1493,40.3,185,0,0,0,0,0,0,0,5.845674e-06,Baixo
4286,L51465,L,301.7,309.9,1317,49.0,187,1,0,1,0,0,0,1,0.9792196,Crítico
4287,M19146,M,301.7,309.9,1434,47.9,189,0,0,0,0,0,0,0,0.00032045314,Baixo
4288,M19147,M,301.7,309.9,1457,39.2,192,0,0,0,0,0,0,0,4.9754613e-05,Baixo
4289,M19148,M,301.7,310.0,1391,50.6,195,0,0,0,0,0,0,0,3.3940298e-05,Baixo
4290,M19149,M,301.8,310.0,1781,23.9,198,0,0,0,0,0,0,0,0.00014696395,Baixo
4291,L51470,L,301.8,310.0,1642,32.6,201,0,0,0,0,0,0,0,4.5150466e-07,Baixo
4292,L51471,L,301.8,310.0,2032,19.0,203,0,0,0,0,0,0,0,1.0681148e-05,Baixo
4293,M19152,M,301.8,310.1,2372,13.9,205,1,0,0,1,0,0,1,0.00029034793,Baixo
4294,L51473,L,301.8,310.0,1393,44.9,208,0,0,0,0,0,0,0,0.96453977,Crítico
4295,M19154,M,301.7,310.1,1743,27.3,210,0,0,0,0,0,0,0,0.0022862952,Baixo
4296,L51475,L,301.8,310.2,1457,40.4,213,0,0,0,0,0,0,0,0.06396605,Baixo
4297,L51476,L,301.8,310.2,2825,5.8,215,1,0,0,1,0,0,1,0.007024037,Baixo
4298,M19157,M,301.8,310.2,1609,34.2,217,0,0,0,0,0,0,0,0.002008898,Baixo
4299,M19158,M,301.8,310.2,1437,42.3,0,0,0,0,0,0,0,0,1.9365902e-05,Baixo
4300,L51479,L,301.7,310.1,1402,50.1,3,0,0,0,0,0,0,0,5.229414e-05,Baixo
4301,M19160,M,301.7,310.1,1644,34.6,5,0,0,0,0,0,0,0,4.3003633e-06,Baixo
4302,L51481,L,301.7,310.2,1471,51.1,8,0,0,0,0,0,0,0,3.477585e-06,Baixo
4303,L51482,L,301.7,310.1,2695,12.6,10,0,0,0,0,0,0,0,0.9931316,Crítico
4304,L51483,L,301.7,310.2,1435,48.1,12,0,0,0,0,0,0,0,3.8355975e-05,Baixo
4305,L51484,L,301.6,310.1,1694,26.3,14,0,0,0,0,0,0,0,5.8982184e-08,Baixo
4306,L51485,L,301.6,310.1,1687,26.6,16,0,0,0,0,0,0,0,6.98082e-08,Baixo
4307,L51486,L,301.6,310.0,1869,22.9,18,0,0,0,0,0,0,0,6.096721e-06,Baixo
4308,L51487,L,301.4,309.9,1259,63.9,20,1,0,1,0,0,0,1,0.5983127,Moderado
4309,H33722,H,301.4,309.9,1460,47.2,22,0,0,0,0,0,0,0,1.477463e-05,Baixo
4310,M19169,M,301.3,309.9,1501,39.5,27,0,0,0,0,0,0,0,1.8736178e-05,Baixo
4311,L51490,L,301.4,310.0,1776,25.6,30,0,0,0,0,0,0,0,2.782643e-06,Baixo
4312,M19171,M,301.5,310.1,1468,40.8,32,0,0,0,0,0,0,0,1.0262742e-06,Baixo
4313,L51492,L,301.5,310.1,1430,46.5,35,0,0,0,0,0,0,0,1.975243e-06,Baixo
4314,L51493,L,301.4,310.1,1502,46.6,37,0,0,0,0,0,0,0,2.9957891e-06,Baixo
4315,H33728,H,301.4,310.1,1623,32.3,39,0,0,0,0,0,0,0,2.2017727e-07,Baixo
4316,M19175,M,301.4,310.0,1651,29.8,44,0,0,0,0,0,0,0,1.1282965e-05,Baixo
4317,L51496,L,301.5,310.1,1639,33.4,47,0,0,0,0,0,0,0,2.4678e-07,Baixo
4318,M19177,M,301.5,310.0,1417,44.6,49,0,0,0,0,0,0,0,1.4769071e-06,Baixo
4319,L51498,L,301.5,310.1,1541,42.2,52,0,0,0,0,0,0,0,5.939259e-07,Baixo
4320,M19179,M,301.6,310.2,1411,45.1,54,0,0,0,0,0,0,0,1.3997609e-05,Baixo
4321,L51500,L,301.7,310.3,1397,44.6,57,0,0,0,0,0,0,0,0.0001432342,Baixo
4322,L51501,L,301.7,310.2,1686,28.9,59,0,0,0,0,0,0,0,7.273358e-07,Baixo
4323,M19182,M,301.7,310.1,1431,44.0,61,0,0,0,0,0,0,0,2.4404004e-05,Baixo
4324,L51503,L,301.8,310.3,1341,50.5,64,1,0,1,0,0,0,1,0.9653841,Crítico
4325,L51504,L,301.7,310.2,1486,43.0,66,0,0,0,0,0,0,0,1.5258513e-05,Baixo
4326,L51505,L,301.6,310.2,1384,57.1,68,0,0,0,0,0,0,0,0.035973746,Baixo
4327,L51506,L,301.6,310.1,1362,55.8,70,1,0,1,0,0,0,1,0.8190833,Crítico
4328,H33741,H,301.7,310.1,1660,29.3,72,0,0,0,0,0,0,0,3.973359e-07,Baixo
4329,L51508,L,301.6,310.1,1326,48.2,77,1,0,1,0,0,0,1,0.99134177,Crítico
4330,L51509,L,301.6,310.0,1566,30.3,79,0,0,0,0,0,0,0,1.5501913e-05,Baixo
4331,L51510,L,301.5,309.8,1549,38.5,81,0,0,0,0,0,0,0,2.2164802e-05,Baixo
4332,M19191,M,301.6,309.9,1746,31.1,83,0,0,0,0,0,0,0,1.7395296e-05,Baixo
4333,M19192,M,301.7,309.9,1452,41.5,86,0,0,0,0,0,0,0,0.0007266305,Baixo
4334,L51513,L,301.6,309.8,1588,33.9,89,0,0,0,0,0,0,0,2.6021794e-07,Baixo
4335,L51514,L,301.6,309.8,1472,42.5,91,0,0,0,0,0,0,0,7.637696e-06,Baixo
4336,L51515,L,301.7,309.9,1607,37.7,93,0,0,0,0,0,0,0,1.6427652e-05,Baixo
4337,H33750,H,301.6,309.9,1423,53.6,95,0,0,0,0,0,0,0,0.00014108152,Baixo
4338,L51517,L,301.6,309.9,1440,43.4,100,0,0,0,0,0,0,0,7.026332e-05,Baixo
4339,L51518,L,301.6,309.9,1397,43.7,102,0,0,0,0,0,0,0,0.00011528989,Baixo
4340,L51519,L,301.7,309.9,1524,46.6,104,0,0,0,0,0,0,0,1.4667498e-05,Baixo
4341,M19200,M,301.7,309.9,1533,40.9,106,0,0,0,0,0,0,0,2.29554e-05,Baixo
4342,L51521,L,301.7,309.8,1398,46.0,109,0,0,0,0,0,0,0,0.00014735911,Baixo
4343,M19202,M,301.7,309.8,1284,68.2,111,1,0,1,1,0,0,2,0.9994081,Crítico
4344,L51523,L,301.7,309.8,1491,39.3,114,0,0,0,0,0,0,0,8.662794e-06,Baixo
4345,H33758,H,301.8,309.9,1418,51.3,116,0,0,0,0,0,0,0,0.00022001799,Baixo
4346,M19205,M,301.8,309.8,1546,39.8,121,0,0,0,0,0,0,0,1.7339627e-05,Baixo
4347,L51526,L,301.8,309.7,1598,30.4,124,0,0,0,0,0,0,0,6.1129926e-05,Baixo
4348,H33761,H,301.9,309.8,1724,27.5,126,0,0,0,0,0,0,0,1.9673585e-06,Baixo
4349,L51528,L,301.9,309.8,1507,44.7,131,0,0,0,0,0,0,0,1.19370725e-05,Baixo
4350,L51529,L,301.9,309.7,1595,31.4,133,0,0,0,0,0,0,0,1.4988364e-06,Baixo
4351,M19210,M,301.9,309.7,1568,37.5,135,0,0,0,0,0,0,0,7.457059e-05,Baixo
4352,L51531,L,301.8,309.6,1432,43.7,138,0,0,0,0,0,0,0,1.5120562e-06,Baixo
4353,L51532,L,301.9,309.7,1424,42.8,140,0,0,0,0,0,0,0,3.0944514e-06,Baixo
4354,M19213,M,302.0,309.7,1386,62.7,142,1,0,0,1,0,0,1,0.66972363,Alto
4355,L51534,L,302.0,309.8,1456,58.1,145,0,0,0,0,0,0,0,0.5249653,Moderado
4356,H33769,H,302.0,309.8,1280,57.3,147,1,0,1,0,0,0,1,0.9972102,Crítico
4357,L51536,L,302.0,309.8,1649,31.0,152,0,0,0,0,0,0,0,1.4327868e-06,Baixo
4358,L51537,L,302.0,309.9,1407,52.8,154,0,0,0,0,0,0,0,0.0002997678,Baixo
4359,H33772,H,302.0,309.9,1606,34.5,156,0,0,0,0,0,0,0,1.6352109e-06,Baixo
4360,M19219,M,302.1,310.0,1531,38.0,161,0,0,0,0,0,0,0,0.00069457124,Baixo
4361,L51540,L,302.1,310.1,1543,35.8,164,0,0,0,0,0,0,0,7.5650976e-05,Baixo
4362,M19221,M,302.1,310.1,1379,48.2,166,1,0,1,0,0,0,1,0.99943477,Crítico
4363,L51542,L,302.1,310.1,1447,46.6,169,0,0,0,0,0,0,0,0.00092930655,Baixo
4364,H33777,H,302.1,310.1,1844,24.6,171,0,0,0,0,0,0,0,5.0203143e-06,Baixo
4365,H33778,H,302.1,310.1,1615,29.9,176,0,0,0,0,0,0,0,1.2086757e-05,Baixo
4366,L51545,L,302.0,310.0,1449,48.8,181,0,0,0,0,0,0,0,0.00011554986,Baixo
4367,L51546,L,302.0,309.9,1388,51.4,183,0,0,0,0,0,0,0,0.002838362,Baixo
4368,H33781,H,302.0,309.9,1447,42.8,185,0,0,0,0,0,0,0,1.08347185e-05,Baixo
4369,L51548,L,302.0,310.0,1664,28.6,190,0,0,0,0,0,0,0,2.0756688e-06,Baixo
4370,H33783,H,302.0,309.9,1735,27.2,192,0,0,0,0,0,0,0,4.549878e-06,Baixo
4371,L51550,L,302.0,309.9,1308,57.6,197,1,0,1,0,1,0,2,0.99985576,Crítico
4372,L51551,L,302.0,309.8,1480,40.0,199,0,0,0,0,0,0,0,0.00033088503,Baixo
4373,M19232,M,301.9,309.6,1439,41.7,201,0,0,0,0,0,0,0,0.0032128678,Baixo
4374,M19233,M,301.9,309.7,1533,35.9,204,0,0,0,0,0,0,0,0.0064074174,Baixo
4375,L51554,L,302.0,309.7,1551,34.8,207,0,0,0,0,0,0,0,0.0056259525,Baixo
4376,L51555,L,302.0,309.7,1414,36.3,209,0,0,0,0,0,0,0,0.0018753482,Baixo
4377,M19236,M,301.9,309.6,1551,34.6,211,0,0,0,0,0,0,0,0.00073983835,Baixo
4378,M19237,M,301.8,309.6,1436,49.0,214,0,0,0,0,0,0,0,0.0030824025,Baixo
4379,M19238,M,301.9,309.6,1385,45.8,217,0,0,0,0,0,0,0,0.94918096,Crítico
4380,M19239,M,301.8,309.5,1732,30.1,220,0,0,0,0,0,0,0,0.035614934,Baixo
4381,L51560,L,301.9,309.6,1410,49.0,223,0,0,0,0,0,0,0,0.5382316,Moderado
4382,L51561,L,301.9,309.6,1446,43.2,225,0,0,0,0,0,0,0,0.00065005344,Baixo
4383,L51562,L,301.8,309.5,1525,39.6,227,0,0,0,0,0,0,0,0.004161853,Baixo
4384,L51563,L,301.7,309.5,1298,65.5,229,1,0,1,0,1,0,2,0.9999994,Crítico
4385,L51564,L,301.8,309.6,1443,42.7,231,0,0,0,0,0,0,0,0.044470176,Baixo
4386,L51565,L,301.8,309.7,1442,45.3,233,1,1,0,0,0,0,1,0.07033672,Baixo
4387,L51566,L,301.9,309.7,1719,31.9,0,0,0,0,0,0,0,0,8.2470854e-07,Baixo
4388,L51567,L,302.0,309.8,1532,39.4,2,0,0,0,0,0,0,0,5.3416497e-05,Baixo
4389,L51568,L,302.0,309.8,1701,27.2,4,0,0,0,0,0,0,0,6.027199e-07,Baixo
4390,M19249,M,302.1,310.0,1355,45.1,6,1,0,1,0,0,0,1,0.99986684,Crítico
4391,M19250,M,302.2,310.1,1421,45.4,9,0,0,0,0,0,0,0,2.3361603e-05,Baixo
4392,M19251,M,302.2,310.1,1368,51.6,12,1,0,1,0,0,0,1,0.9975688,Crítico
4393,L51572,L,302.2,310.1,1458,45.1,15,0,0,0,0,0,0,0,1.8642233e-05,Baixo
4394,M19253,M,302.2,310.1,1572,34.6,17,0,0,0,0,0,0,0,2.3774901e-05,Baixo
4395,L51574,L,302.2,310.0,1483,48.7,20,0,0,0,0,0,0,0,3.0911313e-05,Baixo
4396,L51575,L,302.3,310.1,1513,40.4,22,0,0,0,0,0,0,0,4.3986878e-05,Baixo
4397,H33810,H,302.3,310.1,1383,42.9,24,0,0,0,0,0,0,0,0.086971335,Baixo
4398,L51577,L,302.4,310.2,1539,37.7,29,0,0,0,0,0,0,0,7.326511e-05,Baixo
4399,M19258,M,302.3,310.1,1563,37.8,31,0,0,0,0,0,0,0,9.0112495e-05,Baixo
4400,L51579,L,302.3,310.1,1653,29.7,34,0,0,0,0,0,0,0,9.3096505e-06,Baixo
4401,L51580,L,302.3,310.1,1353,50.9,36,1,0,1,0,0,0,1,0.99995255,Crítico
4402,H33815,H,302.2,310.0,1468,43.6,38,0,0,0,0,0,0,0,1.9078025e-06,Baixo
4403,H33816,H,302.3,310.2,1506,33.8,43,0,0,0,0,0,0,0,4.5646725e-06,Baixo
4404,L51583,L,302.3,310.1,1388,49.9,48,0,0,0,0,0,0,0,0.0017637098,Baixo
4405,M19264,M,302.4,310.2,1485,45.9,50,0,0,0,0,0,0,0,2.6768006e-05,Baixo
4406,L51585,L,302.4,310.2,1331,45.5,53,1,0,1,0,0,0,1,0.99992096,Crítico
4407,L51586,L,302.5,310.3,1326,58.5,55,1,0,1,0,0,0,1,0.9996309,Crítico
4408,L51587,L,302.3,310.2,1394,55.4,57,0,0,0,0,0,0,0,0.009777628,Baixo
4409,L51588,L,302.4,310.1,2009,18.9,59,0,0,0,0,0,0,0,4.508938e-05,Baixo
4410,M19269,M,302.4,310.1,1358,54.6,61,1,0,1,0,0,0,1,0.9999707,Crítico
4411,L51590,L,302.5,310.2,1586,32.2,64,0,0,0,0,0,0,0,1.3198911e-05,Baixo
4412,L51591,L,302.5,310.3,1688,31.6,66,0,0,0,0,0,0,0,8.213005e-06,Baixo
4413,L51592,L,302.6,310.5,1450,43.2,68,0,0,0,0,0,0,0,0.00020280298,Baixo
4414,M19273,M,302.7,310.5,1398,47.3,70,0,0,0,0,0,0,0,0.010782854,Baixo
4415,L51594,L,302.7,310.5,1520,39.3,73,0,0,0,0,0,0,0,6.591623e-05,Baixo
4416,L51595,L,302.6,310.4,1514,42.7,75,0,0,0,0,0,0,0,8.861739e-05,Baixo
4417,M19276,M,302.6,310.4,1532,36.1,77,0,0,0,0,0,0,0,0.0005075151,Baixo
4418,L51597,L,302.6,310.4,1365,66.8,80,1,0,1,1,0,0,2,0.99999833,Crítico
4419,L51598,L,302.6,310.3,1642,33.2,82,0,0,0,0,0,0,0,7.1762765e-06,Baixo
4420,M19279,M,302.6,310.2,2676,10.8,84,1,0,0,1,0,0,1,0.9999231,Crítico
4421,H33834,H,302.6,310.2,1873,21.3,87,0,0,0,0,0,0,0,4.002764e-05,Baixo
4422,L51601,L,302.6,310.2,1325,62.4,92,1,0,1,0,0,0,1,0.99999833,Crítico
4423,M19282,M,302.6,310.2,2157,17.2,94,0,0,0,0,0,0,0,0.0014058267,Baixo
4424,M19283,M,302.6,310.2,1563,39.0,97,0,0,0,0,0,0,0,0.00011864058,Baixo
4425,M19284,M,302.6,310.2,1631,31.0,100,0,0,0,0,0,0,0,0.0001765947,Baixo
4426,L51605,L,302.5,310.2,1547,36.9,103,0,0,0,0,0,0,0,0.000116897936,Baixo
4427,L51606,L,302.6,310.3,1479,40.4,105,0,0,0,0,0,0,0,0.0012235467,Baixo
4428,M19287,M,302.4,310.1,1379,48.9,107,1,0,1,0,0,0,1,0.99980897,Crítico
4429,L51608,L,302.4,310.1,1906,21.2,110,0,0,0,0,0,0,0,3.2996202e-05,Baixo
4430,M19289,M,302.3,310.1,1731,33.4,112,0,0,0,0,0,0,0,1.1961527e-05,Baixo
4431,H33844,H,302.3,310.1,1688,30.4,115,0,0,0,0,0,0,0,6.0452735e-06,Baixo
4432,H33845,H,302.3,310.2,1443,54.6,120,0,0,0,0,0,0,0,0.007513891,Baixo
4433,L51612,L,302.4,310.2,1445,46.4,125,0,0,0,0,0,0,0,0.0026554693,Baixo
4434,H33847,H,302.4,310.2,1435,44.9,127,0,0,0,0,0,0,0,8.1777274e-05,Baixo
4435,L51614,L,302.4,310.1,1556,32.9,132,0,0,0,0,0,0,0,2.910028e-06,Baixo
4436,L51615,L,302.3,310.1,1321,52.7,134,1,0,1,0,0,0,1,0.9999782,Crítico
4437,M19296,M,302.4,310.1,1577,35.8,136,0,0,0,0,0,0,0,1.1058491e-05,Baixo
4438,L51617,L,302.4,310.2,1578,31.2,139,0,0,0,0,0,0,0,4.4699173e-06,Baixo
4439,L51618,L,302.4,310.1,1418,52.3,141,0,0,0,0,0,0,0,0.0038041887,Baixo
4440,M19299,M,302.4,310.2,1392,55.8,143,0,0,0,0,0,0,0,0.014787749,Baixo
4441,L51620,L,302.5,310.3,1446,44.0,146,0,0,0,0,0,0,0,5.8040885e-05,Baixo
4442,L51621,L,302.5,310.2,1329,50.6,148,1,0,1,0,0,0,1,0.99998283,Crítico
4443,L51622,L,302.5,310.2,1563,34.8,150,0,0,0,0,0,0,0,4.113278e-06,Baixo
4444,L51623,L,302.5,310.3,1405,57.4,152,0,0,0,0,0,0,0,0.12204198,Baixo
4445,L51624,L,302.4,310.2,2224,16.0,154,0,0,0,0,0,0,0,0.00012160472,Baixo
4446,L51625,L,302.5,310.2,1716,29.9,156,0,0,0,0,0,0,0,7.2067955e-06,Baixo
4447,L51626,L,302.5,310.3,1584,35.5,158,0,0,0,0,0,0,0,7.967975e-06,Baixo
4448,M19307,M,302.5,310.3,1488,41.8,160,0,0,0,0,0,0,0,1.1384152e-05,Baixo
4449,L51628,L,302.4,310.3,1374,51.2,163,1,0,1,0,0,0,1,0.99999046,Crítico
4450,M19309,M,302.4,310.3,1378,54.3,165,1,0,1,0,0,0,1,0.9988029,Crítico
4451,L51630,L,302.5,310.3,1551,37.3,168,0,0,0,0,0,0,0,0.00022306175,Baixo
4452,L51631,L,302.5,310.3,1549,40.9,170,0,0,0,0,0,0,0,8.557762e-05,Baixo
4453,M19312,M,302.5,310.3,1447,39.2,172,0,0,0,0,0,0,0,0.00025778144,Baixo
4454,L51633,L,302.4,310.2,1400,53.7,175,0,0,0,0,0,0,0,0.00695524,Baixo
4455,L51634,L,302.4,310.1,1401,48.8,177,0,0,0,0,0,0,0,0.0014285293,Baixo
4456,H33869,H,302.4,310.1,1597,28.9,179,0,0,0,0,0,0,0,4.5441934e-06,Baixo
4457,L51636,L,302.3,310.1,1487,46.0,184,0,0,0,0,0,0,0,0.0001861141,Baixo
4458,M19317,M,302.5,310.3,1710,27.3,186,0,0,0,0,0,0,0,2.8537312e-05,Baixo
4459,L51638,L,302.6,310.4,1478,47.7,189,0,0,0,0,0,0,0,0.00018796169,Baixo
4460,L51639,L,302.6,310.4,1743,26.3,191,0,0,0,0,0,0,0,7.34937e-06,Baixo
4461,L51640,L,302.6,310.5,1596,32.8,193,0,0,0,0,0,0,0,1.1123336e-06,Baixo
4462,L51641,L,302.7,310.5,1642,30.8,195,0,0,0,0,0,0,0,0.00017980464,Baixo
4463,L51642,L,302.7,310.5,1263,67.8,197,1,0,1,0,1,0,2,0.9999999,Crítico
4464,L51643,L,302.8,310.6,2016,19.9,199,0,0,0,0,0,0,0,0.00010693426,Baixo
4465,L51644,L,302.8,310.6,1671,30.5,201,0,0,0,0,0,0,0,6.66427e-05,Baixo
4466,L51645,L,302.8,310.6,1404,43.2,203,0,0,0,0,0,0,0,0.054063134,Baixo
4467,L51646,L,302.8,310.6,1470,41.1,205,0,0,0,0,0,0,0,0.031980876,Baixo
4468,L51647,L,302.8,310.6,1617,37.9,207,0,0,0,0,0,0,0,0.011249784,Baixo
4469,L51648,L,302.7,310.5,1725,29.0,209,0,0,0,0,0,0,0,0.00637149,Baixo
4470,L51649,L,302.7,310.5,1446,40.9,211,1,1,0,0,0,0,1,0.003437161,Baixo
4471,L51650,L,302.7,310.6,1564,34.3,0,0,0,0,0,0,0,0,0.0004471871,Baixo
4472,L51651,L,302.8,310.6,1670,29.1,2,0,0,0,0,0,0,0,8.949831e-06,Baixo
4473,L51652,L,302.7,310.6,1501,48.7,4,0,0,0,0,0,0,0,0.00029529983,Baixo
4474,L51653,L,302.7,310.5,1551,35.9,6,0,0,0,0,0,0,0,0.00044493182,Baixo
4475,L51654,L,302.7,310.5,1563,35.0,8,0,0,0,0,0,0,0,1.7856068e-05,Baixo
4476,L51655,L,302.7,310.5,1351,41.8,10,1,0,1,0,0,0,1,0.99996746,Crítico
4477,L51656,L,302.6,310.4,1415,52.1,12,0,0,0,0,0,0,0,0.00061189494,Baixo
4478,L51657,L,302.6,310.3,1647,34.2,14,0,0,0,0,0,0,0,8.584911e-06,Baixo
4479,L51658,L,302.5,310.2,1477,41.6,16,0,0,0,0,0,0,0,2.9883086e-05,Baixo
4480,L51659,L,302.6,310.2,1923,21.5,18,0,0,0,0,0,0,0,6.0313247e-05,Baixo
4481,H33894,H,302.7,310.4,1305,55.2,20,1,0,1,0,0,0,1,0.99999607,Crítico
4482,M19341,M,302.6,310.4,1544,35.1,25,0,0,0,0,0,0,0,0.00070293,Baixo
4483,H33896,H,302.7,310.5,1568,36.9,28,0,0,0,0,0,0,0,3.8344806e-06,Baixo
4484,L51663,L,302.7,310.4,1489,42.7,33,0,0,0,0,0,0,0,0.00014602498,Baixo
4485,M19344,M,302.6,310.4,1451,43.1,35,0,0,0,0,0,0,0,0.00031942673,Baixo
4486,L51665,L,302.7,310.4,1542,35.7,38,0,0,0,0,0,0,0,0.00019220937,Baixo
4487,M19346,M,302.6,310.5,1965,20.2,40,0,0,0,0,0,0,0,0.00013299957,Baixo
4488,L51667,L,302.5,310.5,1436,36.5,43,0,0,0,0,0,0,0,0.00019154872,Baixo
4489,M19348,M,302.5,310.4,1509,37.6,45,0,0,0,0,0,0,0,0.0002985573,Baixo
4490,L51669,L,302.5,310.4,1487,40.2,48,0,0,0,0,0,0,0,4.012376e-05,Baixo
4491,L51670,L,302.5,310.4,1967,20.3,50,0,0,0,0,0,0,0,2.0366719e-05,Baixo
4492,H33905,H,302.6,310.4,1409,53.3,52,0,0,0,0,0,0,0,0.001554732,Baixo
4493,M19352,M,302.6,310.5,1420,56.4,57,0,0,0,0,0,0,0,0.0030702236,Baixo
4494,L51673,L,302.7,310.5,1511,37.7,60,0,0,0,0,0,0,0,0.0012163915,Baixo
4495,H33908,H,302.6,310.4,1649,30.1,62,0,0,0,0,0,0,0,7.1031222e-06,Baixo
4496,L51675,L,302.6,310.4,1359,57.2,67,1,0,1,0,0,0,1,0.99997866,Crítico
4497,M19356,M,302.5,310.4,1605,36.0,69,0,0,0,0,0,0,0,2.4009356e-05,Baixo
4498,L51677,L,302.5,310.3,1523,36.0,72,0,0,0,0,0,0,0,0.00012952976,Baixo
4499,H33912,H,302.6,310.4,1614,36.0,74,0,0,0,0,0,0,0,9.7948805e-06,Baixo
4500,H33913,H,302.6,310.3,1721,27.4,79,0,0,0,0,0,0,0,1.6972064e-05,Baixo
4501,L51680,L,302.6,310.4,1638,36.2,84,0,0,0,0,0,0,0,1.4303335e-05,Baixo
4502,L51681,L,302.5,310.2,1307,54.0,86,1,0,1,0,0,0,1,0.99999416,Crítico
4503,L51682,L,302.4,310.2,1642,28.3,88,0,0,0,0,0,0,0,3.747217e-05,Baixo
4504,M19363,M,302.5,310.2,1751,30.5,90,0,0,0,0,0,0,0,6.9484595e-06,Baixo
4505,L51684,L,302.4,310.1,1645,31.6,93,0,0,0,0,0,0,0,1.9026578e-05,Baixo
4506,L51685,L,302.4,310.1,1426,46.8,95,0,0,0,0,0,0,0,0.00065515225,Baixo
4507,M19366,M,302.4,310.1,1520,36.6,97,0,0,0,0,0,0,0,0.00012244705,Baixo
4508,L51687,L,302.4,310.1,1709,31.8,100,0,0,0,0,0,0,0,5.154652e-06,Baixo
4509,L51688,L,302.4,310.0,1426,46.6,102,0,0,0,0,0,0,0,0.00039947484,Baixo
4510,L51689,L,302.4,310.1,1429,43.7,104,0,0,0,0,0,0,0,0.00018035856,Baixo
4511,L51690,L,302.4,310.2,1346,62.4,106,1,0,1,0,0,0,1,0.99993885,Crítico
4512,L51691,L,302.5,310.2,1454,43.0,108,0,0,0,0,0,0,0,2.4232782e-05,Baixo
4513,M19372,M,302.5,310.3,1411,49.5,110,0,0,0,0,0,0,0,0.0007530101,Baixo
4514,L51693,L,302.4,310.3,1900,24.4,113,0,0,0,0,0,0,0,0.00012854002,Baixo
4515,L51694,L,302.4,310.3,1479,36.2,115,0,0,0,0,0,0,0,4.2890144e-05,Baixo
4516,L51695,L,302.5,310.4,1415,48.2,117,0,0,0,0,0,0,0,0.0005335263,Baixo
4517,L51696,L,302.5,310.3,1539,39.0,119,0,0,0,0,0,0,0,0.000109826186,Baixo
4518,L51697,L,302.4,310.3,1520,31.6,121,0,0,0,0,0,0,0,9.72777e-05,Baixo
4519,L51698,L,302.4,310.3,1480,45.8,123,0,0,0,0,0,0,0,5.218763e-05,Baixo
4520,L51699,L,302.4,310.4,1666,29.7,125,0,0,0,0,0,0,0,1.2594305e-05,Baixo
4521,L51700,L,302.4,310.4,1456,47.6,127,0,0,0,0,0,0,0,0.0004338314,Baixo
4522,L51701,L,302.4,310.4,1865,23.9,129,0,0,0,0,0,0,0,4.7571193e-05,Baixo
4523,M19382,M,302.5,310.5,1918,21.6,131,0,0,0,0,0,0,0,0.00018250577,Baixo
4524,L51703,L,302.5,310.4,1488,48.4,134,0,0,0,0,0,0,0,0.0003433774,Baixo
4525,M19384,M,302.5,310.5,1527,38.8,136,0,0,0,0,0,0,0,0.00030903704,Baixo
4526,M19385,M,302.4,310.4,1463,42.2,139,0,0,0,0,0,0,0,6.957324e-05,Baixo
4527,L51706,L,302.4,310.4,1521,38.5,142,0,0,0,0,0,0,0,0.00029313576,Baixo
4528,M19387,M,302.4,310.5,1372,45.7,144,1,0,1,0,0,0,1,0.9998641,Crítico
4529,L51708,L,302.5,310.5,1507,39.5,147,0,0,0,0,0,0,0,5.007687e-05,Baixo
4530,M19389,M,302.4,310.4,1586,34.3,149,0,0,0,0,0,0,0,8.752311e-06,Baixo
4531,L51710,L,302.5,310.4,1487,42.0,152,0,0,0,0,0,0,0,6.2581574e-05,Baixo
4532,L51711,L,302.5,310.5,1520,41.2,154,0,0,0,0,0,0,0,6.0523602e-05,Baixo
4533,H33946,H,302.5,310.4,1422,41.9,156,0,0,0,0,0,0,0,4.618056e-05,Baixo
4534,M19393,M,302.4,310.3,1375,52.5,161,1,0,1,0,0,0,1,0.999928,Crítico
4535,L51714,L,302.4,310.2,1633,28.0,164,0,0,0,0,0,0,0,5.9323525e-06,Baixo
4536,L51715,L,302.4,310.2,1503,36.2,166,0,0,0,0,0,0,0,2.687095e-05,Baixo
4537,L51716,L,302.4,310.2,1351,45.1,168,1,0,1,0,0,0,1,0.9999777,Crítico
4538,L51717,L,302.3,310.2,1548,35.3,170,0,0,0,0,0,0,0,3.615603e-05,Baixo
4539,L51718,L,302.4,310.3,1923,23.3,172,0,0,0,0,0,0,0,9.983365e-05,Baixo
4540,L51719,L,302.5,310.3,1592,32.6,174,0,0,0,0,0,0,0,3.1498341e-06,Baixo
4541,M19400,M,302.5,310.4,1580,35.6,176,0,0,0,0,0,0,0,3.7493828e-06,Baixo
4542,L51721,L,302.5,310.4,1427,46.8,179,0,0,0,0,0,0,0,0.0009386373,Baixo
4543,M19402,M,302.5,310.4,1581,32.7,181,0,0,0,0,0,0,0,5.531261e-06,Baixo
4544,M19403,M,302.6,310.5,1542,39.9,184,0,0,0,0,0,0,0,2.3360199e-05,Baixo
4545,L51724,L,302.5,310.4,1349,55.1,187,1,0,1,0,0,0,1,0.9998784,Crítico
4546,L51725,L,302.5,310.5,1463,43.0,189,0,0,0,0,0,0,0,2.3001177e-05,Baixo
4547,M19406,M,302.5,310.4,1429,43.2,191,0,0,0,0,0,0,0,4.1307343e-05,Baixo
4548,M19407,M,302.5,310.4,1451,53.6,194,0,0,0,0,0,0,0,0.0008871847,Baixo
4549,L51728,L,302.6,310.5,1511,37.2,197,0,0,0,0,0,0,0,6.799916e-05,Baixo
4550,L51729,L,302.6,310.6,1549,37.5,199,0,0,0,0,0,0,0,0.03024634,Baixo
4551,M19410,M,302.5,310.5,1507,40.2,201,0,0,0,0,0,0,0,3.2211436e-05,Baixo
4552,M19411,M,302.6,310.5,1524,33.7,204,0,0,0,0,0,0,0,0.016887058,Baixo
4553,M19412,M,302.7,310.5,1880,22.7,207,0,0,0,0,0,0,0,0.08032147,Baixo
4554,L51733,L,302.6,310.5,1461,45.4,0,0,0,0,0,0,0,0,0.0003177562,Baixo
4555,L51734,L,302.6,310.5,1748,28.2,2,0,0,0,0,0,0,0,1.8845112e-05,Baixo
4556,L51735,L,302.7,310.6,1690,26.7,4,0,0,0,0,0,0,0,0.0002704013,Baixo
4557,M19416,M,302.7,310.6,1349,51.2,6,1,0,1,0,0,0,1,0.99992037,Crítico
4558,L51737,L,302.7,310.6,1686,26.3,9,0,0,0,0,0,0,0,0.00018352662,Baixo
4559,L51738,L,302.7,310.7,1369,47.5,11,1,0,1,0,0,0,1,0.99991083,Crítico
4560,L51739,L,302.7,310.7,1433,43.7,13,0,0,0,0,0,0,0,0.0003101542,Baixo
4561,L51740,L,302.7,310.7,1597,41.9,15,0,0,0,0,0,0,0,0.00018118057,Baixo
4562,L51741,L,302.9,310.8,1610,32.2,17,0,0,0,0,0,0,0,7.599777e-06,Baixo
4563,L51742,L,302.7,310.7,1398,57.7,19,0,0,0,0,0,0,0,0.015184827,Baixo
4564,L51743,L,302.7,310.7,1977,20.0,21,0,0,0,0,0,0,0,4.2551674e-05,Baixo
4565,L51744,L,302.8,310.8,1516,39.5,23,0,0,0,0,0,0,0,2.9192423e-05,Baixo
4566,H33979,H,302.7,310.8,1275,55.0,25,1,0,1,0,0,0,1,0.9983734,Crítico
4567,L51746,L,302.8,310.8,1402,50.5,30,0,0,0,0,0,0,0,0.0011443103,Baixo
4568,M19427,M,302.8,310.8,1451,44.7,32,0,0,0,0,0,0,0,0.00019636493,Baixo
4569,M19428,M,302.7,310.8,1555,36.1,35,0,0,0,0,0,0,0,7.0439146e-06,Baixo
4570,L51749,L,302.8,310.9,1636,35.0,38,0,0,0,0,0,0,0,3.3567462e-06,Baixo
4571,L51750,L,302.8,310.9,1312,52.2,40,1,0,1,0,0,0,1,0.99987495,Crítico
4572,L51751,L,302.8,310.9,1708,29.8,42,0,0,0,0,0,0,0,0.00028376133,Baixo
4573,M19432,M,302.9,311.0,1556,36.5,44,0,0,0,0,0,0,0,9.721077e-06,Baixo
4574,H33987,H,302.8,311.0,1436,43.5,47,0,0,0,0,0,0,0,4.8773827e-06,Baixo
4575,M19434,M,302.9,311.0,1402,40.7,52,0,0,0,0,0,0,0,9.295569e-05,Baixo
4576,M19435,M,302.9,311.0,1437,49.9,55,0,0,0,0,0,0,0,7.9669364e-05,Baixo
4577,M19436,M,302.9,311.1,1926,21.8,58,0,0,0,0,0,0,0,5.428367e-05,Baixo
4578,L51757,L,303.0,311.2,1800,23.7,61,0,0,0,0,0,0,0,1.5269603e-06,Baixo
4579,L51758,L,303.0,311.2,1641,32.6,63,0,0,0,0,0,0,0,1.0068178e-06,Baixo
4580,L51759,L,303.0,311.2,1374,48.2,65,1,0,1,0,0,0,1,0.99955744,Crítico
4581,L51760,L,303.0,311.2,1494,37.0,67,0,0,0,0,0,0,0,7.4608506e-05,Baixo
4582,L51761,L,303.0,311.2,1601,32.9,69,0,0,0,0,0,0,0,2.1322849e-06,Baixo
4583,L51762,L,302.9,311.2,1634,36.9,71,0,0,0,0,0,0,0,2.0053398e-05,Baixo
4584,M19443,M,302.9,311.2,1467,37.7,73,0,0,0,0,0,0,0,0.0001794477,Baixo
4585,L51764,L,302.8,311.1,1550,32.3,76,0,0,0,0,0,0,0,1.09804305e-05,Baixo
4586,L51765,L,302.8,311.1,1563,32.2,78,0,0,0,0,0,0,0,1.8435943e-06,Baixo
4587,L51766,L,302.7,310.9,1395,48.3,80,0,0,0,0,0,0,0,0.009218934,Baixo
4588,M19447,M,302.8,311.0,1507,33.4,82,0,0,0,0,0,0,0,1.8579918e-05,Baixo
4589,L51768,L,302.8,311.0,1564,38.5,85,0,0,0,0,0,0,0,7.6081524e-06,Baixo
4590,L51769,L,302.8,311.1,1721,30.0,87,0,0,0,0,0,0,0,8.093267e-07,Baixo
4591,L51770,L,302.8,311.1,1456,36.1,89,0,0,0,0,0,0,0,0.00014803087,Baixo
4592,H34005,H,302.9,311.2,2102,17.8,91,0,0,0,0,0,0,0,1.05123745e-05,Baixo
4593,L51772,L,302.9,311.1,1555,33.9,96,0,0,0,0,0,0,0,5.597602e-07,Baixo
4594,L51773,L,303.0,311.2,1409,41.9,98,0,0,0,0,0,0,0,0.00031563092,Baixo
4595,M19454,M,303.0,311.2,1387,41.4,100,0,0,0,0,0,0,0,0.0051210294,Baixo
4596,M19455,M,303.0,311.2,1460,43.9,103,0,0,0,0,0,0,0,7.709958e-06,Baixo
4597,L51776,L,303.0,311.2,1361,47.6,106,1,0,1,0,0,0,1,0.99922955,Crítico
4598,M19457,M,303.0,311.1,1490,43.0,108,0,0,0,0,0,0,0,3.140323e-05,Baixo
4599,L51778,L,303.1,311.2,1399,49.2,111,0,0,0,0,0,0,0,0.0023222566,Baixo
4600,L51779,L,303.1,311.1,1420,55.8,113,0,0,0,0,0,0,0,0.00035089225,Baixo
4601,L51780,L,303.0,311.0,1359,44.2,115,1,0,1,0,0,0,1,0.9998319,Crítico
4602,M19461,M,303.0,311.1,1372,54.3,117,1,0,1,0,0,0,1,0.9995295,Crítico
4603,M19462,M,303.0,311.0,1409,41.7,120,0,0,0,0,0,0,0,0.00080522115,Baixo
4604,H34017,H,302.9,311.0,1452,58.3,123,0,0,0,0,0,0,0,0.14287788,Baixo
4605,L51784,L,302.9,311.0,1820,24.6,128,0,0,0,0,0,0,0,3.0857814e-06,Baixo
4606,H34019,H,302.9,311.0,1469,48.7,130,0,0,0,0,0,0,0,4.5068053e-05,Baixo
4607,L51786,L,302.9,311.1,1556,45.3,135,0,0,0,0,0,0,0,2.3430694e-06,Baixo
4608,L51787,L,303.0,311.1,1980,20.2,137,0,0,0,0,0,0,0,1.0597572e-05,Baixo
4609,M19468,M,303.0,311.2,1519,38.0,139,0,0,0,0,0,0,0,1.1675598e-05,Baixo
4610,L51789,L,303.0,311.2,1456,44.0,142,0,0,0,0,0,0,0,8.1907665e-06,Baixo
4611,L51790,L,303.1,311.2,1394,45.3,144,0,0,0,0,0,0,0,0.000646187,Baixo
4612,L51791,L,303.0,311.3,1365,56.2,146,1,0,1,0,0,0,1,0.9994924,Crítico
4613,L51792,L,303.0,311.3,2194,16.5,148,0,0,0,0,0,0,0,2.8120303e-06,Baixo
4614,L51793,L,303.1,311.3,1403,55.6,150,0,0,0,0,0,0,0,0.015418572,Baixo
4615,H34028,H,303.0,311.2,1503,37.0,152,0,0,0,0,0,0,0,1.9161142e-05,Baixo
4616,L51795,L,303.0,311.3,1793,29.3,157,0,0,0,0,0,0,0,2.4939195e-07,Baixo
4617,L51796,L,303.1,311.4,1829,24.5,159,0,0,0,0,0,0,0,3.0441947e-07,Baixo
4618,M19477,M,303.1,311.4,1831,23.3,161,0,0,0,0,0,0,0,5.7459697e-06,Baixo
4619,M19478,M,303.0,311.3,1335,53.6,164,1,0,1,0,0,0,1,0.9998252,Crítico
4620,H34033,H,303.1,311.3,2056,19.7,167,0,0,0,0,0,0,0,4.151287e-06,Baixo
4621,L51800,L,303.1,311.3,1336,52.6,172,1,0,1,0,0,0,1,0.9995005,Crítico
4622,L51801,L,303.0,311.2,1341,51.0,174,1,0,1,0,0,0,1,0.99941516,Crítico
4623,M19482,M,303.0,311.1,1526,37.3,176,0,0,0,0,0,0,0,1.5021175e-06,Baixo
4624,L51803,L,303.0,311.1,1525,40.7,179,0,0,0,0,0,0,0,1.6540112e-05,Baixo
4625,M19484,M,303.0,311.1,1428,39.8,181,0,0,0,0,0,0,0,2.8157066e-05,Baixo
4626,L51805,L,303.0,311.2,1511,45.7,184,0,0,0,0,0,0,0,0.00011307793,Baixo
4627,L51806,L,303.0,311.2,1664,29.8,186,0,0,0,0,0,0,0,1.8233986e-06,Baixo
4628,M19487,M,303.0,311.2,1592,38.9,188,0,0,0,0,0,0,0,1.6941469e-05,Baixo
4629,M19488,M,303.0,311.1,1597,36.7,191,0,0,0,0,0,0,0,1.7026812e-05,Baixo
4630,L51809,L,303.0,311.2,1735,26.1,194,0,0,0,0,0,0,0,9.3328987e-07,Baixo
4631,L51810,L,302.9,311.2,1751,23.8,196,0,0,0,0,0,0,0,7.8613306e-07,Baixo
4632,L51811,L,303.0,311.2,1383,44.6,198,0,0,0,0,0,0,0,0.32078364,Moderado
4633,M19492,M,302.9,311.2,1330,53.7,200,1,0,1,0,0,0,1,0.9114319,Crítico
4634,L51813,L,303.0,311.2,1382,50.5,203,0,0,0,0,0,0,0,0.5761425,Moderado
4635,L51814,L,303.0,311.2,1755,30.4,205,0,0,0,0,0,0,0,0.0017336484,Baixo
4636,M19495,M,303.0,311.2,1614,35.7,207,0,0,0,0,0,0,0,0.006528051,Baixo
4637,L51816,L,303.0,311.3,1466,43.0,210,0,0,0,0,0,0,0,0.0010652915,Baixo
4638,M19497,M,303.1,311.3,1847,24.7,212,0,0,0,0,0,0,0,0.0005269357,Baixo
4639,L51818,L,303.1,311.3,1474,34.8,215,0,0,0,0,0,0,0,0.02827082,Baixo
4640,L51819,L,303.1,311.3,1657,31.8,217,0,0,0,0,0,0,0,0.00096090796,Baixo
4641,L51820,L,303.1,311.2,1435,40.1,219,0,0,0,0,0,0,0,0.008884887,Baixo
4642,H34055,H,303.1,311.3,1494,42.7,221,0,0,0,0,0,0,0,0.00016096505,Baixo
4643,L51822,L,303.2,311.4,1238,54.6,226,1,0,1,0,1,0,2,0.99999845,Crítico
4644,L51823,L,303.2,311.4,1324,54.2,228,1,0,1,0,1,0,2,0.9999999,Crítico
4645,L51824,L,303.2,311.4,1514,41.2,230,0,0,0,0,0,0,0,0.32840487,Moderado
4646,L51825,L,303.3,311.4,1732,25.6,232,0,0,0,0,0,0,0,0.9684947,Crítico
4647,L51826,L,303.3,311.4,1497,46.0,234,1,1,0,0,0,0,1,0.36189997,Moderado
4648,L51827,L,303.3,311.4,1958,21.5,0,0,0,0,0,0,0,0,1.0049722e-05,Baixo
4649,L51828,L,303.3,311.4,1630,32.5,2,0,0,0,0,0,0,0,6.828377e-05,Baixo
4650,M19509,M,303.3,311.4,1395,59.1,4,0,0,0,0,0,0,0,0.21279795,Baixo
4651,L51830,L,303.3,311.4,1658,30.5,7,0,0,0,0,0,0,0,7.490236e-06,Baixo
4652,L51831,L,303.2,311.4,1349,51.1,9,1,0,1,0,0,0,1,0.999884,Crítico
4653,L51832,L,303.1,311.2,1452,52.9,11,0,0,0,0,0,0,0,0.0021042048,Baixo
4654,M19513,M,303.1,311.1,1594,35.5,13,0,0,0,0,0,0,0,6.293671e-06,Baixo
4655,M19514,M,303.1,311.0,1510,47.6,16,0,0,0,0,0,0,0,0.00016708413,Baixo
4656,L51835,L,303.1,311.1,1854,22.6,19,0,0,0,0,0,0,0,4.731029e-06,Baixo
4657,L51836,L,303.1,311.2,1626,32.3,21,0,0,0,0,0,0,0,2.3387533e-07,Baixo
4658,L51837,L,303.1,311.2,1628,35.2,23,0,0,0,0,0,0,0,2.1181937e-05,Baixo
4659,L51838,L,303.1,311.2,1679,34.8,25,0,0,0,0,0,0,0,3.7442553e-07,Baixo
4660,M19519,M,303.1,311.2,1489,44.5,27,0,0,0,0,0,0,0,1.352328e-05,Baixo
4661,L51840,L,303.2,311.2,1439,43.9,30,0,0,0,0,0,0,0,8.4456115e-06,Baixo
4662,L51841,L,303.3,311.3,1350,48.1,32,1,0,1,0,0,0,1,0.9998159,Crítico
4663,H34076,H,303.3,311.2,1607,31.7,34,0,0,0,0,0,0,0,1.9351846e-06,Baixo
4664,L51843,L,303.3,311.3,1389,53.9,39,0,0,0,0,0,0,0,0.0010388294,Baixo
4665,M19524,M,303.3,311.3,1566,46.1,41,0,0,0,0,0,0,0,1.6753425e-05,Baixo
4666,M19525,M,303.4,311.4,1307,54.0,44,1,0,1,0,0,0,1,0.9985475,Crítico
4667,M19526,M,303.3,311.5,1569,36.6,47,0,0,0,0,0,0,0,5.443312e-05,Baixo
4668,H34081,H,303.3,311.4,1651,30.6,50,0,0,0,0,0,0,0,1.6977592e-06,Baixo
4669,H34082,H,303.3,311.4,1692,27.9,55,0,0,0,0,0,0,0,2.4579401e-06,Baixo
4670,M19529,M,303.3,311.5,1373,47.3,60,1,0,1,0,0,0,1,0.9997657,Crítico
4671,L51850,L,303.2,311.4,1610,35.5,63,0,0,0,0,0,0,0,6.850977e-05,Baixo
4672,L51851,L,303.3,311.4,1511,43.4,65,0,0,0,0,0,0,0,5.403195e-05,Baixo
4673,L51852,L,303.3,311.5,1412,55.6,67,0,0,0,0,0,0,0,0.00021483652,Baixo
4674,L51853,L,303.4,311.5,1501,36.2,69,0,0,0,0,0,0,0,3.9382227e-05,Baixo
4675,L51854,L,303.4,311.5,1414,44.8,71,0,0,0,0,0,0,0,4.3062562e-05,Baixo
4676,H34089,H,303.5,311.5,1629,33.5,73,0,0,0,0,0,0,0,5.251693e-06,Baixo
4677,L51856,L,303.4,311.5,1879,21.3,78,0,0,0,0,0,0,0,7.992122e-06,Baixo
4678,H34091,H,303.5,311.6,1466,47.0,80,0,0,0,0,0,0,0,2.498855e-05,Baixo
4679,H34092,H,303.6,311.7,1476,40.1,85,0,0,0,0,0,0,0,0.00012293947,Baixo
4680,L51859,L,303.6,311.8,1695,30.7,90,0,0,0,0,0,0,0,5.0300187e-06,Baixo
4681,L51860,L,303.6,311.7,1491,39.8,92,0,0,0,0,0,0,0,6.106648e-06,Baixo
4682,M19541,M,303.6,311.8,1659,34.7,94,0,0,0,0,0,0,0,2.1998065e-05,Baixo
4683,L51862,L,303.6,311.8,1567,31.7,97,0,0,0,0,0,0,0,2.264195e-05,Baixo
4684,L51863,L,303.6,311.8,1736,32.9,99,0,0,0,0,0,0,0,6.044755e-06,Baixo
4686,M19545,M,303.6,311.8,1627,30.8,104,0,0,0,0,0,0,0,2.3951221e-05,Baixo
4687,M19546,M,303.5,311.6,1562,34.2,107,0,0,0,0,0,0,0,2.5805932e-05,Baixo
4688,L51867,L,303.5,311.6,2183,17.0,110,0,0,0,0,0,0,0,2.0944291e-05,Baixo
4689,L51868,L,303.5,311.6,1577,38.1,112,0,0,0,0,0,0,0,2.2365155e-05,Baixo
4690,M19549,M,303.4,311.5,1560,36.4,114,0,0,0,0,0,0,0,1.6285363e-05,Baixo
4691,M19550,M,303.4,311.5,1483,43.0,117,0,0,0,0,0,0,0,5.96337e-05,Baixo
4692,L51871,L,303.5,311.5,1535,33.3,120,0,0,0,0,0,0,0,1.7296474e-05,Baixo
4693,M19552,M,303.4,311.4,1606,29.6,122,0,0,0,0,0,0,0,7.5163684e-06,Baixo
4694,M19553,M,303.4,311.5,1817,24.7,125,0,0,0,0,0,0,0,2.6987978e-05,Baixo
4695,L51874,L,303.4,311.5,1424,50.8,128,0,0,0,0,0,0,0,8.7028915e-05,Baixo
4696,L51875,L,303.3,311.6,1514,34.7,130,0,0,0,0,0,0,0,0.00020462763,Baixo
4697,L51876,L,303.4,311.6,1449,41.7,132,0,0,0,0,0,0,0,1.1065463e-05,Baixo
4698,M19557,M,303.5,311.6,1573,34.0,134,0,0,0,0,0,0,0,1.01940495e-05,Baixo
4699,L51878,L,303.4,311.6,1564,41.9,137,0,0,0,0,0,0,0,2.2387861e-05,Baixo
4700,L51879,L,303.5,311.6,1428,46.2,139,0,0,0,0,0,0,0,0.00076987344,Baixo
4701,L51880,L,303.5,311.7,1620,31.0,141,0,0,0,0,0,0,0,2.7623998e-06,Baixo
4702,H34115,H,303.5,311.7,1584,32.7,143,0,0,0,0,0,0,0,2.0848738e-05,Baixo
4703,L51882,L,303.6,311.8,1222,66.8,148,1,0,1,0,0,0,1,0.9771238,Crítico
4704,M19563,M,303.6,311.8,1432,42.5,150,0,0,0,0,0,0,0,9.811063e-06,Baixo
4705,L51884,L,303.7,311.9,1561,33.3,153,0,0,0,0,0,0,0,0.000118725686,Baixo
4706,L51885,L,303.6,311.8,1614,33.2,155,0,0,0,0,0,0,0,2.6041284e-06,Baixo
4707,L51886,L,303.5,311.7,1959,22.3,157,0,0,0,0,0,0,0,2.0205443e-06,Baixo
4708,L51887,L,303.5,311.8,1944,23.5,159,0,0,0,0,0,0,0,6.0845928e-06,Baixo
4709,L51888,L,303.4,311.7,1793,25.8,161,0,0,0,0,0,0,0,4.1786107e-06,Baixo
4710,M19569,M,303.4,311.6,1446,50.0,163,0,0,0,0,0,0,0,0.000320254,Baixo
4711,L51890,L,303.4,311.7,1673,32.2,166,0,0,0,0,0,0,0,3.1974767e-07,Baixo
4712,M19571,M,303.4,311.7,1515,44.2,168,0,0,0,0,0,0,0,9.962965e-05,Baixo
4713,L51892,L,303.4,311.8,1564,35.9,171,0,0,0,0,0,0,0,2.5215511e-05,Baixo
4714,L51893,L,303.5,311.8,1451,45.2,173,0,0,0,0,0,0,0,0.00014032896,Baixo
4715,H34128,H,303.4,311.8,1693,28.3,175,0,0,0,0,0,0,0,6.758311e-06,Baixo
4716,L51895,L,303.4,311.7,1476,42.3,180,0,0,0,0,0,0,0,5.475142e-06,Baixo
4717,L51896,L,303.4,311.6,1712,30.1,182,0,0,0,0,0,0,0,2.5172244e-06,Baixo
4718,M19577,M,303.4,311.6,1425,45.4,184,0,0,0,0,0,0,0,0.00018014976,Baixo
4719,L51898,L,303.3,311.6,1337,56.8,187,1,0,1,0,0,0,1,0.999308,Crítico
4720,M19579,M,303.4,311.7,1690,34.9,189,0,0,0,0,0,0,0,1.2910832e-05,Baixo
4721,M19580,M,303.4,311.7,1353,44.1,192,1,0,1,0,0,0,1,0.97061676,Crítico
4722,L51901,L,303.5,311.8,1927,21.9,195,0,0,0,0,0,0,0,2.7708045e-05,Baixo
4723,M19582,M,303.4,311.8,1391,42.7,197,0,0,0,0,0,0,0,0.0007443942,Baixo
4724,L51903,L,303.4,311.8,1366,50.9,200,1,0,1,0,0,0,1,0.99818796,Crítico
4725,L51904,L,303.4,311.9,1771,31.6,202,0,0,0,0,0,0,0,2.1584528e-05,Baixo
4726,M19585,M,303.4,311.8,1515,42.6,204,0,0,0,0,0,0,0,0.0014159933,Baixo
4727,M19586,M,303.4,311.8,2133,18.3,207,0,0,0,0,0,0,0,0.040025506,Baixo
4728,M19587,M,303.4,311.8,1341,47.0,210,1,0,1,0,0,0,1,0.9998173,Crítico
4729,L51908,L,303.4,311.7,1406,47.1,213,0,0,0,0,0,0,0,0.86299837,Crítico
4730,L51909,L,303.4,311.8,1306,61.0,215,1,0,1,0,1,0,2,0.99999976,Crítico
4731,L51910,L,303.3,311.7,1508,35.5,217,0,0,0,0,0,0,0,0.79573923,Alto
4732,L51911,L,303.3,311.6,1301,45.1,219,1,0,1,0,0,0,1,0.9859211,Crítico
4733,L51912,L,303.3,311.7,1539,38.5,221,0,0,0,0,0,0,0,0.005828502,Baixo
4734,L51913,L,303.3,311.6,1484,44.6,223,0,0,0,0,0,0,0,0.004232355,Baixo
4735,L51914,L,303.2,311.5,1507,39.2,225,0,0,0,0,0,0,0,0.012251455,Baixo
4736,L51915,L,303.2,311.5,1544,42.5,227,0,0,0,0,0,0,0,0.01139286,Baixo
4737,L51916,L,303.2,311.5,1513,37.9,0,0,0,0,0,0,0,0,0.00036623902,Baixo
4738,M19597,M,303.2,311.5,1336,58.2,2,1,0,1,0,0,0,1,0.99883837,Crítico
4739,M19598,M,303.2,311.4,2102,19.0,5,0,0,0,0,0,0,0,0.00065659056,Baixo
4740,L51919,L,303.2,311.4,1351,53.8,8,1,0,1,0,0,0,1,0.99900645,Crítico
4741,L51920,L,303.3,311.5,1601,35.2,10,0,0,0,0,0,0,0,2.1904512e-05,Baixo
4742,L51921,L,303.2,311.3,1393,52.9,12,0,0,0,0,0,0,0,0.00066948665,Baixo
4743,L51922,L,303.3,311.3,1592,33.7,14,0,0,0,0,0,0,0,2.1876144e-06,Baixo
4744,L51923,L,303.3,311.3,1409,51.8,16,0,0,0,0,0,0,0,0.00013844603,Baixo
4745,L51924,L,303.3,311.3,1393,47.4,18,0,0,0,0,0,0,0,0.00030662492,Baixo
4746,H34159,H,303.2,311.2,1475,43.1,20,0,0,0,0,0,0,0,3.0411816e-06,Baixo
4747,L51926,L,303.2,311.2,1427,45.6,25,0,0,0,0,0,0,0,0.0002718512,Baixo
4748,L51927,L,303.3,311.2,1763,27.3,27,0,0,0,0,0,0,0,1.9579325e-06,Baixo
4749,L51928,L,303.2,311.2,1363,46.7,29,1,0,1,0,0,0,1,0.9998386,Crítico
4750,L51929,L,303.2,311.2,1404,50.9,31,0,0,0,0,0,0,0,0.00010948332,Baixo
4751,M19610,M,303.2,311.2,1688,31.9,33,0,0,0,0,0,0,0,1.1804374e-05,Baixo
4752,L51931,L,303.3,311.4,1510,37.3,36,0,0,0,0,0,0,0,4.9077116e-05,Baixo
4753,H34166,H,303.3,311.3,1502,39.5,38,0,0,0,0,0,0,0,3.614564e-06,Baixo
4754,H34167,H,303.2,311.4,1607,36.6,43,0,0,0,0,0,0,0,2.4469105e-06,Baixo
4755,M19614,M,303.3,311.5,1384,54.8,48,0,0,0,0,0,0,0,0.004313033,Baixo
4756,L51935,L,303.4,311.7,1295,51.3,51,1,0,1,0,0,0,1,0.9991223,Crítico
4757,H34170,H,303.4,311.7,1991,19.0,53,0,0,0,0,0,0,0,3.6709698e-05,Baixo
4758,L51937,L,303.4,311.6,1497,42.8,58,0,0,0,0,0,0,0,8.3528475e-06,Baixo
4759,L51938,L,303.5,311.6,1465,48.7,60,0,0,0,0,0,0,0,4.569265e-05,Baixo
4760,L51939,L,303.5,311.6,1361,46.5,62,1,0,1,0,0,0,1,0.9998055,Crítico
4761,L51940,L,303.6,311.7,1546,38.5,64,0,0,0,0,0,0,0,3.3371384e-06,Baixo
4762,H34175,H,303.7,311.9,1332,52.7,66,1,0,1,0,0,0,1,0.9984699,Crítico
4763,M19622,M,303.7,312.0,2663,11.4,71,1,0,0,1,0,0,1,0.99919623,Crítico
4764,L51943,L,303.7,312.1,1443,45.9,74,0,0,0,0,0,0,0,0.00070650823,Baixo
4765,M19624,M,303.7,312.0,1402,48.6,76,0,0,0,0,0,0,0,0.00069712166,Baixo
4766,L51945,L,303.7,312.0,1892,22.5,79,0,0,0,0,0,0,0,1.9993513e-05,Baixo
4767,M19626,M,303.6,312.0,1645,35.7,81,0,0,0,0,0,0,0,1.5346364e-05,Baixo
4768,L51947,L,303.6,311.9,1473,50.1,84,0,0,0,0,0,0,0,0.00043723977,Baixo
4769,L51948,L,303.6,312.0,1309,52.9,86,1,0,1,0,0,0,1,0.9885462,Crítico
4770,H34183,H,303.6,311.9,1544,37.1,88,0,0,0,0,0,0,0,1.2583199e-05,Baixo
4771,L51950,L,303.5,311.9,1344,49.3,93,1,0,1,0,0,0,1,0.9732468,Crítico
4772,M19631,M,303.6,311.9,1617,36.0,95,0,0,0,0,0,0,0,0.00011657935,Baixo
4773,M19632,M,303.6,312.0,1435,37.9,98,0,0,0,0,0,0,0,0.00015213178,Baixo
4774,L51953,L,303.6,312.0,1391,50.3,101,0,0,0,0,0,0,0,0.0021024945,Baixo
4775,L51954,L,303.6,312.0,1827,23.3,103,0,0,0,0,0,0,0,1.2657331e-06,Baixo
4776,L51955,L,303.5,312.0,1761,25.8,105,0,0,0,0,0,0,0,9.290041e-06,Baixo
4777,L51956,L,303.5,312.1,1522,36.4,107,0,0,0,0,0,0,0,0.0002179154,Baixo
4778,M19637,M,303.5,312.2,1818,23.6,109,0,0,0,0,0,0,0,8.5233245e-07,Baixo
4779,H34192,H,303.6,312.2,1371,54.6,112,1,0,1,0,0,0,1,0.07684461,Baixo
4780,L51959,L,303.7,312.3,1511,38.9,117,0,0,0,0,0,0,0,4.7571343e-06,Baixo
4781,L51960,L,303.7,312.4,1404,46.6,119,0,0,0,0,0,0,0,5.3570504e-05,Baixo
4782,L51961,L,303.7,312.3,1384,45.9,121,0,0,0,0,0,0,0,4.152441e-05,Baixo
4783,L51962,L,303.8,312.5,1368,52.6,123,0,0,0,0,0,0,0,0.017407786,Baixo
4784,L51963,L,303.7,312.5,1641,36.0,125,0,0,0,0,0,0,0,2.438259e-06,Baixo
4785,L51964,L,303.9,312.6,1642,32.3,127,0,0,0,0,0,0,0,2.6412959e-06,Baixo
4786,H34199,H,303.9,312.7,1401,50.0,129,0,0,0,0,0,0,0,0.00016793128,Baixo
4787,L51966,L,303.8,312.6,1577,41.3,134,0,0,0,0,0,0,0,1.7707454e-06,Baixo
4788,L51967,L,303.7,312.6,1396,44.1,136,0,0,0,0,0,0,0,2.772906e-05,Baixo
4789,H34202,H,303.7,312.6,1514,35.5,138,0,0,0,0,0,0,0,0.0002280981,Baixo
4790,L51969,L,303.8,312.8,1646,35.8,143,0,0,0,0,0,0,0,7.774763e-06,Baixo
4791,L51970,L,303.8,312.8,1443,40.7,145,0,0,0,0,0,0,0,6.0320403e-06,Baixo
4792,M19651,M,303.7,312.7,1469,48.5,147,0,0,0,0,0,0,0,3.2960976e-05,Baixo
4793,H34206,H,303.7,312.7,1564,40.2,150,0,0,0,0,0,0,0,4.2062476e-07,Baixo
4794,H34207,H,303.6,312.6,1498,40.2,155,0,0,0,0,0,0,0,3.4242842e-06,Baixo
4795,L51974,L,303.6,312.6,1699,27.9,160,0,0,0,0,0,0,0,3.6316672e-07,Baixo
4796,L51975,L,303.6,312.5,1431,49.0,162,0,0,0,0,0,0,0,4.784597e-06,Baixo
4797,L51976,L,303.5,312.4,1390,47.3,164,0,0,0,0,0,0,0,5.423026e-06,Baixo
4798,L51977,L,303.5,312.5,1380,46.1,166,0,0,0,0,0,0,0,7.758966e-05,Baixo
4799,L51978,L,303.5,312.5,1457,46.4,168,0,0,0,0,0,0,0,7.7123455e-05,Baixo
4800,L51979,L,303.5,312.5,1418,42.2,170,0,0,0,0,0,0,0,3.5425403e-06,Baixo
4801,M19660,M,303.5,312.5,1353,51.0,172,0,0,0,0,0,0,0,0.00051552505,Baixo
4802,L51981,L,303.5,312.4,1574,32.7,175,0,0,0,0,0,0,0,2.3084335e-06,Baixo
4803,M19662,M,303.5,312.4,1318,54.2,177,0,0,0,0,0,0,0,0.0003642364,Baixo
4804,L51983,L,303.6,312.5,1710,31.4,180,0,0,0,0,0,0,0,3.6405618e-06,Baixo
4805,L51984,L,303.7,312.6,1621,38.8,182,0,0,0,0,0,0,0,1.5552988e-06,Baixo
4806,L51985,L,303.6,312.6,1606,33.6,184,0,0,0,0,0,0,0,3.124884e-06,Baixo
4807,H34220,H,303.6,312.5,1375,54.0,186,0,0,0,0,0,0,0,0.024549324,Baixo
4808,L51987,L,303.5,312.4,1503,36.5,191,0,0,0,0,0,0,0,7.6921024e-05,Baixo
4809,L51988,L,303.5,312.3,1404,48.6,193,0,0,0,0,0,0,0,0.00040464717,Baixo
4810,L51989,L,303.4,312.2,1656,32.7,195,0,0,0,0,0,0,0,1.6616681e-05,Baixo
4811,M19670,M,303.4,312.1,1499,39.4,197,0,0,0,0,0,0,0,0.00010039824,Baixo
4812,M19671,M,303.4,312.0,1748,28.4,200,0,0,0,0,0,0,0,8.738475e-05,Baixo
4813,L51992,L,303.4,311.9,1531,37.9,203,0,0,0,0,0,0,0,0.0024270618,Baixo
4814,M19673,M,303.3,311.8,1536,40.6,205,0,0,0,0,0,0,0,0.0042917603,Baixo
4815,L51994,L,303.4,311.8,1401,53.0,208,1,0,0,0,1,0,1,0.8750365,Crítico
4816,H34229,H,303.4,311.9,1534,33.2,210,0,0,0,0,0,0,0,0.021766327,Baixo
4817,L51996,L,303.4,312.0,1521,35.9,215,1,1,0,0,0,0,1,0.02499075,Baixo
4818,L51997,L,303.5,312.1,1674,30.8,0,0,0,0,0,0,0,0,0.000120313714,Baixo
4819,M19678,M,303.6,312.1,1967,20.9,2,0,0,0,0,0,0,0,6.0408853e-05,Baixo
4820,L51999,L,303.6,312.2,1696,30.7,5,0,0,0,0,0,0,0,0.00048760674,Baixo
4821,M19680,M,303.6,312.1,1627,32.5,7,0,0,0,0,0,0,0,6.571545e-05,Baixo
4822,L52001,L,303.5,311.9,1405,45.6,10,0,0,0,0,0,0,0,0.00012124012,Baixo
4823,L52002,L,303.5,311.9,1565,38.9,12,0,0,0,0,0,0,0,8.9218396e-05,Baixo
4824,L52003,L,303.5,311.9,1493,38.7,14,0,0,0,0,0,0,0,0.00037190467,Baixo
4825,L52004,L,303.4,311.8,1499,45.0,16,0,0,0,0,0,0,0,2.4997678e-05,Baixo
4826,L52005,L,303.3,311.8,1692,30.6,18,0,0,0,0,0,0,0,1.944813e-05,Baixo
4827,L52006,L,303.4,311.8,2268,15.8,20,0,0,0,0,0,0,0,1.4593161e-05,Baixo
4828,L52007,L,303.4,311.8,1438,58.9,22,0,0,0,0,0,0,0,0.013879407,Baixo
4829,L52008,L,303.5,311.9,1515,39.2,24,0,0,0,0,0,0,0,4.4260592e-05,Baixo
4830,L52009,L,303.4,311.9,1491,38.2,26,0,0,0,0,0,0,0,0.00053277414,Baixo
4831,L52010,L,303.5,312.0,1756,29.7,28,0,0,0,0,0,0,0,0.00020629104,Baixo
4832,L52011,L,303.5,312.0,1366,54.5,30,1,0,1,0,0,0,1,0.97927254,Crítico
4833,L52012,L,303.5,312.0,1436,45.1,32,0,0,0,0,0,0,0,0.00012659415,Baixo
4834,L52013,L,303.4,311.9,1377,41.6,34,1,0,1,0,0,0,1,0.44635645,Moderado
4835,M19694,M,303.4,311.9,1510,42.2,36,0,0,0,0,0,0,0,8.81623e-06,Baixo
4836,M19695,M,303.4,311.9,1419,50.9,39,0,0,0,0,0,0,0,0.00033592034,Baixo
4837,L52016,L,303.3,311.8,1315,62.0,42,1,0,1,0,0,0,1,0.9966292,Crítico
4838,H34251,H,303.3,311.8,1806,27.7,44,0,0,0,0,0,0,0,4.7355655e-07,Baixo
4839,H34252,H,303.3,311.8,1649,29.4,49,0,0,0,0,0,0,0,9.894688e-07,Baixo
4840,H34253,H,303.4,311.9,1402,50.0,54,0,0,0,0,0,0,0,0.0002065337,Baixo
4841,L52020,L,303.4,311.9,1298,63.9,59,1,0,1,0,0,0,1,0.9811023,Crítico
4842,M19701,M,303.3,311.8,1441,44.9,61,0,0,0,0,0,0,0,0.00021956721,Baixo
4843,M19702,M,303.3,311.8,1489,49.4,64,0,0,0,0,0,0,0,3.3150212e-05,Baixo
4844,L52023,L,303.3,311.8,1842,24.5,67,0,0,0,0,0,0,0,1.5376952e-06,Baixo
4845,M19704,M,303.4,311.8,1316,50.9,69,1,0,1,0,0,0,1,0.99955994,Crítico
4846,M19705,M,303.3,311.8,1583,33.3,72,0,0,0,0,0,0,0,8.786237e-05,Baixo
4847,M19706,M,303.3,311.8,1548,33.5,75,0,0,0,0,0,0,0,0.000116657524,Baixo
4848,L52027,L,303.4,311.9,1434,44.6,78,0,0,0,0,0,0,0,5.3993783e-05,Baixo
4849,H34262,H,303.5,312.0,1397,52.9,80,0,0,0,0,0,0,0,0.0016941273,Baixo
4850,M19709,M,303.5,312.0,1475,42.9,85,0,0,0,0,0,0,0,6.8551984e-05,Baixo
4851,L52030,L,303.5,312.0,1441,56.8,88,0,0,0,0,0,0,0,0.010317309,Baixo
4852,L52031,L,303.7,312.1,1363,51.8,90,1,0,1,0,0,0,1,0.43247738,Moderado
4853,L52032,L,303.7,312.2,1619,34.9,92,0,0,0,0,0,0,0,4.256408e-06,Baixo
4854,L52033,L,303.7,312.2,1487,34.0,94,0,0,0,0,0,0,0,7.1150475e-06,Baixo
4855,L52034,L,303.7,312.2,1568,33.8,96,0,0,0,0,0,0,0,2.2016645e-06,Baixo
4856,L52035,L,303.7,312.3,1375,46.2,98,0,0,0,0,0,0,0,0.00092089124,Baixo
4857,M19716,M,303.6,312.3,1698,31.3,100,0,0,0,0,0,0,0,5.8939495e-06,Baixo
4858,L52037,L,303.7,312.3,1606,37.4,103,0,0,0,0,0,0,0,2.8311222e-06,Baixo
4859,L52038,L,303.7,312.3,1349,51.0,105,0,0,0,0,0,0,0,0.00532167,Baixo
4860,L52039,L,303.7,312.4,1535,38.6,107,0,0,0,0,0,0,0,1.5116381e-06,Baixo
4861,M19720,M,303.6,312.4,1504,49.5,109,0,0,0,0,0,0,0,0.000274412,Baixo
4862,L52041,L,303.5,312.3,1946,21.1,112,0,0,0,0,0,0,0,4.629274e-06,Baixo
4863,L52042,L,303.5,312.1,1326,55.7,114,0,0,0,0,0,0,0,0.9896796,Crítico
4864,M19723,M,303.6,312.3,1915,22.3,116,0,0,0,0,0,0,0,7.714088e-05,Baixo
4865,L52044,L,303.6,312.3,1451,43.4,119,0,0,0,0,0,0,0,9.229234e-06,Baixo
4866,M19725,M,303.5,312.3,1624,34.8,121,0,0,0,0,0,0,0,9.215831e-07,Baixo
4867,L52046,L,303.6,312.4,1781,28.7,124,0,0,0,0,0,0,0,1.4028406e-07,Baixo
4868,L52047,L,303.6,312.5,1345,54.1,126,0,0,0,0,0,0,0,0.001502792,Baixo
4869,L52048,L,303.6,312.4,1418,46.0,128,0,0,0,0,0,0,0,1.4556786e-05,Baixo
4870,L52049,L,303.7,312.4,1718,26.5,130,0,0,0,0,0,0,0,5.1424017e-06,Baixo
4871,M19730,M,303.7,312.4,1631,28.5,132,0,0,0,0,0,0,0,7.2928597e-06,Baixo
4872,L52051,L,303.7,312.4,1513,40.1,135,0,0,0,0,0,0,0,1.5724645e-05,Baixo
4873,L52052,L,303.7,312.4,1316,59.3,137,0,0,0,0,0,0,0,0.037303384,Baixo
4874,M19733,M,303.7,312.4,1474,38.8,139,0,0,0,0,0,0,0,1.6070635e-05,Baixo
4875,L52054,L,303.8,312.5,1619,30.9,142,0,0,0,0,0,0,0,2.6403816e-06,Baixo
4876,L52055,L,303.7,312.4,1702,31.2,144,0,0,0,0,0,0,0,1.725433e-07,Baixo
4877,M19736,M,303.7,312.4,1540,37.4,146,0,0,0,0,0,0,0,3.434865e-05,Baixo
4878,M19737,M,303.7,312.4,1546,33.7,149,0,0,0,0,0,0,0,5.7388796e-05,Baixo
4879,L52058,L,303.7,312.4,1348,51.0,152,0,0,0,0,0,0,0,0.0032191991,Baixo
4880,H34293,H,303.7,312.5,1520,35.6,154,0,0,0,0,0,0,0,1.8560013e-05,Baixo
4881,M19740,M,303.8,312.6,1527,41.9,159,0,0,0,0,0,0,0,2.1887048e-07,Baixo
4882,M19741,M,303.8,312.6,1406,47.1,162,0,0,0,0,0,0,0,8.75247e-05,Baixo
4883,L52062,L,303.7,312.5,1462,46.2,165,0,0,0,0,0,0,0,3.941559e-05,Baixo
4884,M19743,M,303.8,312.6,1684,29.3,167,0,0,0,0,0,0,0,9.664791e-06,Baixo
4885,H34298,H,303.8,312.5,1655,28.0,170,0,0,0,0,0,0,0,8.4372125e-08,Baixo
4886,H34299,H,303.8,312.5,1748,25.1,175,0,0,0,0,0,0,0,1.5399286e-07,Baixo
4887,L52066,L,303.8,312.5,1372,45.7,180,0,0,0,0,0,0,0,0.00061168475,Baixo
4888,L52067,L,303.7,312.5,1481,33.3,182,0,0,0,0,0,0,0,0.000101441125,Baixo
4889,L52068,L,303.7,312.4,1512,39.2,184,0,0,0,0,0,0,0,2.2997712e-05,Baixo
4890,L52069,L,303.7,312.5,1632,36.6,186,0,0,0,0,0,0,0,5.451335e-07,Baixo
4891,L52070,L,303.7,312.4,1525,43.9,188,0,0,0,0,0,0,0,5.7601903e-07,Baixo
4892,M19751,M,303.7,312.3,1756,26.4,190,0,0,0,0,0,0,0,9.165686e-06,Baixo
4893,L52072,L,303.7,312.3,1922,23.1,193,0,0,0,0,0,0,0,3.0960996e-07,Baixo
4894,M19753,M,303.8,312.5,1448,44.3,195,0,0,0,0,0,0,0,0.00012889903,Baixo
4895,H34308,H,303.8,312.5,1447,46.6,198,0,0,0,0,0,0,0,0.0002763004,Baixo
4896,M19755,M,303.8,312.4,1597,33.4,203,0,0,0,0,0,0,0,4.8697257e-05,Baixo
4897,M19756,M,303.7,312.4,1642,32.3,206,0,0,0,0,0,0,0,0.0015235412,Baixo
4898,H34311,H,303.8,312.5,1525,38.0,209,0,0,0,0,0,0,0,0.012284627,Baixo
4899,H34312,H,303.6,312.4,1460,53.7,214,0,0,0,0,0,0,0,0.9995283,Crítico
4900,L52079,L,303.6,312.3,2168,17.7,219,0,0,0,0,0,0,0,9.879585e-06,Baixo
4901,L52080,L,303.6,312.4,1388,41.9,221,0,0,0,0,0,0,0,0.12006956,Baixo
4902,M19761,M,303.6,312.3,1630,32.4,223,0,0,0,0,0,0,0,0.00012939965,Baixo
4903,L52082,L,303.6,312.3,1616,29.3,226,0,0,0,0,0,0,0,0.17800467,Baixo
4904,L52083,L,303.6,312.4,2232,16.8,0,0,0,0,0,0,0,0,0.00017217496,Baixo
4905,H34318,H,303.6,312.4,1480,50.7,2,0,0,0,0,0,0,0,7.747939e-06,Baixo
4906,L52085,L,303.6,312.4,1363,53.1,7,0,0,0,0,0,0,0,0.5280329,Moderado
4907,H34320,H,303.6,312.4,1436,45.6,9,0,0,0,0,0,0,0,0.00012940359,Baixo
4908,M19767,M,303.6,312.5,1607,33.7,14,0,0,0,0,0,0,0,1.7062783e-05,Baixo
4909,M19768,M,303.6,312.5,1459,48.2,17,0,0,0,0,0,0,0,1.6705675e-05,Baixo
4910,L52089,L,303.5,312.4,1481,43.7,20,0,0,0,0,0,0,0,7.844952e-06,Baixo
4911,M19770,M,303.5,312.4,1606,31.7,22,0,0,0,0,0,0,0,2.3051778e-06,Baixo
4912,L52091,L,303.5,312.3,1681,29.8,25,0,0,0,0,0,0,0,1.6606227e-06,Baixo
4913,L52092,L,303.5,312.2,1511,37.1,27,0,0,0,0,0,0,0,1.1326606e-05,Baixo
4914,M19773,M,303.5,312.3,1593,35.2,29,0,0,0,0,0,0,0,2.550833e-05,Baixo
4915,M19774,M,303.5,312.3,1532,41.7,32,0,0,0,0,0,0,0,1.7849954e-05,Baixo
4916,H34329,H,303.5,312.3,1386,49.0,35,0,0,0,0,0,0,0,3.8286427e-05,Baixo
4917,H34330,H,303.4,312.3,1769,27.9,40,0,0,0,0,0,0,0,4.6021927e-07,Baixo
4918,M19777,M,303.4,312.2,1561,38.2,45,0,0,0,0,0,0,0,1.1286139e-05,Baixo
4919,L52098,L,303.3,312.2,1457,40.7,48,0,0,0,0,0,0,0,2.7685476e-06,Baixo
4920,L52099,L,303.3,312.2,1506,40.0,50,0,0,0,0,0,0,0,1.2914933e-05,Baixo
4921,L52100,L,303.4,312.2,1337,69.4,52,1,0,0,1,0,0,1,0.9999465,Crítico
4922,L52101,L,303.4,312.3,1287,54.8,54,0,0,0,0,0,0,0,0.0071842484,Baixo
4923,M19782,M,303.4,312.2,1615,35.7,56,0,0,0,0,0,0,0,2.1356496e-05,Baixo
4924,M19783,M,303.4,312.2,1972,23.5,59,0,0,0,0,0,0,0,0.00036557313,Baixo
4925,H34338,H,303.4,312.3,1522,42.1,62,0,0,0,0,0,0,0,2.8392958e-06,Baixo
4926,L52105,L,303.4,312.3,1680,30.6,67,0,0,0,0,0,0,0,1.844175e-05,Baixo
4927,L52106,L,303.4,312.3,1502,36.0,69,0,0,0,0,0,0,0,1.49130165e-05,Baixo
4928,M19787,M,303.5,312.3,1543,33.3,71,0,0,0,0,0,0,0,7.5319425e-05,Baixo
4929,L52108,L,303.5,312.3,1584,35.2,74,0,0,0,0,0,0,0,6.287432e-06,Baixo
4930,L52109,L,303.5,312.4,1340,44.5,76,0,0,0,0,0,0,0,0.003547287,Baixo
4931,L52110,L,303.4,312.3,1663,33.9,78,0,0,0,0,0,0,0,1.898059e-06,Baixo
4932,M19791,M,303.3,312.1,1693,30.0,80,0,0,0,0,0,0,0,7.983757e-06,Baixo
4933,L52112,L,303.3,312.1,1418,44.7,83,0,0,0,0,0,0,0,2.7368691e-05,Baixo
4934,H34347,H,303.4,312.2,1554,36.8,85,0,0,0,0,0,0,0,2.4989647e-05,Baixo
4935,L52114,L,303.4,312.2,1580,35.8,90,0,0,0,0,0,0,0,7.585042e-06,Baixo
4936,L52115,L,303.4,312.3,1479,42.8,92,0,0,0,0,0,0,0,1.066052e-05,Baixo
4937,L52116,L,303.5,312.4,1284,70.6,94,1,0,0,1,0,0,1,0.99699366,Crítico
4938,L52117,L,303.4,312.3,1540,38.7,96,0,0,0,0,0,0,0,9.075237e-06,Baixo
4939,M19798,M,303.5,312.4,1606,30.1,98,0,0,0,0,0,0,0,1.2401629e-05,Baixo
4940,L52119,L,303.6,312.5,1286,62.4,101,0,0,0,0,0,0,0,0.19616026,Baixo
4941,L52120,L,303.6,312.6,1502,39.5,103,0,0,0,0,0,0,0,1.7280312e-06,Baixo
4942,M19801,M,303.6,312.7,1699,31.5,105,0,0,0,0,0,0,0,1.172339e-06,Baixo
4943,L52122,L,303.5,312.6,1602,34.2,108,0,0,0,0,0,0,0,7.6602424e-07,Baixo
4944,H34357,H,303.6,312.6,1436,42.0,110,0,0,0,0,0,0,0,2.1352302e-05,Baixo
4945,M19804,M,303.6,312.7,1765,27.5,115,0,0,0,0,0,0,0,1.6408063e-06,Baixo
4946,L52125,L,303.6,312.7,1418,44.1,118,0,0,0,0,0,0,0,5.259582e-06,Baixo
4947,M19806,M,303.7,312.7,1669,31.7,120,0,0,0,0,0,0,0,1.1265396e-05,Baixo
4948,L52127,L,303.7,312.7,1395,53.9,123,0,0,0,0,0,0,0,0.00016562056,Baixo
4949,M19808,M,303.8,312.7,1500,41.7,125,0,0,0,0,0,0,0,1.1863561e-06,Baixo
4950,M19809,M,303.8,312.7,1555,33.4,128,0,0,0,0,0,0,0,8.755901e-06,Baixo
4951,M19810,M,303.8,312.7,1919,20.2,131,0,0,0,0,0,0,0,2.4824281e-05,Baixo
4952,L52131,L,303.8,312.7,1596,36.6,134,0,0,0,0,0,0,0,7.457296e-07,Baixo
4953,M19812,M,303.8,312.7,1374,53.6,136,0,0,0,0,0,0,0,0.016810367,Baixo
4954,L52133,L,303.7,312.5,1670,26.1,139,0,0,0,0,0,0,0,2.0650975e-06,Baixo
4955,L52134,L,303.7,312.6,1702,29.1,141,0,0,0,0,0,0,0,1.206729e-06,Baixo
4956,M19815,M,303.8,312.5,1366,45.1,143,0,0,0,0,0,0,0,0.0040065753,Baixo
4957,M19816,M,303.8,312.5,2344,15.2,146,0,0,0,0,0,0,0,0.04300377,Baixo
4958,M19817,M,303.8,312.6,1768,23.9,149,0,0,0,0,0,0,0,5.5381915e-06,Baixo
4959,L52138,L,303.8,312.5,1523,47.0,152,0,0,0,0,0,0,0,9.261071e-06,Baixo
4960,L52139,L,303.8,312.6,1735,25.9,154,0,0,0,0,0,0,0,2.0552952e-06,Baixo
4961,L52140,L,303.9,312.7,1339,62.3,156,0,0,0,0,0,0,0,0.04467684,Baixo
4962,L52141,L,303.9,312.7,1800,24.3,158,0,0,0,0,0,0,0,1.88138e-06,Baixo
4963,M19822,M,304.0,312.7,1456,51.2,160,0,0,0,0,0,0,0,5.4019634e-05,Baixo
4964,L52143,L,303.9,312.7,1789,24.4,163,0,0,0,0,0,0,0,2.1049131e-07,Baixo
4965,L52144,L,303.9,312.7,1602,33.9,165,0,0,0,0,0,0,0,2.5279343e-07,Baixo
4966,M19825,M,303.8,312.7,1364,49.3,167,0,0,0,0,0,0,0,0.005213323,Baixo
4967,L52146,L,303.8,312.6,1793,28.1,170,0,0,0,0,0,0,0,6.982091e-07,Baixo
4968,L52147,L,303.9,312.6,1426,53.4,172,0,0,0,0,0,0,0,2.1037897e-05,Baixo
4969,M19828,M,303.9,312.7,1485,43.3,174,0,0,0,0,0,0,0,9.1229117e-07,Baixo
4970,L52149,L,303.9,312.7,1528,38.4,177,0,0,0,0,0,0,0,7.797834e-06,Baixo
4971,L52150,L,303.8,312.6,1565,36.0,179,0,0,0,0,0,0,0,7.6767554e-07,Baixo
4972,L52151,L,303.8,312.7,1838,27.8,181,0,0,0,0,0,0,0,1.6256794e-07,Baixo
4973,H34386,H,303.8,312.6,1811,24.9,183,0,0,0,0,0,0,0,9.872031e-07,Baixo
4974,L52153,L,303.8,312.7,1461,38.2,188,0,0,0,0,0,0,0,0.00022124693,Baixo
4975,L52154,L,303.8,312.7,1414,41.7,190,0,0,0,0,0,0,0,5.038824e-05,Baixo
4976,L52155,L,303.7,312.7,1426,45.5,192,0,0,0,0,0,0,0,3.662637e-05,Baixo
4977,L52156,L,303.7,312.7,1359,56.8,194,1,0,0,0,1,0,1,0.6119914,Alto
4978,L52157,L,303.7,312.7,1540,44.8,196,0,0,0,0,0,0,0,3.7434913e-06,Baixo
4979,L52158,L,303.6,312.7,1429,47.7,198,0,0,0,0,0,0,0,2.302194e-05,Baixo
4980,M19839,M,303.7,312.7,1612,36.3,200,0,0,0,0,0,0,0,1.2394392e-05,Baixo
4981,M19840,M,303.7,312.8,1685,31.8,203,0,0,0,0,0,0,0,9.1108916e-05,Baixo
4982,M19841,M,303.7,312.8,1558,37.7,206,0,0,0,0,0,0,0,0.0005775713,Baixo
4983,L52162,L,303.7,313.0,1811,24.3,209,0,0,0,0,0,0,0,2.0470467e-05,Baixo
4984,L52163,L,303.8,313.1,1869,25.8,211,0,0,0,0,0,0,0,4.090172e-06,Baixo
4985,L52164,L,303.8,313.1,1256,58.7,213,1,0,0,0,1,0,1,0.9868188,Crítico
4986,M19845,M,303.8,313.0,1789,23.5,215,0,0,0,0,0,0,0,0.0030006745,Baixo
4987,L52166,L,303.7,312.9,1502,40.5,0,0,0,0,0,0,0,0,0.000103459526,Baixo
4988,M19847,M,303.7,313.0,1303,54.4,2,0,0,0,0,0,0,0,0.0017594023,Baixo
4989,L52168,L,303.8,313.1,2497,13.0,5,1,0,0,1,0,0,1,0.030521201,Baixo
4990,L52169,L,303.9,313.2,1499,37.4,7,0,0,0,0,0,0,0,5.188383e-07,Baixo
4991,L52170,L,303.9,313.2,1393,46.5,9,0,0,0,0,0,0,0,1.0540252e-05,Baixo
4992,M19851,M,303.9,313.0,1475,41.0,11,0,0,0,0,0,0,0,9.452521e-06,Baixo
4993,L52172,L,303.8,312.9,1573,34.6,14,0,0,0,0,0,0,0,3.4961267e-06,Baixo
4994,L52173,L,303.8,312.9,1819,23.7,16,0,0,0,0,0,0,0,1.4349541e-06,Baixo
4995,M19854,M,303.5,312.6,1642,29.4,18,0,0,0,0,0,0,0,1.1980193e-05,Baixo
4996,L52175,L,303.6,312.6,1540,39.8,21,0,0,0,0,0,0,0,1.9574302e-06,Baixo
4997,M19856,M,303.6,312.8,1400,43.2,23,0,0,0,0,0,0,0,1.5926684e-05,Baixo
4998,M19857,M,303.6,312.8,2659,11.4,26,1,0,0,1,0,0,1,0.99959403,Crítico
4999,M19858,M,303.6,312.8,1825,25.2,29,0,0,0,0,0,0,0,1.1696934e-06,Baixo
5000,M19859,M,303.7,312.9,1532,41.3,32,0,0,0,0,0,0,0,1.4811258e-06,Baixo
5001,L52180,L,303.7,312.8,1832,23.6,35,0,0,0,0,0,0,0,1.2876427e-05,Baixo
5002,M19861,M,303.6,312.7,2174,17.6,37,0,0,0,0,0,0,0,0.00019471954,Baixo
5003,L52182,L,303.7,312.8,1627,31.7,40,0,0,0,0,0,0,0,4.489475e-06,Baixo
5004,L52183,L,303.7,312.8,1437,51.3,42,0,0,0,0,0,0,0,1.6167525e-05,Baixo
5005,L52184,L,303.7,312.8,1364,46.3,44,0,0,0,0,0,0,0,0.008885957,Baixo
5006,M19865,M,303.7,312.9,1444,52.7,46,0,0,0,0,0,0,0,0.00020270633,Baixo
5007,M19866,M,303.7,312.8,1366,47.3,49,0,0,0,0,0,0,0,0.0019297557,Baixo
5008,L52187,L,303.8,312.9,1442,48.3,52,0,0,0,0,0,0,0,1.2277807e-05,Baixo
5009,H34422,H,303.7,312.8,1488,42.8,54,0,0,0,0,0,0,0,2.1663995e-07,Baixo
5010,L52189,L,303.7,312.8,1523,40.7,59,0,0,0,0,0,0,0,9.04422e-06,Baixo
5011,L52190,L,303.7,312.8,1543,38.3,61,0,0,0,0,0,0,0,4.3343044e-07,Baixo
5012,M19871,M,303.7,312.8,1634,33.8,63,0,0,0,0,0,0,0,3.295537e-06,Baixo
5013,M19872,M,303.8,312.9,1815,27.8,66,0,0,0,0,0,0,0,2.6894918e-06,Baixo
5014,M19873,M,303.8,312.9,1594,35.2,69,0,0,0,0,0,0,0,3.3312783e-06,Baixo
5015,L52194,L,303.8,313.0,1452,38.6,72,0,0,0,0,0,0,0,5.900968e-05,Baixo
5016,L52195,L,303.9,313.0,1759,28.4,74,0,0,0,0,0,0,0,1.7200115e-05,Baixo
5017,L52196,L,303.9,313.0,1408,47.5,76,0,0,0,0,0,0,0,1.6296142e-06,Baixo
5018,L52197,L,303.9,313.0,1483,45.0,78,0,0,0,0,0,0,0,2.3245995e-05,Baixo
5019,M19878,M,303.9,313.0,1620,36.6,80,0,0,0,0,0,0,0,4.6732137e-07,Baixo
5020,M19879,M,304.0,313.1,1466,39.5,83,0,0,0,0,0,0,0,2.0345767e-06,Baixo
5021,L52200,L,304.1,313.1,1556,36.3,86,0,0,0,0,0,0,0,1.9164258e-06,Baixo
5022,L52201,L,304.0,313.0,1350,61.1,88,0,0,0,0,0,0,0,0.09952642,Baixo
5023,L52202,L,304.0,313.1,1404,47.1,90,0,0,0,0,0,0,0,0.00053161965,Baixo
5024,M19883,M,304.0,313.0,1575,34.5,92,0,0,0,0,0,0,0,2.9509251e-06,Baixo
5025,L52204,L,303.9,313.1,1639,29.0,95,0,0,0,0,0,0,0,4.558969e-06,Baixo
5026,M19885,M,303.9,313.1,1473,42.8,97,0,0,0,0,0,0,0,2.7647466e-05,Baixo
5027,L52206,L,303.9,313.2,1481,40.0,100,0,0,0,0,0,0,0,7.4917502e-06,Baixo
5028,L52207,L,304.0,313.3,1294,54.6,102,0,0,0,0,0,0,0,0.0010976373,Baixo
5029,M19888,M,303.9,313.2,1630,29.3,104,0,0,0,0,0,0,0,8.166939e-06,Baixo
5030,M19889,M,303.9,313.2,1624,39.8,107,0,0,0,0,0,0,0,1.6535839e-06,Baixo
5031,M19890,M,303.9,313.1,1437,48.3,110,0,0,0,0,0,0,0,4.9269474e-05,Baixo
5032,M19891,M,303.8,313.0,1514,45.0,113,0,0,0,0,0,0,0,2.4559611e-05,Baixo
5033,M19892,M,304.0,313.1,1694,31.4,116,0,0,0,0,0,0,0,8.632297e-06,Baixo
5034,L52213,L,304.0,313.1,1564,50.9,119,0,0,0,0,0,0,0,9.792133e-07,Baixo
5035,M19894,M,303.9,313.1,1514,41.1,121,0,0,0,0,0,0,0,2.9405863e-05,Baixo
5036,M19895,M,304.0,313.2,1500,40.6,124,0,0,0,0,0,0,0,5.8016603e-06,Baixo
5037,L52216,L,304.0,313.2,1615,37.8,127,0,0,0,0,0,0,0,6.2460335e-06,Baixo
5038,M19897,M,304.1,313.2,1586,41.1,129,0,0,0,0,0,0,0,1.2237315e-06,Baixo
5039,L52218,L,304.1,313.3,1732,28.5,132,0,0,0,0,0,0,0,1.4541262e-06,Baixo
5040,H34453,H,304.1,313.3,1689,32.5,134,0,0,0,0,0,0,0,1.1591175e-06,Baixo
5041,H34454,H,304.1,313.2,1586,34.6,139,0,0,0,0,0,0,0,1.2885266e-06,Baixo
5042,L52221,L,304.0,313.2,1314,47.1,144,0,0,0,0,0,0,0,3.4095563e-05,Baixo
5043,L52222,L,304.1,313.2,1569,35.8,146,0,0,0,0,0,0,0,1.0949319e-06,Baixo
5044,L52223,L,304.1,313.2,1468,39.4,148,0,0,0,0,0,0,0,2.9261415e-07,Baixo
5045,L52224,L,304.1,313.2,1412,47.5,150,0,0,0,0,0,0,0,5.4845845e-05,Baixo
5046,M19905,M,304.1,313.2,1510,46.9,152,0,0,0,0,0,0,0,2.6778856e-05,Baixo
5047,M19906,M,304.1,313.2,1410,42.4,155,0,0,0,0,0,0,0,1.9974665e-05,Baixo
5048,M19907,M,304.1,313.3,1680,29.3,158,0,0,0,0,0,0,0,3.4927543e-06,Baixo
5049,H34462,H,304.0,313.2,1271,68.6,161,1,0,0,1,0,0,1,0.9280235,Crítico
5050,H34463,H,304.0,313.1,1472,45.5,166,0,0,0,0,0,0,0,6.706458e-07,Baixo
5051,H34464,H,304.0,313.0,1701,30.4,171,0,0,0,0,0,0,0,4.329196e-06,Baixo
5052,L52231,L,303.9,313.0,1480,39.9,176,0,0,0,0,0,0,0,5.974611e-06,Baixo
5053,L52232,L,303.9,313.0,1433,48.4,178,0,0,0,0,0,0,0,3.053739e-05,Baixo
5054,L52233,L,303.8,312.9,1514,34.3,180,0,0,0,0,0,0,0,5.6723376e-05,Baixo
5055,L52234,L,303.8,312.9,1619,35.7,182,0,0,0,0,0,0,0,9.3599056e-07,Baixo
5056,H34469,H,303.8,312.9,1378,45.6,184,0,0,0,0,0,0,0,0.0007663969,Baixo
5057,M19916,M,303.9,312.9,1430,53.5,189,0,0,0,0,0,0,0,6.567855e-05,Baixo
5058,L52237,L,303.8,312.9,1367,49.9,192,0,0,0,0,0,0,0,0.00089755317,Baixo
5059,L52238,L,303.9,312.9,1526,42.5,194,0,0,0,0,0,0,0,7.3732394e-06,Baixo
5060,L52239,L,303.9,312.8,1419,47.9,196,0,0,0,0,0,0,0,5.594204e-06,Baixo
5061,L52240,L,304.0,312.8,1542,42.7,198,0,0,0,0,0,0,0,5.126317e-06,Baixo
5062,L52241,L,304.0,312.9,1363,62.5,200,1,0,0,0,1,0,1,0.99979,Crítico
5063,L52242,L,304.0,312.9,1313,53.9,202,0,0,0,0,0,0,0,0.23165695,Baixo
5064,H34477,H,304.0,312.9,1495,46.6,0,0,0,0,0,0,0,0,8.3237115e-05,Baixo
5065,L52244,L,304.0,313.0,1407,42.1,5,0,0,0,0,0,0,0,1.7268472e-05,Baixo
5066,L52245,L,304.1,313.0,1566,37.2,7,0,0,0,0,0,0,0,6.172706e-06,Baixo
5067,L52246,L,304.1,313.1,1550,30.9,9,0,0,0,0,0,0,0,8.705706e-05,Baixo
5068,M19927,M,304.2,313.2,1396,50.5,11,0,0,0,0,0,0,0,0.0009196001,Baixo
5069,M19928,M,304.3,313.3,1540,39.0,14,0,0,0,0,0,0,0,2.7468994e-05,Baixo
5070,M19929,M,304.2,313.2,1380,48.7,17,0,0,0,0,0,0,0,8.845943e-05,Baixo
5071,M19930,M,304.2,313.1,1608,31.1,20,0,0,0,0,0,0,0,6.85088e-06,Baixo
5072,H34485,H,304.2,313.0,1442,40.9,23,0,0,0,0,0,0,0,5.83038e-06,Baixo
5073,L52252,L,304.1,313.0,1408,45.3,28,0,0,0,0,0,0,0,1.0763777e-06,Baixo
5074,M19933,M,304.0,313.0,1454,46.8,30,0,0,0,0,0,0,0,2.0285112e-05,Baixo
5075,L52254,L,304.1,313.1,1666,34.6,33,0,0,0,0,0,0,0,4.8981487e-06,Baixo
5076,L52255,L,304.1,313.2,1366,46.6,35,0,0,0,0,0,0,0,0.0010466514,Baixo
5077,L52256,L,304.2,313.2,1464,44.9,37,0,0,0,0,0,0,0,9.6093616e-05,Baixo
5078,L52257,L,304.3,313.3,1775,24.9,39,0,0,0,0,0,0,0,5.3689753e-08,Baixo
5079,M19938,M,304.3,313.4,1482,43.8,41,0,0,0,0,0,0,0,2.432737e-05,Baixo
5080,M19939,M,304.2,313.4,1411,54.8,44,0,0,0,0,0,0,0,1.9274845e-05,Baixo
5081,L52260,L,304.2,313.3,1410,51.6,47,0,0,0,0,0,0,0,2.3558616e-05,Baixo
5082,M19941,M,304.1,313.3,1494,39.0,49,0,0,0,0,0,0,0,2.3396397e-06,Baixo
5083,H34496,H,304.1,313.2,1590,43.4,52,0,0,0,0,0,0,0,2.459248e-07,Baixo
5084,L52263,L,304.1,313.1,1327,54.1,57,0,0,0,0,0,0,0,0.00022526679,Baixo
5085,L52264,L,304.1,313.1,1969,20.8,59,0,0,0,0,0,0,0,1.3229623e-05,Baixo
5086,M19945,M,304.0,313.0,1377,56.0,61,0,0,0,0,0,0,0,0.043779716,Baixo
5087,L52266,L,304.0,313.0,1541,45.9,64,0,0,0,0,0,0,0,4.340817e-06,Baixo
5088,M19947,M,304.0,313.0,1685,28.2,66,0,0,0,0,0,0,0,4.4352622e-05,Baixo
5089,L52268,L,304.0,313.1,1465,41.0,69,0,0,0,0,0,0,0,8.6198444e-05,Baixo
5090,M19949,M,303.9,313.1,1483,47.2,71,0,0,0,0,0,0,0,1.9061548e-06,Baixo
5091,M19950,M,303.9,313.2,1570,40.7,74,0,0,0,0,0,0,0,1.4702959e-05,Baixo
5092,L52271,L,303.9,313.2,1345,48.2,77,0,0,0,0,0,0,0,0.0005695872,Baixo
5093,M19952,M,303.9,313.2,1608,40.6,79,0,0,0,0,0,0,0,2.1965552e-05,Baixo
5094,M19953,M,304.0,313.3,1415,52.8,82,0,0,0,0,0,0,0,0.00015642025,Baixo
5095,M19954,M,304.1,313.5,1470,45.8,85,0,0,0,0,0,0,0,3.452925e-05,Baixo
5096,M19955,M,304.1,313.5,1428,39.9,88,0,0,0,0,0,0,0,1.7283151e-05,Baixo
5097,H34510,H,304.2,313.5,1627,32.2,91,0,0,0,0,0,0,0,8.579362e-06,Baixo
5098,L52277,L,304.2,313.4,1457,49.4,96,0,0,0,0,0,0,0,0.00049901084,Baixo
5099,L52278,L,304.2,313.4,1475,40.2,98,0,0,0,0,0,0,0,8.497059e-05,Baixo
5100,L52279,L,304.2,313.5,1438,50.1,100,0,0,0,0,0,0,0,6.672272e-06,Baixo
5101,M19960,M,304.2,313.5,1437,47.2,102,0,0,0,0,0,0,0,3.5965928e-05,Baixo
5102,M19961,M,304.1,313.4,1518,42.4,105,0,0,0,0,0,0,0,6.098227e-06,Baixo
5103,M19962,M,304.1,313.5,1587,33.6,108,0,0,0,0,0,0,0,1.4447086e-05,Baixo
5104,L52283,L,304.1,313.4,1399,43.7,111,0,0,0,0,0,0,0,1.30405515e-05,Baixo
5105,L52284,L,304.1,313.5,1469,44.6,113,0,0,0,0,0,0,0,7.022525e-06,Baixo
5106,L52285,L,304.1,313.4,1374,56.6,115,0,0,0,0,0,0,0,0.06789541,Baixo
5107,L52286,L,304.0,313.3,1519,36.7,117,0,0,0,0,0,0,0,7.3088915e-05,Baixo
5108,L52287,L,303.9,313.2,1540,44.4,119,0,0,0,0,0,0,0,9.440315e-06,Baixo
5109,L52288,L,303.9,313.3,1394,51.6,121,0,0,0,0,0,0,0,0.0002508027,Baixo
5110,M19969,M,304.0,313.4,1389,45.8,123,0,0,0,0,0,0,0,1.2049111e-05,Baixo
5111,M19970,M,304.0,313.5,1732,26.2,126,0,0,0,0,0,0,0,2.463596e-06,Baixo
5112,L52291,L,304.1,313.6,1556,37.4,129,0,0,0,0,0,0,0,2.140533e-05,Baixo
5113,M19972,M,304.1,313.6,1441,43.7,131,0,0,0,0,0,0,0,4.174393e-05,Baixo
5114,L52293,L,304.1,313.6,1382,46.7,134,0,0,0,0,0,0,0,3.4238503e-05,Baixo
5115,M19974,M,304.2,313.8,1481,44.9,136,0,0,0,0,0,0,0,9.611416e-06,Baixo
5116,M19975,M,304.2,313.7,2113,18.4,139,0,0,0,0,0,0,0,6.53447e-05,Baixo
5117,L52296,L,304.2,313.8,1401,53.9,142,0,0,0,0,0,0,0,0.00087060255,Baixo
5118,L52297,L,304.1,313.6,1611,31.4,144,0,0,0,0,0,0,0,9.111081e-08,Baixo
5119,M19978,M,304.2,313.6,1512,33.4,146,0,0,0,0,0,0,0,1.6812244e-05,Baixo
5120,L52299,L,304.2,313.6,1411,46.0,149,0,0,0,0,0,0,0,2.79533e-06,Baixo
5121,M19980,M,304.2,313.6,1424,43.7,151,0,0,0,0,0,0,0,1.0218782e-05,Baixo
5122,L52301,L,304.2,313.6,1469,40.0,154,0,0,0,0,0,0,0,4.6903115e-05,Baixo
5123,H34536,H,304.2,313.5,1684,29.8,156,0,0,0,0,0,0,0,8.993794e-08,Baixo
5124,M19983,M,304.2,313.5,1532,41.3,161,0,0,0,0,0,0,0,1.2535066e-06,Baixo
5125,M19984,M,304.2,313.5,1557,37.3,164,0,0,0,0,0,0,0,1.3727849e-06,Baixo
5126,M19985,M,304.3,313.5,1416,48.1,167,0,0,0,0,0,0,0,0.0001317232,Baixo
5127,L52306,L,304.3,313.5,1802,25.4,170,0,0,0,0,0,0,0,2.5895665e-06,Baixo
5128,M19987,M,304.3,313.5,2245,15.1,172,0,0,0,0,0,0,0,0.0059043393,Baixo
5129,L52308,L,304.2,313.4,1434,42.5,175,0,0,0,0,0,0,0,1.5000553e-05,Baixo
5130,M19989,M,304.1,313.3,1725,28.3,177,0,0,0,0,0,0,0,2.523428e-06,Baixo
5131,L52310,L,304.2,313.3,1668,35.7,180,0,0,0,0,0,0,0,8.310413e-07,Baixo
5132,L52311,L,304.1,313.3,1452,43.9,182,0,0,0,0,0,0,0,8.473218e-06,Baixo
5133,L52312,L,304.1,313.3,1415,50.0,184,0,0,0,0,0,0,0,4.72844e-06,Baixo
5134,L52313,L,304.1,313.2,1824,25.8,186,0,0,0,0,0,0,0,2.842154e-06,Baixo
5135,L52314,L,304.1,313.3,1438,45.5,188,0,0,0,0,0,0,0,2.6223413e-06,Baixo
5136,L52315,L,304.1,313.3,1883,24.5,190,0,0,0,0,0,0,0,7.460214e-08,Baixo
5137,L52316,L,304.2,313.4,1735,28.9,192,0,0,0,0,0,0,0,8.80246e-06,Baixo
5138,L52317,L,304.3,313.5,1464,36.7,194,0,0,0,0,0,0,0,0.00090753974,Baixo
5139,M19998,M,304.3,313.6,1489,40.3,196,0,0,0,0,0,0,0,1.4972511e-05,Baixo
5140,M19999,M,304.4,313.6,1510,38.9,199,0,0,0,0,0,0,0,2.292357e-05,Baixo
5141,M20000,M,304.3,313.6,1585,32.1,202,0,0,0,0,0,0,0,0.00017923463,Baixo
5142,L52321,L,304.4,313.7,1509,35.0,205,1,1,0,0,0,0,1,6.278254e-05,Baixo
5143,L52322,L,304.4,313.6,1568,39.1,0,0,0,0,0,0,0,0,4.376636e-06,Baixo
5144,M20003,M,304.3,313.5,1525,42.0,2,0,0,0,0,0,0,0,2.7188207e-05,Baixo
5145,L52324,L,304.4,313.7,1607,33.5,5,0,0,0,0,0,0,0,0.00012131309,Baixo
5146,L52325,L,304.5,313.7,1670,32.9,7,0,0,0,0,0,0,0,4.3064738e-05,Baixo
5147,L52326,L,304.4,313.6,1585,38.9,9,0,0,0,0,0,0,0,5.405037e-06,Baixo
5148,L52327,L,304.4,313.6,1569,38.4,11,0,0,0,0,0,0,0,5.5507867e-06,Baixo
5149,L52328,L,304.4,313.6,1507,43.1,13,0,0,0,0,0,0,0,1.3810691e-07,Baixo
5150,L52329,L,304.3,313.5,1452,41.5,15,0,0,0,0,0,0,0,9.320297e-05,Baixo
5151,L52330,L,304.3,313.5,1590,29.8,17,0,0,0,0,0,0,0,6.932865e-06,Baixo
5152,L52331,L,304.3,313.6,1409,56.0,19,0,0,0,0,0,0,0,4.529375e-06,Baixo
5153,L52332,L,304.3,313.5,2643,12.7,21,0,0,0,0,0,0,0,0.9995803,Crítico
5154,L52333,L,304.2,313.4,1644,31.7,23,0,0,0,0,0,0,0,1.1840048e-07,Baixo
5155,L52334,L,304.2,313.4,1568,37.6,25,0,0,0,0,0,0,0,5.056858e-07,Baixo
5156,H34569,H,304.2,313.3,1625,37.3,27,0,0,0,0,0,0,0,7.5574644e-07,Baixo
5157,L52336,L,304.2,313.4,1482,41.4,32,0,0,0,0,0,0,0,1.8568213e-07,Baixo
5158,H34571,H,304.1,313.3,1397,49.6,34,0,0,0,0,0,0,0,1.493663e-05,Baixo
5159,L52338,L,304.1,313.3,1459,50.3,39,0,0,0,0,0,0,0,4.1663666e-06,Baixo
5160,L52339,L,304.2,313.4,1490,44.0,41,0,0,0,0,0,0,0,1.5174443e-07,Baixo
5161,L52340,L,304.1,313.2,1434,50.1,43,0,0,0,0,0,0,0,3.6332608e-06,Baixo
5162,M20021,M,304.1,313.2,2028,18.9,45,0,0,0,0,0,0,0,7.644615e-05,Baixo
5163,L52342,L,304.2,313.3,1464,45.9,48,0,0,0,0,0,0,0,3.359334e-06,Baixo
5164,M20023,M,304.2,313.4,1713,23.5,50,0,0,0,0,0,0,0,6.9426505e-07,Baixo
5165,M20024,M,304.3,313.4,1624,32.1,53,0,0,0,0,0,0,0,2.8693964e-06,Baixo
5166,L52345,L,304.2,313.4,1421,43.4,56,0,0,0,0,0,0,0,5.5145305e-05,Baixo
5167,H34580,H,304.2,313.5,1546,41.4,58,0,0,0,0,0,0,0,6.0888997e-06,Baixo
5168,L52347,L,304.2,313.4,1639,32.7,63,0,0,0,0,0,0,0,7.2851226e-06,Baixo
5169,H34582,H,304.1,313.4,1696,29.6,65,0,0,0,0,0,0,0,1.0858626e-07,Baixo
5170,L52349,L,304.1,313.3,1470,39.9,70,0,0,0,0,0,0,0,2.4518644e-07,Baixo
5171,M20030,M,304.1,313.3,1480,38.4,72,0,0,0,0,0,0,0,9.029528e-05,Baixo
5172,M20031,M,304.2,313.4,1329,54.5,75,0,0,0,0,0,0,0,0.00068383757,Baixo
5173,L52352,L,304.2,313.4,1740,28.2,78,0,0,0,0,0,0,0,2.5456752e-06,Baixo
5174,M20033,M,304.2,313.5,1739,28.1,80,0,0,0,0,0,0,0,4.597816e-06,Baixo
5175,M20034,M,304.2,313.5,1390,47.8,83,0,0,0,0,0,0,0,4.207213e-06,Baixo
5176,L52355,L,304.2,313.4,1740,23.7,86,0,0,0,0,0,0,0,8.417503e-07,Baixo
5177,M20036,M,304.0,313.3,1844,27.1,88,0,0,0,0,0,0,0,4.6198755e-05,Baixo
5178,H34591,H,304.0,313.1,1388,53.2,91,0,0,0,0,0,0,0,2.9279381e-05,Baixo
5179,H34592,H,304.0,313.2,1517,43.1,96,0,0,0,0,0,0,0,1.7353872e-05,Baixo
5180,M20039,M,304.0,313.1,1450,42.8,101,0,0,0,0,0,0,0,1.8350258e-05,Baixo
5181,L52360,L,304.0,313.2,1584,38.7,104,0,0,0,0,0,0,0,9.452495e-06,Baixo
5182,L52361,L,304.0,313.1,1720,28.7,106,0,0,0,0,0,0,0,1.3392029e-06,Baixo
5183,L52362,L,303.9,313.1,1586,31.9,108,0,0,0,0,0,0,0,4.757003e-06,Baixo
5184,M20043,M,303.9,313.0,1901,22.5,110,0,0,0,0,0,0,0,2.6292118e-05,Baixo
5185,L52364,L,304.0,313.0,1397,42.4,113,0,0,0,0,0,0,0,9.572859e-06,Baixo
5186,L52365,L,304.0,313.0,2012,21.1,115,0,0,0,0,0,0,0,1.0631195e-06,Baixo
5187,L52366,L,304.0,313.0,2354,15.0,117,0,0,0,0,0,0,0,0.003164162,Baixo
5188,L52367,L,304.0,313.1,1648,35.7,119,0,0,0,0,0,0,0,3.9401002e-07,Baixo
5189,L52368,L,304.0,313.2,1632,30.6,121,0,0,0,0,0,0,0,1.5998712e-06,Baixo
5190,M20049,M,304.1,313.2,1427,46.9,123,0,0,0,0,0,0,0,1.986534e-05,Baixo
5191,L52370,L,304.1,313.2,1452,48.0,126,0,0,0,0,0,0,0,8.222338e-05,Baixo
5192,L52371,L,304.0,313.2,1416,46.0,128,0,0,0,0,0,0,0,1.7961169e-05,Baixo
5193,L52372,L,303.9,313.1,1310,62.9,130,0,0,0,0,0,0,0,0.027030911,Baixo
5194,H34607,H,304.0,313.1,1408,39.8,132,0,0,0,0,0,0,0,2.9673408e-06,Baixo
5195,M20054,M,303.9,313.1,1668,34.4,137,0,0,0,0,0,0,0,7.200045e-07,Baixo
5196,L52375,L,303.9,313.0,1551,36.8,140,0,0,0,0,0,0,0,1.772673e-05,Baixo
5197,H34610,H,303.9,313.0,1517,36.0,142,0,0,0,0,0,0,0,1.306242e-05,Baixo
5198,H34611,H,303.8,312.9,1570,35.8,147,0,0,0,0,0,0,0,5.6929406e-07,Baixo
5199,L52378,L,303.8,312.8,1428,53.3,152,0,0,0,0,0,0,0,0.00031991221,Baixo
5200,L52379,L,303.8,312.8,1503,40.0,154,0,0,0,0,0,0,0,4.6316936e-07,Baixo
5201,L52380,L,303.8,312.8,1416,58.7,156,0,0,0,0,0,0,0,0.53098726,Moderado
5202,M20061,M,303.7,312.7,1396,47.3,158,0,0,0,0,0,0,0,9.034808e-05,Baixo
5203,L52382,L,303.7,312.7,1335,51.1,161,0,0,0,0,0,0,0,0.001394907,Baixo
5204,M20063,M,303.7,312.6,1671,30.5,163,0,0,0,0,0,0,0,2.6373264e-06,Baixo
5205,L52384,L,303.7,312.7,1989,22.4,166,0,0,0,0,0,0,0,1.5403591e-06,Baixo
5206,L52385,L,303.7,312.7,1468,43.3,168,0,0,0,0,0,0,0,1.0441615e-05,Baixo
5207,H34620,H,303.7,312.6,1711,27.6,170,0,0,0,0,0,0,0,8.9165786e-07,Baixo
5208,M20067,M,303.8,312.7,1488,41.3,175,0,0,0,0,0,0,0,8.183646e-06,Baixo
5209,L52388,L,303.8,312.7,1664,29.3,178,0,0,0,0,0,0,0,7.085728e-07,Baixo
5210,M20069,M,303.8,312.7,1507,38.5,180,0,0,0,0,0,0,0,1.0697479e-05,Baixo
5211,L52390,L,303.7,312.6,1466,42.5,183,0,0,0,0,0,0,0,7.740162e-06,Baixo
5212,L52391,L,303.7,312.5,1433,53.6,185,0,0,0,0,0,0,0,1.8518464e-05,Baixo
5213,L52392,L,303.7,312.5,1397,45.7,187,0,0,0,0,0,0,0,5.0043773e-06,Baixo
5214,M20073,M,303.7,312.6,1429,43.3,189,0,0,0,0,0,0,0,8.751218e-06,Baixo
5215,L52394,L,303.7,312.7,1572,37.2,192,0,0,0,0,0,0,0,1.7448263e-05,Baixo
5216,M20075,M,303.7,312.7,1532,42.7,194,0,0,0,0,0,0,0,4.0388672e-06,Baixo
5217,M20076,M,303.7,312.7,1316,51.8,197,0,0,0,0,0,0,0,0.0056754863,Baixo
5218,M20077,M,303.8,312.8,1420,47.9,200,0,0,0,0,0,0,0,0.00048149689,Baixo
5219,L52398,L,303.8,312.9,1589,37.2,203,0,0,0,0,0,0,0,1.6241796e-05,Baixo
5220,L52399,L,303.8,313.0,1365,59.9,205,1,0,0,0,1,0,1,0.9998456,Crítico
5221,L52400,L,303.8,313.0,1633,32.9,207,0,0,0,0,0,0,0,0.0035765944,Baixo
5222,L52401,L,303.9,313.0,1626,31.4,209,0,0,0,0,0,0,0,0.0016842602,Baixo
5223,L52402,L,303.9,313.1,1665,29.6,0,0,0,0,0,0,0,0,2.7240709e-05,Baixo
5224,M20083,M,303.9,313.2,1350,47.2,2,0,0,0,0,0,0,0,0.0041825953,Baixo
5225,L52404,L,303.9,313.2,1590,31.9,5,0,0,0,0,0,0,0,0.00017919327,Baixo
5226,M20085,M,304.0,313.2,1437,53.9,7,0,0,0,0,0,0,0,2.3391565e-05,Baixo
5227,L52406,L,303.9,313.0,1403,48.3,10,0,0,0,0,0,0,0,0.00020362006,Baixo
5228,L52407,L,303.9,313.1,1440,41.1,12,0,0,0,0,0,0,0,4.4658158e-05,Baixo
5229,M20088,M,303.9,313.1,1343,61.4,14,0,0,0,0,0,0,0,0.21948619,Baixo
5230,H34643,H,303.9,313.1,1790,26.7,17,0,0,0,0,0,0,0,1.6007991e-06,Baixo
5231,M20090,M,303.8,313.1,2117,18.6,22,0,0,0,0,0,0,0,0.00021585268,Baixo
5232,L52411,L,303.8,313.1,1458,42.2,25,0,0,0,0,0,0,0,3.9446607e-07,Baixo
5233,L52412,L,303.6,312.9,1381,57.8,27,0,0,0,0,0,0,0,0.0066601145,Baixo
5234,L52413,L,303.6,312.9,1450,45.3,29,0,0,0,0,0,0,0,8.702183e-06,Baixo
5235,L52414,L,303.7,312.9,1461,50.1,31,0,0,0,0,0,0,0,0.00030063957,Baixo
5236,M20095,M,303.7,312.9,1511,41.0,33,0,0,0,0,0,0,0,1.0084756e-05,Baixo
5237,L52416,L,303.8,313.1,1394,45.4,36,0,0,0,0,0,0,0,1.6251077e-05,Baixo
5238,L52417,L,303.8,313.0,1499,42.3,38,0,0,0,0,0,0,0,9.532401e-06,Baixo
5239,L52418,L,303.7,313.0,1457,44.1,40,0,0,0,0,0,0,0,3.7752164e-07,Baixo
5240,L52419,L,303.7,313.0,1753,29.0,42,0,0,0,0,0,0,0,1.01626965e-05,Baixo
5241,L52420,L,303.7,313.0,1694,28.0,44,0,0,0,0,0,0,0,1.2426564e-06,Baixo
5242,L52421,L,303.7,313.1,1683,28.4,46,0,0,0,0,0,0,0,1.8381625e-06,Baixo
5243,L52422,L,303.7,313.1,1496,47.4,48,0,0,0,0,0,0,0,5.211709e-06,Baixo
5244,L52423,L,303.7,313.1,1721,34.8,50,0,0,0,0,0,0,0,3.4978635e-07,Baixo
5245,L52424,L,303.6,313.0,1593,31.6,52,0,0,0,0,0,0,0,1.8162328e-06,Baixo
5246,L52425,L,303.6,313.0,1575,38.3,54,0,0,0,0,0,0,0,1.6986079e-06,Baixo
5247,L52426,L,303.5,313.0,1465,41.0,56,0,0,0,0,0,0,0,1.4471631e-05,Baixo
5248,L52427,L,303.6,313.1,1405,38.3,58,0,0,0,0,0,0,0,5.558754e-05,Baixo
5249,M20108,M,303.5,313.0,1902,21.6,60,0,0,0,0,0,0,0,3.3613425e-05,Baixo
5250,M20109,M,303.4,312.9,1422,39.9,63,0,0,0,0,0,0,0,3.0026744e-05,Baixo
5251,L52430,L,303.5,312.9,1332,52.9,66,0,0,0,0,0,0,0,0.00030137022,Baixo
5252,M20111,M,303.4,312.9,1307,54.3,68,0,0,0,0,0,0,0,0.00071860035,Baixo
5253,L52432,L,303.5,313.0,1322,59.5,71,0,0,0,0,0,0,0,0.00095325155,Baixo
5254,L52433,L,303.5,313.0,1547,40.3,73,0,0,0,0,0,0,0,6.739684e-06,Baixo
5255,L52434,L,303.5,313.1,1897,23.6,75,0,0,0,0,0,0,0,2.2941833e-05,Baixo
5256,M20115,M,303.5,313.0,1403,51.9,77,0,0,0,0,0,0,0,8.341375e-05,Baixo
5257,L52436,L,303.5,313.0,1393,51.6,80,0,0,0,0,0,0,0,0.00016325488,Baixo
5258,L52437,L,303.5,313.0,1482,38.5,82,0,0,0,0,0,0,0,6.189549e-07,Baixo
5259,M20118,M,303.5,312.9,1572,44.7,84,0,0,0,0,0,0,0,5.102852e-07,Baixo
5260,L52439,L,303.5,312.9,1544,36.9,87,0,0,0,0,0,0,0,3.344798e-05,Baixo
5261,M20120,M,303.5,313.0,1492,46.1,89,0,0,0,0,0,0,0,0.00012008848,Baixo
5262,L52441,L,303.4,312.8,1513,35.8,92,0,0,0,0,0,0,0,0.000697031,Baixo
5263,L52442,L,303.4,312.8,1449,43.9,94,0,0,0,0,0,0,0,2.8108454e-05,Baixo
5264,L52443,L,303.5,312.8,1877,22.3,96,0,0,0,0,0,0,0,1.9529409e-07,Baixo
5265,L52444,L,303.4,312.8,1376,53.4,98,0,0,0,0,0,0,0,0.001917488,Baixo
5266,M20125,M,303.5,312.9,1883,23.3,100,0,0,0,0,0,0,0,2.8216313e-05,Baixo
5267,M20126,M,303.4,312.8,1518,38.7,103,0,0,0,0,0,0,0,1.537276e-05,Baixo
5268,M20127,M,303.5,312.9,1438,42.8,106,0,0,0,0,0,0,0,1.5278592e-05,Baixo
5269,L52448,L,303.4,312.9,1389,54.1,109,0,0,0,0,0,0,0,5.112989e-05,Baixo
5270,L52449,L,303.5,312.9,1504,44.8,111,0,0,0,0,0,0,0,3.615557e-06,Baixo
5271,L52450,L,303.5,312.9,1275,64.4,113,0,0,0,0,0,0,0,0.76834893,Alto
5272,L52451,L,303.6,313.0,1534,39.7,115,0,0,0,0,0,0,0,4.4678545e-06,Baixo
5273,M20132,M,303.6,313.0,1396,38.2,117,0,0,0,0,0,0,0,0.0001857806,Baixo
5274,L52453,L,303.6,313.1,1395,44.1,120,0,0,0,0,0,0,0,1.8302337e-05,Baixo
5275,L52454,L,303.6,313.0,1617,30.9,122,0,0,0,0,0,0,0,5.7082566e-06,Baixo
5276,L52455,L,303.7,313.1,1423,41.2,124,0,0,0,0,0,0,0,2.7563514e-05,Baixo
5277,L52456,L,303.5,313.0,1606,34.0,126,0,0,0,0,0,0,0,3.9360742e-07,Baixo
5278,L52457,L,303.5,312.9,1501,44.0,128,0,0,0,0,0,0,0,1.2861774e-05,Baixo
5279,M20138,M,303.5,312.9,1618,30.4,130,0,0,0,0,0,0,0,3.2548694e-05,Baixo
5280,L52459,L,303.6,313.0,1522,35.8,133,0,0,0,0,0,0,0,0.00016168125,Baixo
5281,L52460,L,303.6,312.9,1480,41.4,135,0,0,0,0,0,0,0,1.0119041e-06,Baixo
5282,M20141,M,303.7,313.0,1469,39.9,137,0,0,0,0,0,0,0,6.2915706e-06,Baixo
5283,H34696,H,303.8,313.2,1381,52.4,140,0,0,0,0,0,0,0,0.008198806,Baixo
5284,L52463,L,303.8,313.2,1525,41.9,145,0,0,0,0,0,0,0,1.1769791e-06,Baixo
5285,M20144,M,303.8,313.2,1732,29.6,147,0,0,0,0,0,0,0,3.286686e-06,Baixo
5286,L52465,L,303.8,313.1,1523,39.8,150,0,0,0,0,0,0,0,6.555968e-06,Baixo
5287,L52466,L,303.8,313.1,1422,42.4,152,0,0,0,0,0,0,0,6.547533e-06,Baixo
5288,H34701,H,303.8,313.2,1506,46.9,154,0,0,0,0,0,0,0,4.885033e-05,Baixo
5289,L52468,L,303.8,313.2,1531,39.4,159,0,0,0,0,0,0,0,9.048784e-06,Baixo
5290,M20149,M,303.9,313.3,1507,34.3,161,0,0,0,0,0,0,0,3.686061e-05,Baixo
5291,L52470,L,303.9,313.3,1526,40.7,164,0,0,0,0,0,0,0,9.001085e-06,Baixo
5292,L52471,L,303.8,313.3,1406,52.1,166,0,0,0,0,0,0,0,3.9392817e-05,Baixo
5293,M20152,M,303.9,313.3,1567,35.0,168,0,0,0,0,0,0,0,7.292127e-05,Baixo
5294,M20153,M,303.9,313.4,1464,49.1,171,0,0,0,0,0,0,0,0.00034741967,Baixo
5295,L52474,L,303.9,313.4,1442,48.5,174,0,0,0,0,0,0,0,4.094734e-05,Baixo
5296,L52475,L,303.8,313.2,1336,47.8,176,0,0,0,0,0,0,0,0.00047307624,Baixo
5297,H34710,H,303.8,313.2,1379,50.2,178,0,0,0,0,0,0,0,0.0054492205,Baixo
5298,L52477,L,303.7,313.1,1406,48.6,183,0,0,0,0,0,0,0,8.8935485e-06,Baixo
5299,M20158,M,303.7,313.1,2130,18.1,185,0,0,0,0,0,0,0,0.0001936634,Baixo
5300,L52479,L,303.7,313.1,1355,49.1,188,0,0,0,0,0,0,0,0.0025848893,Baixo
5301,M20160,M,303.8,313.2,1710,26.5,190,0,0,0,0,0,0,0,3.5172854e-06,Baixo
5302,L52481,L,303.8,313.1,1309,55.8,193,0,0,0,0,0,0,0,0.07743751,Baixo
5303,L52482,L,303.9,313.1,1491,37.2,195,0,0,0,0,0,0,0,1.1785314e-06,Baixo
5304,L52483,L,303.9,313.2,1481,44.1,197,0,0,0,0,0,0,0,1.1826285e-06,Baixo
5305,L52484,L,303.9,313.1,1425,49.3,199,0,0,0,0,0,0,0,1.8189288e-05,Baixo
5306,H34719,H,303.9,313.2,1680,29.1,201,0,0,0,0,0,0,0,3.1273317e-05,Baixo
5307,H34720,H,304.0,313.2,1612,31.7,206,0,0,0,0,0,0,0,0.0010189153,Baixo
5308,L52487,L,304.0,313.3,1530,34.8,211,0,0,0,0,0,0,0,0.44688314,Moderado
5309,L52488,L,304.0,313.2,1481,42.6,213,0,0,0,0,0,0,0,0.0002215171,Baixo
5310,M20169,M,303.9,313.2,1422,48.0,215,1,1,0,0,0,0,1,0.00019806651,Baixo
5311,L52490,L,303.8,313.0,1427,43.0,0,0,0,0,0,0,0,0,0.00012260348,Baixo
5312,H34725,H,303.7,312.9,1460,49.8,2,0,0,0,0,0,0,0,3.4837078e-05,Baixo
5313,L52492,L,303.6,312.9,1873,23.5,7,0,0,0,0,0,0,0,1.1164492e-07,Baixo
5314,M20173,M,303.7,312.9,1566,32.6,9,0,0,0,0,0,0,0,1.1021335e-05,Baixo
5315,L52494,L,303.6,312.8,1701,30.8,12,0,0,0,0,0,0,0,4.5920016e-05,Baixo
5316,L52495,L,303.6,312.8,1710,27.2,14,0,0,0,0,0,0,0,1.7418733e-06,Baixo
5317,M20176,M,303.6,312.8,1689,33.1,16,0,0,0,0,0,0,0,1.9822232e-06,Baixo
5318,L52497,L,303.6,312.7,1637,32.9,19,0,0,0,0,0,0,0,4.261556e-07,Baixo
5319,L52498,L,303.5,312.6,1496,39.0,21,0,0,0,0,0,0,0,3.0254313e-07,Baixo
5320,M20179,M,303.5,312.7,1402,47.0,23,0,0,0,0,0,0,0,0.0001416694,Baixo
5321,L52500,L,303.4,312.7,1363,45.5,26,0,0,0,0,0,0,0,0.0014625444,Baixo
5322,M20181,M,303.4,312.7,1576,49.9,28,0,0,0,0,0,0,0,2.4306126e-05,Baixo
5323,M20182,M,303.4,312.7,1357,55.3,31,0,0,0,0,0,0,0,0.004892256,Baixo
5324,M20183,M,303.4,312.7,1399,48.4,34,0,0,0,0,0,0,0,0.0001271435,Baixo
5325,M20184,M,303.4,312.8,1526,30.8,37,0,0,0,0,0,0,0,0.00032200644,Baixo
5326,L52505,L,303.5,312.7,1694,27.3,40,0,0,0,0,0,0,0,1.4565161e-06,Baixo
5327,M20186,M,303.5,312.7,1420,49.1,42,0,0,0,0,0,0,0,4.7130794e-05,Baixo
5328,M20187,M,303.5,312.7,2116,16.7,45,0,0,0,0,0,0,0,0.00010375839,Baixo
5329,M20188,M,303.7,312.9,1406,41.9,48,0,0,0,0,0,0,0,1.3964303e-05,Baixo
5330,L52509,L,303.7,313.0,1456,45.5,51,0,0,0,0,0,0,0,3.1072566e-05,Baixo
5331,L52510,L,303.6,312.9,1588,31.9,53,0,0,0,0,0,0,0,1.8162328e-06,Baixo
5332,L52511,L,303.7,312.8,1448,44.5,55,0,0,0,0,0,0,0,2.738984e-05,Baixo
5333,H34746,H,303.6,312.7,1403,46.2,57,0,0,0,0,0,0,0,6.1020608e-05,Baixo
5334,M20193,M,303.5,312.6,1405,51.6,62,0,0,0,0,0,0,0,1.2288607e-05,Baixo
5335,M20194,M,303.4,312.6,2706,9.8,65,1,0,0,1,0,0,1,0.9986883,Crítico
5336,M20195,M,303.3,312.4,1505,38.9,68,0,0,0,0,0,0,0,6.1141945e-06,Baixo
5337,L52516,L,303.2,312.4,1663,33.7,71,0,0,0,0,0,0,0,2.6647736e-05,Baixo
5338,M20197,M,303.3,312.6,1482,44.4,73,0,0,0,0,0,0,0,9.758928e-06,Baixo
5339,M20198,M,303.3,312.5,1674,32.7,76,0,0,0,0,0,0,0,1.8143586e-05,Baixo
5340,M20199,M,303.4,312.7,1594,32.8,79,0,0,0,0,0,0,0,6.965291e-06,Baixo
5341,L52520,L,303.5,312.7,1393,49.3,82,0,0,0,0,0,0,0,2.9740906e-05,Baixo
5342,H34755,H,303.5,312.8,1404,55.8,84,0,0,0,0,0,0,0,0.00023433326,Baixo
5343,M20202,M,303.5,312.8,1375,45.7,89,0,0,0,0,0,0,0,0.0022249774,Baixo
5344,L52523,L,303.5,312.8,1607,38.4,92,0,0,0,0,0,0,0,8.997789e-06,Baixo
5345,L52524,L,303.4,312.8,1360,50.8,94,0,0,0,0,0,0,0,0.0023734674,Baixo
5346,L52525,L,303.5,312.8,1524,39.4,96,0,0,0,0,0,0,0,3.5065998e-05,Baixo
5347,L52526,L,303.4,312.7,1534,35.5,98,0,0,0,0,0,0,0,0.000100520294,Baixo
5348,L52527,L,303.3,312.7,1262,63.8,100,0,0,0,0,0,0,0,0.015252732,Baixo
5349,L52528,L,303.3,312.6,1623,34.6,102,0,0,0,0,0,0,0,9.850024e-07,Baixo
5350,M20209,M,303.3,312.7,1642,33.6,104,0,0,0,0,0,0,0,1.0865541e-06,Baixo
5351,M20210,M,303.4,312.8,1622,35.1,107,0,0,0,0,0,0,0,5.8536066e-06,Baixo
5352,M20211,M,303.5,312.9,1530,34.5,110,0,0,0,0,0,0,0,0.00012457196,Baixo
5353,M20212,M,303.4,312.8,1590,36.3,113,0,0,0,0,0,0,0,6.621174e-07,Baixo
5354,L52533,L,303.4,312.7,1589,34.0,116,0,0,0,0,0,0,0,2.4361857e-06,Baixo
5355,L52534,L,303.4,312.6,1462,37.5,118,0,0,0,0,0,0,0,2.26826e-06,Baixo
5356,H34769,H,303.3,312.5,1328,49.8,120,0,0,0,0,0,0,0,0.00021237704,Baixo
5357,H34770,H,303.3,312.6,1692,29.0,125,0,0,0,0,0,0,0,9.731666e-07,Baixo
5358,L52537,L,303.3,312.5,1968,20.6,130,0,0,0,0,0,0,0,1.1063373e-06,Baixo
5359,H34772,H,303.3,312.6,1827,24.2,132,0,0,0,0,0,0,0,1.1662905e-06,Baixo
5360,M20219,M,303.3,312.6,1397,47.1,137,0,0,0,0,0,0,0,2.4175777e-06,Baixo
5361,L52540,L,303.3,312.6,1463,44.0,140,0,0,0,0,0,0,0,3.4027369e-06,Baixo
5362,L52541,L,303.3,312.7,1643,30.7,142,0,0,0,0,0,0,0,8.962249e-07,Baixo
5363,L52542,L,303.2,312.6,1281,57.0,144,0,0,0,0,0,0,0,0.00088860764,Baixo
5364,L52543,L,303.2,312.5,1518,39.9,146,0,0,0,0,0,0,0,6.8688637e-06,Baixo
5365,L52544,L,303.2,312.6,1601,35.3,148,0,0,0,0,0,0,0,3.074522e-06,Baixo
5366,L52545,L,303.1,312.6,1548,36.4,150,0,0,0,0,0,0,0,1.4730734e-05,Baixo
5367,H34780,H,303.1,312.6,1404,40.6,152,0,0,0,0,0,0,0,7.3424353e-06,Baixo
5368,M20227,M,303.1,312.5,1766,26.7,157,0,0,0,0,0,0,0,5.7698395e-07,Baixo
5369,M20228,M,303.1,312.5,1667,30.0,160,0,0,0,0,0,0,0,5.353111e-07,Baixo
5370,H34783,H,303.0,312.5,1507,37.9,163,0,0,0,0,0,0,0,1.6392785e-05,Baixo
5371,H34784,H,303.0,312.4,1627,37.1,168,0,0,0,0,0,0,0,5.050251e-08,Baixo
5372,L52551,L,302.9,312.3,1435,47.7,173,0,0,0,0,0,0,0,1.1344174e-06,Baixo
5373,H34786,H,302.9,312.3,1509,46.8,175,0,0,0,0,0,0,0,1.1416921e-05,Baixo
5374,M20233,M,302.9,312.3,1809,25.0,180,0,0,0,0,0,0,0,1.9962845e-06,Baixo
5375,L52554,L,302.9,312.3,1515,40.8,183,0,0,0,0,0,0,0,1.2008501e-06,Baixo
5376,L52555,L,302.9,312.3,1530,34.9,185,0,0,0,0,0,0,0,4.3473424e-06,Baixo
5377,H34790,H,302.8,312.3,1336,57.5,187,0,0,0,0,0,0,0,0.059291795,Baixo
5378,L52557,L,302.9,312.4,2030,19.1,192,0,0,0,0,0,0,0,1.6728972e-06,Baixo
5379,L52558,L,302.9,312.4,1550,36.9,194,0,0,0,0,0,0,0,4.1935508e-07,Baixo
5380,L52559,L,302.9,312.4,1446,41.7,196,0,0,0,0,0,0,0,6.9559446e-06,Baixo
5381,L52560,L,302.8,312.3,1494,37.5,198,0,0,0,0,0,0,0,8.571785e-05,Baixo
5382,L52561,L,302.8,312.4,1651,27.0,200,0,0,0,0,0,0,0,1.0299352e-06,Baixo
5383,L52562,L,302.9,312.4,1698,33.8,202,0,0,0,0,0,0,0,2.8046893e-06,Baixo
5384,L52563,L,302.8,312.3,1504,40.3,204,0,0,0,0,0,0,0,5.3968784e-06,Baixo
5385,M20244,M,302.9,312.4,1421,46.0,206,0,0,0,0,0,0,0,0.020431178,Baixo
5386,H34799,H,302.9,312.3,1754,26.9,209,0,0,0,0,0,0,0,2.70128e-06,Baixo
5387,L52566,L,302.9,312.2,1469,42.0,214,0,0,0,0,0,0,0,0.002037656,Baixo
5388,L52567,L,302.8,312.2,1433,50.0,216,0,0,0,0,0,0,0,0.0739931,Baixo
5389,M20248,M,302.8,312.3,1432,49.0,218,0,0,0,0,0,0,0,0.0016662285,Baixo
5390,L52569,L,302.8,312.3,1366,49.1,221,0,0,0,0,0,0,0,0.050081275,Baixo
5391,H34804,H,302.8,312.3,1483,47.2,223,0,0,0,0,0,0,0,0.0061956584,Baixo
5392,L52571,L,302.7,312.2,1572,34.4,228,0,0,0,0,0,0,0,0.9728861,Crítico
5393,L52572,L,302.8,312.2,1481,40.2,230,0,0,0,0,0,0,0,0.0071440204,Baixo
5394,L52573,L,302.8,312.3,1473,42.6,232,0,0,0,0,0,0,0,0.0010611578,Baixo
5395,M20254,M,302.8,312.3,1262,70.5,234,1,0,0,1,1,0,2,0.99999106,Crítico
5396,L52575,L,302.8,312.4,1529,36.8,237,0,0,0,0,0,0,0,0.027416335,Baixo
5397,L52576,L,302.8,312.4,1523,39.7,239,0,0,0,0,0,0,0,0.0061916346,Baixo
5398,M20257,M,302.8,312.3,1416,42.7,241,0,0,0,0,0,0,0,0.0067057023,Baixo
5399,L52578,L,302.9,312.4,1923,23.9,244,0,0,0,0,0,0,0,0.112090364,Baixo
5400,H34813,H,302.8,312.4,1411,53.8,246,1,0,0,0,1,0,1,0.9932689,Crítico
5401,L52580,L,302.7,312.4,1477,46.3,251,1,0,0,0,1,0,1,0.3773535,Moderado
5402,M20261,M,302.6,312.3,1454,54.8,253,1,1,0,0,1,0,2,0.98933536,Crítico
5403,L52582,L,302.7,312.3,1421,48.5,0,0,0,0,0,0,0,0,1.1359382e-05,Baixo
5404,L52583,L,302.7,312.3,1858,25.4,2,0,0,0,0,0,0,0,2.5387703e-06,Baixo
5405,H34818,H,302.8,312.5,1422,46.1,4,0,0,0,0,0,0,0,2.9675589e-06,Baixo
5406,L52585,L,302.7,312.4,1444,48.7,9,0,0,0,0,0,0,0,3.9807957e-05,Baixo
5407,L52586,L,302.7,312.4,1360,47.8,11,0,0,0,0,0,0,0,6.448487e-05,Baixo
5408,L52587,L,302.7,312.4,1954,24.8,13,0,0,0,0,0,0,0,2.3829583e-05,Baixo
5409,L52588,L,302.6,312.4,1628,33.0,15,0,0,0,0,0,0,0,8.155912e-08,Baixo
5410,L52589,L,302.7,312.4,1433,44.2,17,0,0,0,0,0,0,0,1.4154936e-06,Baixo
5411,M20270,M,302.7,312.5,1417,51.5,19,0,0,0,0,0,0,0,3.954548e-07,Baixo
5412,L52591,L,302.8,312.6,1462,39.4,22,0,0,0,0,0,0,0,1.3200447e-06,Baixo
5413,L52592,L,302.9,312.6,1328,59.9,24,0,0,0,0,0,0,0,0.0040209843,Baixo
5414,H34827,H,302.7,312.5,1527,36.4,26,0,0,0,0,0,0,0,3.3938406e-06,Baixo
5415,L52594,L,302.6,312.3,1534,34.3,31,0,0,0,0,0,0,0,6.9870794e-06,Baixo
5416,M20275,M,302.6,312.4,1410,50.3,33,0,0,0,0,0,0,0,6.389785e-07,Baixo
5417,L52596,L,302.6,312.3,1660,30.3,36,0,0,0,0,0,0,0,9.983208e-07,Baixo
5418,L52597,L,302.6,312.4,1386,45.8,38,0,0,0,0,0,0,0,9.869519e-06,Baixo
5419,L52598,L,302.6,312.4,1398,41.6,40,0,0,0,0,0,0,0,5.943276e-07,Baixo
5420,L52599,L,302.6,312.3,1321,53.4,42,0,0,0,0,0,0,0,1.1983758e-05,Baixo
5421,L52600,L,302.6,312.3,1512,34.2,44,0,0,0,0,0,0,0,1.4825786e-06,Baixo
5422,M20281,M,302.6,312.3,1566,36.6,46,0,0,0,0,0,0,0,1.4959246e-06,Baixo
5423,M20282,M,302.7,312.4,1422,44.5,49,0,0,0,0,0,0,0,9.217386e-07,Baixo
5424,L52603,L,302.6,312.3,1647,31.8,52,0,0,0,0,0,0,0,1.12812934e-07,Baixo
5425,L52604,L,302.6,312.2,1377,45.5,54,0,0,0,0,0,0,0,0.00056829554,Baixo
5426,L52605,L,302.5,312.2,1775,27.9,56,0,0,0,0,0,0,0,1.3523335e-06,Baixo
5427,L52606,L,302.6,312.3,1554,42.0,58,0,0,0,0,0,0,0,2.3395275e-07,Baixo
5428,L52607,L,302.7,312.4,1423,51.9,60,0,0,0,0,0,0,0,6.660382e-07,Baixo
5429,L52608,L,302.7,312.4,1453,47.3,62,0,0,0,0,0,0,0,1.6319847e-05,Baixo
5430,L52609,L,302.8,312.4,1590,34.4,64,0,0,0,0,0,0,0,2.1995743e-06,Baixo
5431,L52610,L,302.8,312.5,1694,28.4,66,0,0,0,0,0,0,0,8.496688e-07,Baixo
5432,L52611,L,302.8,312.5,1462,43.4,68,0,0,0,0,0,0,0,1.4288555e-06,Baixo
5433,L52612,L,302.8,312.4,1392,46.2,70,0,0,0,0,0,0,0,1.1892663e-06,Baixo
5434,L52613,L,302.9,312.5,1550,45.5,72,0,0,0,0,0,0,0,7.561779e-06,Baixo
5435,L52614,L,302.9,312.5,1629,30.4,74,0,0,0,0,0,0,0,7.2275566e-07,Baixo
5436,M20295,M,303.0,312.5,1524,42.1,76,0,0,0,0,0,0,0,1.1636108e-06,Baixo
5437,M20296,M,302.9,312.5,1679,30.9,79,0,0,0,0,0,0,0,3.6260055e-06,Baixo
5438,M20297,M,302.9,312.6,1394,46.4,82,0,0,0,0,0,0,0,1.4309133e-05,Baixo
5439,L52618,L,302.9,312.5,1683,32.1,85,0,0,0,0,0,0,0,8.4868407e-07,Baixo
5440,L52619,L,303.0,312.5,1626,30.5,87,0,0,0,0,0,0,0,1.8077724e-06,Baixo
5441,H34854,H,303.0,312.5,1698,30.0,89,0,0,0,0,0,0,0,2.183298e-06,Baixo
5442,M20301,M,303.0,312.6,1392,42.9,94,0,0,0,0,0,0,0,5.4987995e-06,Baixo
5443,L52622,L,303.1,312.7,1353,51.8,97,0,0,0,0,0,0,0,0.0015044422,Baixo
5444,M20303,M,303.0,312.7,1426,46.8,99,0,0,0,0,0,0,0,4.30321e-05,Baixo
5445,L52624,L,303.0,312.7,2024,19.9,102,0,0,0,0,0,0,0,5.77149e-07,Baixo
5446,M20305,M,303.0,312.8,1648,32.1,104,0,0,0,0,0,0,0,9.623409e-07,Baixo
5447,L52626,L,303.1,312.9,1511,40.1,107,0,0,0,0,0,0,0,3.8582948e-05,Baixo
5448,L52627,L,303.1,312.8,1465,44.1,109,0,0,0,0,0,0,0,2.9054606e-06,Baixo
5449,L52628,L,303.0,312.7,1551,41.8,111,0,0,0,0,0,0,0,4.4990833e-07,Baixo
5450,L52629,L,303.1,312.8,2329,15.1,113,0,0,0,0,0,0,0,1.35803775e-05,Baixo
5451,H34864,H,303.1,312.8,1435,41.9,115,0,0,0,0,0,0,0,1.0595803e-05,Baixo
5452,L52631,L,303.0,312.7,1361,48.8,120,0,0,0,0,0,0,0,0.00094930216,Baixo
5453,M20312,M,303.0,312.7,1553,35.8,122,0,0,0,0,0,0,0,3.5087728e-06,Baixo
5454,L52633,L,303.0,312.6,1451,42.1,125,0,0,0,0,0,0,0,1.7009648e-06,Baixo
5455,L52634,L,303.0,312.5,1461,40.2,127,0,0,0,0,0,0,0,1.9965871e-06,Baixo
5456,M20315,M,303.1,312.6,1895,23.5,129,0,0,0,0,0,0,0,1.9864885e-05,Baixo
5457,M20316,M,303.1,312.6,1567,32.9,132,0,0,0,0,0,0,0,2.3610814e-06,Baixo
5458,M20317,M,303.0,312.5,1602,33.7,135,0,0,0,0,0,0,0,6.2884294e-07,Baixo
5459,L52638,L,303.1,312.6,1514,42.1,138,0,0,0,0,0,0,0,6.9477637e-06,Baixo
5460,L52639,L,303.1,312.5,1453,49.1,140,0,0,0,0,0,0,0,1.9254692e-05,Baixo
5461,M20320,M,303.0,312.4,1526,36.1,142,0,0,0,0,0,0,0,0.000104896775,Baixo
5462,M20321,M,302.9,312.3,1339,52.1,145,0,0,0,0,0,0,0,0.00024201398,Baixo
5463,L52642,L,302.9,312.3,1889,22.8,148,0,0,0,0,0,0,0,1.1024256e-06,Baixo
5464,L52643,L,302.9,312.4,1561,34.8,150,0,0,0,0,0,0,0,2.1274363e-06,Baixo
5465,M20324,M,302.9,312.4,1659,33.1,152,0,0,0,0,0,0,0,3.590878e-06,Baixo
5466,L52645,L,302.9,312.4,1424,49.5,155,0,0,0,0,0,0,0,8.46096e-06,Baixo
5467,M20326,M,302.9,312.3,1426,44.7,157,0,0,0,0,0,0,0,1.1958349e-07,Baixo
5468,L52647,L,302.9,312.4,1383,51.4,160,0,0,0,0,0,0,0,3.6235284e-05,Baixo
5469,L52648,L,302.8,312.3,1764,29.9,162,0,0,0,0,0,0,0,9.727652e-08,Baixo
5470,M20329,M,302.7,312.2,1439,42.5,164,0,0,0,0,0,0,0,2.1800918e-06,Baixo
5471,M20330,M,302.7,312.2,1585,35.5,167,0,0,0,0,0,0,0,5.632613e-07,Baixo
5473,L52652,L,302.8,312.3,1386,57.8,172,0,0,0,0,0,0,0,0.0009117837,Baixo
5474,L52653,L,302.7,312.2,1369,51.8,174,0,0,0,0,0,0,0,0.035755996,Baixo
5475,M20334,M,302.7,312.1,1378,46.9,176,0,0,0,0,0,0,0,0.010662737,Baixo
5476,L52655,L,302.7,312.2,1336,46.8,179,0,0,0,0,0,0,0,0.00018611233,Baixo
5477,M20336,M,302.6,312.1,1445,42.0,181,0,0,0,0,0,0,0,8.247941e-06,Baixo
5478,L52657,L,302.7,312.1,1763,26.5,184,0,0,0,0,0,0,0,4.15077e-07,Baixo
5479,L52658,L,302.7,312.2,1611,34.1,186,0,0,0,0,0,0,0,1.8507534e-06,Baixo
5480,M20339,M,302.7,312.1,1564,32.1,188,0,0,0,0,0,0,0,3.293011e-06,Baixo
5481,H34894,H,302.7,312.1,1478,36.0,191,0,0,0,0,0,0,0,2.5589873e-06,Baixo
5482,L52661,L,302.6,312.0,1781,28.5,196,0,0,0,0,0,0,0,1.1030619e-06,Baixo
5483,L52662,L,302.6,312.1,1782,26.8,198,0,0,0,0,0,0,0,2.1259984e-06,Baixo
5484,M20343,M,302.6,312.1,2000,21.9,200,0,0,0,0,0,0,0,0.00074988435,Baixo
5485,M20344,M,302.5,312.0,1826,25.3,203,0,0,0,0,0,0,0,1.4695374e-05,Baixo
5486,L52665,L,302.6,312.1,1344,51.0,206,0,0,0,0,0,0,0,0.026208645,Baixo
5487,L52666,L,302.6,312.2,1520,43.0,208,0,0,0,0,0,0,0,0.002858364,Baixo
5488,M20347,M,302.6,312.1,1611,39.9,210,0,0,0,0,0,0,0,0.0003395474,Baixo
5489,L52668,L,302.7,312.2,1450,52.1,213,1,0,0,0,1,0,1,0.30195233,Moderado
5491,L52670,L,302.6,312.1,1288,68.5,0,1,0,0,1,0,0,1,0.9994893,Crítico
5492,M20351,M,302.7,312.2,1350,58.6,2,0,0,0,0,0,0,0,0.0877373,Baixo
5493,M20352,M,302.9,312.4,1334,50.9,5,0,0,0,0,0,0,0,0.0002697861,Baixo
5494,L52673,L,302.8,312.4,1376,57.1,8,0,0,0,0,0,0,0,0.005919248,Baixo
5495,L52674,L,302.8,312.4,1368,49.5,10,0,0,0,0,0,0,0,0.00014957489,Baixo
5497,M20356,M,302.9,312.5,1924,24.0,17,0,0,0,0,0,0,0,3.2127195e-05,Baixo
5498,M20357,M,302.9,312.5,1551,40.0,20,0,0,0,0,0,0,0,9.613131e-06,Baixo
5499,M20358,M,302.9,312.5,1903,21.2,23,0,0,0,0,0,0,0,4.311294e-06,Baixo
5500,H34913,H,302.9,312.3,1417,48.7,26,0,0,0,0,0,0,0,6.774759e-08,Baixo
5501,L52680,L,302.7,312.1,1601,35.2,31,0,0,0,0,0,0,0,1.7713346e-05,Baixo
5502,L52681,L,302.7,312.1,1543,37.5,33,0,0,0,0,0,0,0,1.5287598e-06,Baixo
5503,L52682,L,302.6,312.1,1439,52.3,35,0,0,0,0,0,0,0,2.4661962e-05,Baixo
5504,H34917,H,302.6,312.0,1657,29.3,37,0,0,0,0,0,0,0,4.619911e-06,Baixo
5505,L52684,L,302.8,312.2,1458,51.0,42,0,0,0,0,0,0,0,7.2738903e-06,Baixo
5506,L52685,L,302.8,312.2,1746,27.4,44,0,0,0,0,0,0,0,3.2272422e-07,Baixo
5507,L52686,L,302.9,312.2,1677,30.5,46,0,0,0,0,0,0,0,1.4173387e-06,Baixo
5508,L52687,L,302.8,312.1,1520,39.9,48,0,0,0,0,0,0,0,1.099233e-06,Baixo
5509,L52688,L,302.9,312.2,1367,55.1,50,0,0,0,0,0,0,0,0.023814745,Baixo
5511,L52690,L,302.8,312.1,1418,51.4,54,0,0,0,0,0,0,0,5.782972e-07,Baixo
5512,L52691,L,302.8,312.1,1958,20.3,56,0,0,0,0,0,0,0,3.7563834e-07,Baixo
5513,L52692,L,302.8,312.2,1682,30.9,58,0,0,0,0,0,0,0,5.3963925e-07,Baixo
5514,M20373,M,302.8,312.2,1452,50.3,60,0,0,0,0,0,0,0,8.795311e-06,Baixo
5515,L52694,L,302.7,312.0,1828,24.0,63,0,0,0,0,0,0,0,3.8906774e-07,Baixo
5516,H34929,H,302.7,312.0,1484,41.5,65,0,0,0,0,0,0,0,4.061141e-06,Baixo
5517,L52696,L,302.6,312.0,1674,32.2,70,0,0,0,0,0,0,0,6.2051936e-07,Baixo
5518,L52697,L,302.6,311.9,1448,49.5,72,0,0,0,0,0,0,0,8.5418405e-06,Baixo
5519,M20378,M,302.5,311.8,2023,19.1,74,0,0,0,0,0,0,0,0.00017121674,Baixo
5520,L52699,L,302.5,311.9,1452,47.4,77,0,0,0,0,0,0,0,1.0734421e-05,Baixo
5521,M20380,M,302.6,312.0,1496,45.0,79,0,0,0,0,0,0,0,4.133597e-06,Baixo
5522,L52701,L,302.6,311.9,1397,46.9,82,0,0,0,0,0,0,0,4.486719e-06,Baixo
5523,L52702,L,302.6,311.9,1453,39.1,84,0,0,0,0,0,0,0,1.8010482e-05,Baixo
5524,M20383,M,302.5,311.9,1524,34.8,86,0,0,0,0,0,0,0,7.1183126e-06,Baixo
5525,L52704,L,302.6,311.9,1633,30.9,89,0,0,0,0,0,0,0,1.559059e-06,Baixo
5526,M20385,M,302.6,312.0,1363,45.7,91,0,0,0,0,0,0,0,0.7852228,Alto
5527,L52706,L,302.5,311.9,1520,44.9,94,0,0,0,0,0,0,0,9.3735287e-07,Baixo
5528,M20387,M,302.5,311.9,1532,38.8,96,0,0,0,0,0,0,0,1.0268939e-06,Baixo
5529,L52708,L,302.4,311.8,1384,50.9,99,0,0,0,0,0,0,0,2.3887853e-06,Baixo
5530,M20389,M,302.4,311.8,1539,39.9,101,0,0,0,0,0,0,0,1.5800548e-06,Baixo
5531,M20390,M,302.3,311.8,1355,50.1,104,0,0,0,0,0,0,0,0.00068585697,Baixo
5532,M20391,M,302.3,311.7,1504,37.3,107,0,0,0,0,0,0,0,4.8983697e-05,Baixo
5533,L52712,L,302.4,311.8,1476,46.6,110,0,0,0,0,0,0,0,1.2182273e-05,Baixo
5534,L52713,L,302.4,311.7,1721,26.9,112,0,0,0,0,0,0,0,1.1307478e-07,Baixo
5535,M20394,M,302.3,311.7,1494,37.1,114,0,0,0,0,0,0,0,2.7995267e-07,Baixo
5536,L52715,L,302.3,311.7,1465,43.5,117,0,0,0,0,0,0,0,6.913863e-07,Baixo
5538,L52717,L,302.4,311.8,1648,30.0,122,0,0,0,0,0,0,0,3.7567526e-07,Baixo
5539,M20398,M,302.3,311.8,1879,23.0,124,0,0,0,0,0,0,0,7.100393e-06,Baixo
5540,H34953,H,302.3,311.7,1482,39.0,127,0,0,0,0,0,0,0,4.9967757e-06,Baixo
5541,L52720,L,302.4,311.8,1493,38.4,132,0,0,0,0,0,0,0,4.693178e-06,Baixo
5542,L52721,L,302.4,311.8,1433,42.2,134,0,0,0,0,0,0,0,6.614175e-07,Baixo
5543,L52722,L,302.3,311.7,1400,41.6,136,0,0,0,0,0,0,0,3.861195e-05,Baixo
5544,L52723,L,302.4,311.8,1255,59.0,138,0,0,0,0,0,0,0,0.00041996661,Baixo
5545,L52724,L,302.2,311.7,1471,45.6,140,0,0,0,0,0,0,0,2.8598622e-06,Baixo
5546,H34959,H,302.2,311.6,1357,44.2,142,0,0,0,0,0,0,0,0.000505558,Baixo
5547,L52726,L,302.3,311.7,1453,41.2,147,0,0,0,0,0,0,0,8.731095e-06,Baixo
5548,M20407,M,302.3,311.7,1540,28.9,149,0,0,0,0,0,0,0,4.183487e-06,Baixo
5549,L52728,L,302.3,311.8,1605,35.2,152,0,0,0,0,0,0,0,7.2443737e-07,Baixo
5550,H34963,H,302.3,311.9,1374,52.4,154,0,0,0,0,0,0,0,0.0017995036,Baixo
5551,M20410,M,302.3,311.9,1508,42.3,159,0,0,0,0,0,0,0,1.7079644e-07,Baixo
5552,H34965,H,302.4,311.9,1366,47.3,162,0,0,0,0,0,0,0,0.004633332,Baixo
5553,H34966,H,302.5,312.0,1579,35.7,167,0,0,0,0,0,0,0,3.975041e-08,Baixo
5555,M20414,M,302.5,312.0,1521,40.2,174,0,0,0,0,0,0,0,3.0761469e-06,Baixo
5556,L52735,L,302.5,312.0,1411,44.2,177,0,0,0,0,0,0,0,1.9654008e-06,Baixo
5557,H34970,H,302.5,312.0,1357,42.0,179,0,0,0,0,0,0,0,0.00013563351,Baixo
5558,M20417,M,302.5,312.0,1436,43.5,184,0,0,0,0,0,0,0,4.5271628e-07,Baixo
5559,L52738,L,302.5,311.9,1553,40.1,187,0,0,0,0,0,0,0,5.586378e-06,Baixo
5560,M20419,M,302.5,312.0,1451,43.2,189,0,0,0,0,0,0,0,6.767972e-07,Baixo
5561,L52740,L,302.4,311.9,1541,37.9,192,0,0,0,0,0,0,0,7.108767e-06,Baixo
5562,M20421,M,302.3,311.7,1341,46.3,194,0,0,0,0,0,0,0,0.001975447,Baixo
5563,L52742,L,302.3,311.7,1648,32.1,197,0,0,0,0,0,0,0,1.6856126e-06,Baixo
5564,M20423,M,302.3,311.7,1640,31.5,199,0,0,0,0,0,0,0,1.2874997e-06,Baixo
5565,L52744,L,302.4,311.8,1416,46.1,202,0,0,0,0,0,0,0,2.5987225e-05,Baixo
5566,L52745,L,302.4,311.9,1671,29.9,204,0,0,0,0,0,0,0,4.4856628e-05,Baixo
5567,L52746,L,302.4,312.0,1457,45.5,206,0,0,0,0,0,0,0,0.00096140115,Baixo
5568,M20427,M,302.5,312.0,1445,54.8,0,0,0,0,0,0,0,0,6.374694e-06,Baixo
5569,L52748,L,302.5,312.1,1534,38.6,3,0,0,0,0,0,0,0,1.7180896e-06,Baixo
5570,L52749,L,302.4,312.0,1508,36.9,5,0,0,0,0,0,0,0,8.6004445e-07,Baixo
5571,M20430,M,302.4,312.1,1492,47.7,7,0,0,0,0,0,0,0,4.0659245e-07,Baixo
5572,L52751,L,302.4,312.0,1562,37.9,10,0,0,0,0,0,0,0,4.3863116e-07,Baixo
5573,L52752,L,302.4,312.0,1545,36.4,12,0,0,0,0,0,0,0,2.5291163e-06,Baixo
5574,L52753,L,302.5,312.2,1738,25.3,14,0,0,0,0,0,0,0,5.692914e-07,Baixo
5575,L52754,L,302.4,312.0,1305,49.1,16,0,0,0,0,0,0,0,8.836753e-05,Baixo
5576,H34989,H,302.4,312.0,1477,39.7,18,0,0,0,0,0,0,0,1.5313685e-07,Baixo
5577,H34990,H,302.4,312.0,1457,43.4,23,0,0,0,0,0,0,0,3.596069e-07,Baixo
5578,L52757,L,302.4,312.1,1455,40.4,28,0,0,0,0,0,0,0,2.721742e-06,Baixo
5579,L52758,L,302.5,312.2,1574,38.7,30,0,0,0,0,0,0,0,3.870892e-07,Baixo
5580,L52759,L,302.6,312.2,1695,27.1,32,0,0,0,0,0,0,0,3.7742407e-07,Baixo
5581,M20440,M,302.6,312.2,1458,38.8,34,0,0,0,0,0,0,0,2.7253732e-06,Baixo
5582,M20441,M,302.5,312.1,1454,47.6,37,0,0,0,0,0,0,0,4.0475436e-07,Baixo
5583,L52762,L,302.5,312.0,2052,18.9,40,0,0,0,0,0,0,0,2.7158176e-06,Baixo
5584,L52763,L,302.5,312.0,1673,29.9,42,0,0,0,0,0,0,0,1.2519376e-07,Baixo
5585,L52764,L,302.4,311.9,1578,29.9,44,0,0,0,0,0,0,0,5.339574e-07,Baixo
5586,M20445,M,302.5,312.0,1642,29.1,46,0,0,0,0,0,0,0,5.757159e-07,Baixo
5587,M20446,M,302.4,311.8,1557,31.5,49,0,0,0,0,0,0,0,1.2844571e-06,Baixo
5588,L52767,L,302.5,311.9,1481,42.9,52,0,0,0,0,0,0,0,1.0243166e-06,Baixo
5589,M20448,M,302.5,311.8,1566,37.6,54,0,0,0,0,0,0,0,4.995919e-07,Baixo
5590,M20449,M,302.5,311.9,1298,57.5,57,0,0,0,0,0,0,0,0.00047916907,Baixo
5591,M20450,M,302.5,311.9,1340,59.4,60,0,0,0,0,0,0,0,0.0014140063,Baixo
5592,L52771,L,302.5,312.0,1574,33.8,63,0,0,0,0,0,0,0,7.529638e-07,Baixo
5593,L52772,L,302.5,311.9,1437,46.7,65,0,0,0,0,0,0,0,4.1748163e-07,Baixo
5594,L52773,L,302.6,311.9,1354,48.0,67,0,0,0,0,0,0,0,0.77866465,Alto
5595,L52774,L,302.6,311.9,1598,35.5,69,0,0,0,0,0,0,0,2.1270518e-05,Baixo
5596,M20455,M,302.7,312.0,1944,21.4,71,0,0,0,0,0,0,0,0.00011203169,Baixo
5597,M20456,M,302.7,312.0,1538,36.7,74,0,0,0,0,0,0,0,5.989027e-05,Baixo
5598,L52777,L,302.7,312.0,1501,37.0,77,0,0,0,0,0,0,0,8.164411e-05,Baixo
5599,L52778,L,302.8,312.1,1441,52.1,79,0,0,0,0,0,0,0,5.7412883e-05,Baixo
5600,M20459,M,302.7,312.0,1652,31.0,81,0,0,0,0,0,0,0,4.498252e-06,Baixo
5601,L52780,L,302.8,312.1,1487,36.6,84,0,0,0,0,0,0,0,7.8900297e-07,Baixo
5602,L52781,L,302.9,312.2,1605,33.9,86,0,0,0,0,0,0,0,4.5455718e-06,Baixo
5603,L52782,L,302.9,312.1,1334,54.7,88,0,0,0,0,0,0,0,0.030386223,Baixo
5604,L52783,L,302.9,312.2,1340,57.8,90,0,0,0,0,0,0,0,0.01078,Baixo
5605,L52784,L,302.9,312.2,1513,37.8,92,0,0,0,0,0,0,0,4.548742e-06,Baixo
5606,L52785,L,302.9,312.2,1510,41.4,94,0,0,0,0,0,0,0,8.2485246e-07,Baixo
5607,L52786,L,302.9,312.2,1729,23.6,96,0,0,0,0,0,0,0,3.3771605e-07,Baixo
5608,M20467,M,302.9,312.2,1745,25.5,98,0,0,0,0,0,0,0,6.211908e-07,Baixo
5609,M20468,M,303.1,312.3,1623,31.6,101,0,0,0,0,0,0,0,1.9034517e-06,Baixo
5610,M20469,M,303.1,312.4,1378,50.1,104,0,0,0,0,0,0,0,0.004837073,Baixo
5611,L52790,L,303.1,312.4,1407,41.2,107,0,0,0,0,0,0,0,4.46215e-05,Baixo
5612,M20471,M,303.0,312.3,1674,29.5,109,0,0,0,0,0,0,0,1.6901181e-06,Baixo
5613,L52792,L,303.0,312.3,1486,42.4,112,0,0,0,0,0,0,0,1.0852814e-06,Baixo
5614,M20473,M,303.0,312.3,1483,38.8,114,0,0,0,0,0,0,0,2.116195e-05,Baixo
5615,H35028,H,303.0,312.2,1624,28.8,117,0,0,0,0,0,0,0,6.7760124e-07,Baixo
5616,M20475,M,303.0,312.2,1257,71.3,122,1,0,0,1,0,0,1,0.9981201,Crítico
5617,L52796,L,303.0,312.3,1480,41.4,125,0,0,0,0,0,0,0,7.4048576e-06,Baixo
5618,L52797,L,303.1,312.4,1404,61.5,127,1,0,0,1,0,0,1,0.051656514,Baixo
5619,M20478,M,303.0,312.4,1645,29.6,129,0,0,0,0,0,0,0,2.0786224e-06,Baixo
5620,L52799,L,303.0,312.3,1932,21.9,132,0,0,0,0,0,0,0,1.3908916e-06,Baixo
5621,L52800,L,303.0,312.3,1533,38.5,134,0,0,0,0,0,0,0,1.4567773e-06,Baixo
5622,M20481,M,302.9,312.2,1292,54.4,136,0,0,0,0,0,0,0,0.0022995195,Baixo
5623,L52802,L,302.9,312.2,1571,40.6,139,0,0,0,0,0,0,0,3.1550817e-07,Baixo
5624,L52803,L,302.9,312.3,1578,36.3,141,0,0,0,0,0,0,0,8.4581e-07,Baixo
5625,M20484,M,302.8,312.2,1469,36.9,143,0,0,0,0,0,0,0,2.723237e-05,Baixo
5626,L52805,L,302.7,312.1,1728,24.4,146,0,0,0,0,0,0,0,2.1741756e-07,Baixo
5627,H35040,H,302.7,312.1,1603,32.5,148,0,0,0,0,0,0,0,4.372121e-07,Baixo
5628,L52807,L,302.7,312.1,1597,39.8,153,0,0,0,0,0,0,0,1.1241636e-06,Baixo
5629,L52808,L,302.7,312.1,1688,32.0,155,0,0,0,0,0,0,0,1.161171e-06,Baixo
5630,L52809,L,302.7,312.2,1405,51.4,157,0,0,0,0,0,0,0,0.00012405963,Baixo
5631,M20490,M,302.8,312.2,1615,32.9,159,0,0,0,0,0,0,0,2.8621484e-06,Baixo
5632,L52811,L,302.8,312.2,1515,36.8,162,0,0,0,0,0,0,0,5.2859264e-06,Baixo
5633,L52812,L,302.7,312.2,1376,52.8,164,0,0,0,0,0,0,0,0.008881814,Baixo
5634,L52813,L,302.7,312.2,1447,47.5,166,0,0,0,0,0,0,0,1.32508985e-05,Baixo
5635,M20494,M,302.6,312.2,1353,56.5,168,0,0,0,0,0,0,0,0.008478065,Baixo
5636,L52815,L,302.6,312.1,1502,47.3,171,0,0,0,0,0,0,0,2.05354e-06,Baixo
5637,L52816,L,302.6,312.0,1447,45.5,173,0,0,0,0,0,0,0,2.3612734e-05,Baixo
5638,M20497,M,302.5,312.0,1487,46.1,175,0,0,0,0,0,0,0,1.7576191e-06,Baixo
5639,L52818,L,302.6,312.1,1519,38.1,178,0,0,0,0,0,0,0,2.1039843e-05,Baixo
5641,L52820,L,302.6,312.1,1420,51.6,182,0,0,0,0,0,0,0,1.8258854e-06,Baixo
5642,L52821,L,302.6,312.1,1473,37.3,184,0,0,0,0,0,0,0,7.8729516e-07,Baixo
5643,L52822,L,302.5,312.0,1495,38.8,186,0,0,0,0,0,0,0,1.5664049e-06,Baixo
5644,L52823,L,302.5,312.0,1574,42.0,188,0,0,0,0,0,0,0,5.4836266e-07,Baixo
5645,L52824,L,302.5,312.0,1383,51.3,190,0,0,0,0,0,0,0,0.00023822214,Baixo
5646,M20505,M,302.5,312.0,1591,29.4,192,0,0,0,0,0,0,0,4.8296937e-07,Baixo
5647,M20506,M,302.4,311.8,1644,37.2,195,0,0,0,0,0,0,0,2.7516174e-07,Baixo
5648,H35061,H,302.5,311.8,2370,14.7,198,0,0,0,0,0,0,0,0.0003516868,Baixo
5649,L52828,L,302.5,311.9,1401,44.9,203,0,0,0,0,0,0,0,0.00022969782,Baixo
5650,M20509,M,302.5,311.9,1414,51.6,205,0,0,0,0,0,0,0,0.00030544004,Baixo
5651,L52830,L,302.5,312.0,1456,46.3,208,0,0,0,0,0,0,0,0.04551085,Baixo
5652,M20511,M,302.5,312.0,1447,45.7,210,0,0,0,0,0,0,0,0.0006666544,Baixo
5653,L52832,L,302.4,311.8,1727,26.5,213,0,0,0,0,0,0,0,0.00010681736,Baixo
5654,L52833,L,302.4,311.7,1495,36.8,215,0,0,0,0,0,0,0,0.16559172,Baixo
5655,L52834,L,302.3,311.6,1544,34.3,0,0,0,0,0,0,0,0,5.155763e-06,Baixo
5656,L52835,L,302.3,311.5,1387,47.3,2,0,0,0,0,0,0,0,1.159839e-05,Baixo
5657,M20516,M,302.3,311.5,1316,47.2,4,0,0,0,0,0,0,0,0.0028733995,Baixo
5658,L52837,L,302.3,311.5,1794,26.1,7,0,0,0,0,0,0,0,4.6361574e-06,Baixo
5659,M20518,M,302.2,311.4,1372,55.1,9,0,0,0,0,0,0,0,0.0029652568,Baixo
5660,M20519,M,302.3,311.5,1674,30.0,12,0,0,0,0,0,0,0,3.309484e-05,Baixo
5661,L52840,L,302.2,311.4,1477,41.7,15,0,0,0,0,0,0,0,1.0448252e-06,Baixo
5662,L52841,L,302.2,311.4,1397,53.0,17,0,0,0,0,0,0,0,2.4395535e-05,Baixo
5663,L52842,L,302.2,311.5,1616,34.0,19,0,0,0,0,0,0,0,8.685615e-07,Baixo
5664,M20523,M,302.3,311.5,1530,42.3,21,0,0,0,0,0,0,0,4.871131e-07,Baixo
5665,M20524,M,302.2,311.4,1539,35.1,24,0,0,0,0,0,0,0,4.628016e-06,Baixo
5666,L52845,L,302.3,311.4,1845,21.9,27,0,0,0,0,0,0,0,5.3100016e-06,Baixo
5667,L52846,L,302.2,311.4,1430,43.1,29,0,0,0,0,0,0,0,2.3382477e-06,Baixo
5668,L52847,L,302.2,311.4,2080,19.2,31,0,0,0,0,0,0,0,4.336864e-05,Baixo
5669,M20528,M,302.2,311.4,1432,45.3,33,0,0,0,0,0,0,0,8.181213e-07,Baixo
5670,M20529,M,302.2,311.5,1479,39.5,36,0,0,0,0,0,0,0,3.1437855e-07,Baixo
5671,L52850,L,302.2,311.5,1424,45.2,39,0,0,0,0,0,0,0,2.811615e-07,Baixo
5672,H35085,H,302.2,311.6,1534,37.2,41,0,0,0,0,0,0,0,4.0007503e-08,Baixo
5673,H35086,H,302.1,311.6,1701,26.2,46,0,0,0,0,0,0,0,2.2223325e-07,Baixo
5674,L52853,L,302.2,311.6,1462,50.0,51,0,0,0,0,0,0,0,6.6890334e-07,Baixo
5675,M20534,M,302.2,311.7,1393,42.5,53,0,0,0,0,0,0,0,7.406621e-08,Baixo
5676,M20535,M,302.3,311.7,1453,42.5,56,0,0,0,0,0,0,0,2.5467918e-07,Baixo
5677,L52856,L,302.3,311.8,1565,37.8,59,0,0,0,0,0,0,0,4.4582525e-06,Baixo
5678,L52857,L,302.3,311.8,1281,51.7,61,0,0,0,0,0,0,0,0.00025816957,Baixo
5679,M20538,M,302.2,311.7,1584,36.2,63,0,0,0,0,0,0,0,1.8461317e-07,Baixo
5680,M20539,M,302.2,311.7,1466,49.0,66,0,0,0,0,0,0,0,3.221653e-06,Baixo
5681,M20540,M,302.2,311.6,1386,50.5,69,0,0,0,0,0,0,0,3.3607469e-06,Baixo
5682,L52861,L,302.2,311.6,1383,44.3,72,0,0,0,0,0,0,0,4.685099e-05,Baixo
5683,H35096,H,302.3,311.6,1441,53.9,74,0,0,0,0,0,0,0,2.2914937e-05,Baixo
5684,M20543,M,302.2,311.6,1592,37.7,79,0,0,0,0,0,0,0,4.3422456e-06,Baixo
5685,H35098,H,302.2,311.6,1594,36.8,82,0,0,0,0,0,0,0,7.113917e-08,Baixo
5686,L52865,L,302.2,311.5,1482,45.6,87,0,0,0,0,0,0,0,4.0029217e-06,Baixo
5687,L52866,L,302.2,311.6,1658,31.4,89,0,0,0,0,0,0,0,5.9292697e-06,Baixo
5688,L52867,L,302.3,311.7,2170,18.2,91,0,0,0,0,0,0,0,4.70147e-06,Baixo
5689,M20548,M,302.3,311.7,1423,44.6,93,0,0,0,0,0,0,0,7.6196085e-07,Baixo
5690,L52869,L,302.4,311.8,1543,31.1,96,0,0,0,0,0,0,0,1.1292911e-05,Baixo
5691,L52870,L,302.3,311.8,1435,44.8,98,0,0,0,0,0,0,0,1.0738518e-05,Baixo
5692,L52871,L,302.4,311.8,1320,56.4,100,0,0,0,0,0,0,0,0.0010190945,Baixo
5693,M20552,M,302.4,311.9,1313,55.7,102,0,0,0,0,0,0,0,0.0013732722,Baixo
5694,M20553,M,302.4,311.8,1453,42.1,105,0,0,0,0,0,0,0,1.8664403e-07,Baixo
5695,L52874,L,302.4,311.8,1508,45.7,108,0,0,0,0,0,0,0,3.4781743e-07,Baixo
5696,L52875,L,302.4,311.8,1451,42.0,110,0,0,0,0,0,0,0,1.7752653e-07,Baixo
5697,H35110,H,302.5,311.9,1595,34.6,112,0,0,0,0,0,0,0,9.3694915e-08,Baixo
5698,L52877,L,302.5,311.9,1354,49.4,117,0,0,0,0,0,0,0,0.00038818747,Baixo
5699,L52878,L,302.5,311.9,1265,59.8,119,0,0,0,0,0,0,0,0.0053628124,Baixo
5700,L52879,L,302.4,311.9,1867,25.9,121,0,0,0,0,0,0,0,3.8794174e-06,Baixo
5701,L52880,L,302.5,311.9,1497,41.6,123,0,0,0,0,0,0,0,9.794364e-07,Baixo
5702,M20561,M,302.5,311.9,1347,54.3,125,0,0,0,0,0,0,0,0.00065110874,Baixo
5703,L52882,L,302.3,311.7,1544,43.2,128,0,0,0,0,0,0,0,1.8555538e-07,Baixo
5704,H35117,H,302.3,311.7,1456,45.4,130,0,0,0,0,0,0,0,1.3775021e-06,Baixo
5705,L52884,L,302.5,311.8,1335,52.7,135,0,0,0,0,0,0,0,0.002447033,Baixo
5706,L52885,L,302.4,311.9,1452,43.1,137,0,0,0,0,0,0,0,2.7093192e-06,Baixo
5707,L52886,L,302.4,311.9,1290,70.0,139,1,0,0,1,0,0,1,0.7253553,Alto
5708,L52887,L,302.4,311.8,1448,43.4,141,0,0,0,0,0,0,0,3.928753e-06,Baixo
5709,L52888,L,302.3,311.7,1611,38.6,143,0,0,0,0,0,0,0,3.3683887e-07,Baixo
5710,L52889,L,302.2,311.7,1556,38.6,145,0,0,0,0,0,0,0,8.956268e-06,Baixo
5711,H35124,H,302.2,311.7,1413,46.5,147,0,0,0,0,0,0,0,6.257698e-07,Baixo
5712,L52891,L,302.2,311.6,1545,35.9,152,0,0,0,0,0,0,0,2.0543492e-05,Baixo
5713,L52892,L,302.2,311.7,1330,54.6,154,0,0,0,0,0,0,0,0.0005616217,Baixo
5714,L52893,L,302.2,311.9,1596,38.0,156,0,0,0,0,0,0,0,8.8788687e-07,Baixo
5715,L52894,L,302.2,311.8,1618,36.0,158,0,0,0,0,0,0,0,3.909621e-07,Baixo
5716,H35129,H,302.2,311.9,1597,35.8,160,0,0,0,0,0,0,0,2.3563682e-07,Baixo
5717,L52896,L,302.3,312.0,1354,52.2,165,0,0,0,0,0,0,0,0.00079015957,Baixo
5718,L52897,L,302.3,312.0,1746,28.1,167,0,0,0,0,0,0,0,1.4572356e-07,Baixo
5719,L52898,L,302.4,312.0,1621,32.5,169,0,0,0,0,0,0,0,3.4573364e-07,Baixo
5720,L52899,L,302.3,312.0,1398,43.3,171,0,0,0,0,0,0,0,4.1550516e-07,Baixo
5721,L52900,L,302.3,311.9,1434,51.9,173,0,0,0,0,0,0,0,1.8826291e-06,Baixo
5722,M20581,M,302.3,311.8,1443,43.4,175,0,0,0,0,0,0,0,6.301178e-06,Baixo
5723,L52902,L,302.2,311.7,1488,44.6,178,0,0,0,0,0,0,0,4.8574043e-06,Baixo
5724,M20583,M,302.3,311.8,1475,48.0,180,0,0,0,0,0,0,0,2.7431047e-06,Baixo
5725,L52904,L,302.3,311.8,1433,50.3,183,0,0,0,0,0,0,0,7.794762e-07,Baixo
5726,M20585,M,302.3,311.8,1557,34.1,185,0,0,0,0,0,0,0,1.711692e-07,Baixo
5727,M20586,M,302.4,311.9,1398,50.1,188,0,0,0,0,0,0,0,7.580226e-06,Baixo
5728,M20587,M,302.3,311.8,1559,34.4,191,0,0,0,0,0,0,0,8.559156e-07,Baixo
5729,M20588,M,302.4,311.9,1422,46.4,194,0,0,0,0,0,0,0,6.817737e-07,Baixo
5730,M20589,M,302.3,311.8,1463,35.7,197,0,0,0,0,0,0,0,2.1059582e-06,Baixo
5731,L52910,L,302.3,311.7,1793,25.3,200,0,0,0,0,0,0,0,2.431569e-06,Baixo
5732,L52911,L,302.2,311.6,1872,20.4,202,0,0,0,0,0,0,0,0.00010267631,Baixo
5733,L52912,L,302.2,311.7,1412,44.5,204,0,0,0,0,0,0,0,0.00013952481,Baixo
5734,L52913,L,302.3,311.8,1487,43.2,206,0,0,0,0,0,0,0,0.0016921463,Baixo
5735,L52914,L,302.3,311.8,1369,56.2,208,1,0,0,0,1,0,1,0.9830026,Crítico
5736,L52915,L,302.4,311.8,1673,30.1,210,0,0,0,0,0,0,0,0.0005120839,Baixo
5737,M20596,M,302.4,311.9,1439,36.6,212,0,0,0,0,0,0,0,0.003960037,Baixo
5738,L52917,L,302.3,311.8,1574,42.8,215,0,0,0,0,0,0,0,0.002090388,Baixo
5739,L52918,L,302.3,311.7,1281,48.8,0,0,0,0,0,0,0,0,0.00064131065,Baixo
5740,M20599,M,302.2,311.7,1653,31.4,2,0,0,0,0,0,0,0,2.2728801e-07,Baixo
5741,M20600,M,302.3,311.7,1535,38.3,5,0,0,0,0,0,0,0,6.367794e-07,Baixo
5742,M20601,M,302.3,311.7,1483,40.5,8,0,0,0,0,0,0,0,2.1798684e-07,Baixo
5743,L52922,L,302.3,311.7,1414,47.0,11,0,0,0,0,0,0,0,1.9648028e-06,Baixo
5744,M20603,M,302.2,311.6,1379,42.9,13,0,0,0,0,0,0,0,0.0002493573,Baixo
5745,H35158,H,302.2,311.5,1482,42.6,16,0,0,0,0,0,0,0,3.3765946e-06,Baixo
5746,L52925,L,302.1,311.5,1987,20.1,21,0,0,0,0,0,0,0,1.6519936e-06,Baixo
5747,M20606,M,302.1,311.5,1635,31.6,23,0,0,0,0,0,0,0,2.546287e-06,Baixo
5748,L52927,L,302.1,311.5,1533,39.4,26,0,0,0,0,0,0,0,4.83179e-07,Baixo
5749,M20608,M,302.2,311.7,1576,34.0,28,0,0,0,0,0,0,0,3.5465587e-07,Baixo
5750,H35163,H,302.2,311.8,1330,62.4,31,0,0,0,0,0,0,0,0.0037847979,Baixo
5751,L52930,L,302.2,311.8,1981,21.8,36,0,0,0,0,0,0,0,1.5217921e-07,Baixo
5752,H35165,H,302.3,311.8,1475,42.8,38,0,0,0,0,0,0,0,7.7563135e-07,Baixo
5753,H35166,H,302.3,311.8,1804,25.0,43,0,0,0,0,0,0,0,1.5218907e-07,Baixo
5754,L52933,L,302.2,311.6,1416,54.1,48,0,0,0,0,0,0,0,4.3431217e-07,Baixo
5755,L52934,L,302.1,311.5,1727,27.7,50,0,0,0,0,0,0,0,6.886606e-06,Baixo
5756,L52935,L,302.1,311.4,1391,49.2,52,0,0,0,0,0,0,0,1.6716483e-06,Baixo
5757,M20616,M,302.0,311.5,1366,52.3,54,0,0,0,0,0,0,0,3.1047618e-06,Baixo
5758,L52937,L,301.9,311.3,1366,55.6,57,0,0,0,0,0,0,0,0.00024102727,Baixo
5759,L52938,L,301.9,311.3,1501,40.8,59,0,0,0,0,0,0,0,9.210831e-07,Baixo
5760,L52939,L,301.8,311.3,1551,35.8,61,0,0,0,0,0,0,0,5.8623777e-06,Baixo
5761,M20620,M,301.9,311.3,1522,35.6,63,0,0,0,0,0,0,0,2.2417507e-06,Baixo
5762,L52941,L,301.9,311.2,1369,49.8,66,0,0,0,0,0,0,0,0.00042882384,Baixo
5763,L52942,L,301.8,311.2,1334,52.3,68,0,0,0,0,0,0,0,8.721551e-05,Baixo
5764,H35177,H,301.8,311.2,1451,39.4,70,0,0,0,0,0,0,0,1.0354571e-05,Baixo
5765,L52944,L,301.7,311.2,1589,37.9,75,0,0,0,0,0,0,0,7.962835e-05,Baixo
5766,L52945,L,301.7,311.3,1708,30.5,77,0,0,0,0,0,0,0,4.6633977e-06,Baixo
5767,M20626,M,301.7,311.2,1413,42.6,79,0,0,0,0,0,0,0,9.2916383e-07,Baixo
5768,M20627,M,301.6,311.2,1415,46.5,82,0,0,0,0,0,0,0,5.26444e-06,Baixo
5769,L52948,L,301.7,311.3,1421,45.9,85,0,0,0,0,0,0,0,4.3114625e-05,Baixo
5770,L52949,L,301.7,311.3,1348,51.0,87,0,0,0,0,0,0,0,7.2606665e-05,Baixo
5771,L52950,L,301.6,311.2,1408,42.9,89,0,0,0,0,0,0,0,1.5949581e-06,Baixo
5772,L52951,L,301.6,311.2,1525,43.7,91,0,0,0,0,0,0,0,1.954032e-06,Baixo
5773,L52952,L,301.6,311.3,1706,29.9,93,0,0,0,0,0,0,0,1.6246487e-06,Baixo
5774,H35187,H,301.6,311.2,1395,46.8,95,0,0,0,0,0,0,0,7.773057e-06,Baixo
5775,L52954,L,301.5,311.1,1602,34.3,100,0,0,0,0,0,0,0,4.405375e-06,Baixo
5776,L52955,L,301.6,311.1,1907,21.5,102,0,0,0,0,0,0,0,3.685394e-06,Baixo
5777,L52956,L,301.6,311.1,1325,49.2,104,0,0,0,0,0,0,0,0.00011376947,Baixo
5778,L52957,L,301.6,311.1,1408,44.4,106,0,0,0,0,0,0,0,2.5526557e-05,Baixo
5779,M20638,M,301.7,311.1,1489,41.4,108,0,0,0,0,0,0,0,1.7002479e-06,Baixo
5780,L52959,L,301.6,311.1,1680,29.2,111,0,0,0,0,0,0,0,2.404895e-07,Baixo
5781,L52960,L,301.7,311.2,1517,42.4,113,0,0,0,0,0,0,0,2.630404e-06,Baixo
5782,M20641,M,301.7,311.1,1618,36.7,115,0,0,0,0,0,0,0,3.6275307e-07,Baixo
5783,L52962,L,301.7,311.1,1455,39.8,118,0,0,0,0,0,0,0,2.3835084e-05,Baixo
5784,H35197,H,301.8,311.1,1543,36.4,120,0,0,0,0,0,0,0,1.8444511e-07,Baixo
5785,M20644,M,301.8,311.1,1399,41.8,125,0,0,0,0,0,0,0,3.8082235e-06,Baixo
5786,L52965,L,301.7,311.1,1469,37.2,128,0,0,0,0,0,0,0,1.1786606e-06,Baixo
5787,L52966,L,301.7,311.2,1521,36.7,130,0,0,0,0,0,0,0,7.050474e-06,Baixo
5788,L52967,L,301.7,311.3,1584,38.8,132,0,0,0,0,0,0,0,5.0584536e-06,Baixo
5789,L52968,L,301.8,311.5,1443,43.3,134,0,0,0,0,0,0,0,3.2266005e-06,Baixo
5790,M20649,M,301.8,311.5,1416,49.0,136,0,0,0,0,0,0,0,4.5600945e-07,Baixo
5791,M20650,M,301.7,311.2,1563,34.5,139,0,0,0,0,0,0,0,7.3368943e-07,Baixo
5792,M20651,M,301.8,311.3,1542,40.1,142,0,0,0,0,0,0,0,6.516577e-07,Baixo
5793,M20652,M,301.8,311.3,1624,31.6,145,0,0,0,0,0,0,0,2.7343836e-07,Baixo
5794,L52973,L,301.8,311.3,1471,44.2,148,0,0,0,0,0,0,0,2.9384952e-05,Baixo
5795,M20654,M,301.9,311.5,1492,40.8,150,0,0,0,0,0,0,0,8.6278664e-07,Baixo
5796,M20655,M,301.9,311.4,1465,39.9,153,0,0,0,0,0,0,0,5.3788126e-06,Baixo
5797,L52976,L,301.7,311.1,1399,55.1,156,0,0,0,0,0,0,0,0.00063235534,Baixo
5798,L52977,L,301.6,311.0,1431,42.6,158,0,0,0,0,0,0,0,2.1420988e-06,Baixo
5799,L52978,L,301.5,310.9,1600,39.0,160,0,0,0,0,0,0,0,1.2668895e-05,Baixo
5800,L52979,L,301.5,310.8,1593,34.5,162,0,0,0,0,0,0,0,2.9561085e-07,Baixo
5801,L52980,L,301.5,310.9,1469,44.7,164,0,0,0,0,0,0,0,1.2912938e-05,Baixo
5802,L52981,L,301.5,310.8,1413,44.6,166,0,0,0,0,0,0,0,3.1050502e-07,Baixo
5803,L52982,L,301.4,310.8,1490,38.0,168,0,0,0,0,0,0,0,2.0065947e-05,Baixo
5804,L52983,L,301.5,310.9,1671,31.1,170,0,0,0,0,0,0,0,3.0415035e-06,Baixo
5805,L52984,L,301.5,310.9,1365,46.5,172,0,0,0,0,0,0,0,0.00095676736,Baixo
5806,M20665,M,301.4,310.9,1557,39.3,174,0,0,0,0,0,0,0,6.978842e-06,Baixo
5807,L52986,L,301.4,310.9,1440,45.4,177,0,0,0,0,0,0,0,4.1773596e-06,Baixo
5808,M20667,M,301.4,310.9,1489,38.9,179,0,0,0,0,0,0,0,4.155816e-05,Baixo
5809,L52988,L,301.4,311.0,1733,25.7,182,0,0,0,0,0,0,0,1.2820052e-05,Baixo
5810,H35223,H,301.3,311.0,1580,36.6,184,0,0,0,0,0,0,0,6.010822e-07,Baixo
5811,L52990,L,301.3,311.0,1856,21.9,189,0,0,0,0,0,0,0,2.3166545e-07,Baixo
5812,L52991,L,301.3,311.1,1454,40.3,191,0,0,0,0,0,0,0,3.0410594e-05,Baixo
5813,L52992,L,301.4,311.1,1495,36.3,193,0,0,0,0,0,0,0,2.7655894e-06,Baixo
5814,L52993,L,301.2,311.0,1761,29.1,195,0,0,0,0,0,0,0,8.863785e-06,Baixo
5815,M20674,M,301.3,311.0,1402,47.5,197,0,0,0,0,0,0,0,0.00014671347,Baixo
5816,L52995,L,301.2,311.0,1670,33.0,200,0,0,0,0,0,0,0,7.334835e-06,Baixo
5817,L52996,L,301.3,311.0,1582,35.6,202,0,0,0,0,0,0,0,0.00039621413,Baixo
5818,L52997,L,301.3,311.0,1542,35.1,204,0,0,0,0,0,0,0,0.0023516482,Baixo
5819,L52998,L,301.3,311.0,1539,36.9,206,0,0,0,0,0,0,0,0.061274704,Baixo
5820,L52999,L,301.3,311.0,1418,41.9,208,0,0,0,0,0,0,0,0.5049565,Moderado
5821,L53000,L,301.3,311.1,1723,27.6,210,0,0,0,0,0,0,0,0.0018411165,Baixo
5822,L53001,L,301.3,311.1,1303,49.2,212,0,0,0,0,0,0,0,0.0024988272,Baixo
5823,M20682,M,301.3,311.0,1463,50.2,214,0,0,0,0,0,0,0,0.034358546,Baixo
5824,L53003,L,301.2,311.0,1544,39.3,217,0,0,0,0,0,0,0,0.010116114,Baixo
5825,L53004,L,301.2,311.0,1596,37.2,219,0,0,0,0,0,0,0,0.00577574,Baixo
5826,L53005,L,301.3,311.1,1413,42.0,221,0,0,0,0,0,0,0,0.00032366414,Baixo
5827,M20686,M,301.3,311.1,1492,41.2,223,0,0,0,0,0,0,0,0.00058889634,Baixo
5828,L53007,L,301.3,311.1,1624,40.9,0,0,0,0,0,0,0,0,2.6153904e-07,Baixo
5829,L53008,L,301.3,311.1,1504,39.1,2,0,0,0,0,0,0,0,2.1863045e-05,Baixo
5830,M20689,M,301.2,311.1,1574,34.3,4,0,0,0,0,0,0,0,1.4589336e-06,Baixo
5831,M20690,M,301.3,311.2,1438,42.4,7,0,0,0,0,0,0,0,4.568356e-07,Baixo
5832,L53011,L,301.3,311.3,1474,50.7,10,0,0,0,0,0,0,0,1.4297376e-05,Baixo
5833,L53012,L,301.3,311.2,1675,32.1,12,0,0,0,0,0,0,0,4.6273894e-06,Baixo
5834,L53013,L,301.3,311.2,1457,44.5,14,0,0,0,0,0,0,0,1.4102119e-05,Baixo
5835,L53014,L,301.3,311.3,1434,49.8,16,0,0,0,0,0,0,0,4.0087666e-06,Baixo
5836,L53015,L,301.3,311.2,1668,30.1,18,0,0,0,0,0,0,0,3.6902088e-07,Baixo
5837,L53016,L,301.2,311.1,1550,39.7,20,0,0,0,0,0,0,0,1.8713126e-06,Baixo
5838,M20697,M,301.3,311.1,1834,25.4,22,0,0,0,0,0,0,0,6.1471064e-07,Baixo
5839,M20698,M,301.4,311.2,1476,36.5,25,0,0,0,0,0,0,0,2.2639541e-07,Baixo
5840,M20699,M,301.4,311.2,1541,36.3,28,0,0,0,0,0,0,0,1.2799999e-06,Baixo
5841,M20700,M,301.3,311.1,1581,30.9,31,0,0,0,0,0,0,0,4.234777e-07,Baixo
5842,M20701,M,301.3,311.1,1678,30.7,34,0,0,0,0,0,0,0,2.87377e-06,Baixo
5843,L53022,L,301.4,311.2,1355,50.6,37,0,0,0,0,0,0,0,1.8025048e-07,Baixo
5844,L53023,L,301.5,311.2,1700,28.8,39,0,0,0,0,0,0,0,1.895976e-05,Baixo
5845,L53024,L,301.4,311.1,1462,37.1,41,0,0,0,0,0,0,0,1.7380918e-06,Baixo
5846,M20705,M,301.4,311.2,1727,26.5,43,0,0,0,0,0,0,0,2.8985833e-06,Baixo
5847,L53026,L,301.4,311.3,1674,33.3,46,0,0,0,0,0,0,0,7.029307e-08,Baixo
5848,L53027,L,301.4,311.3,1397,42.3,48,0,0,0,0,0,0,0,1.5738468e-07,Baixo
5849,L53028,L,301.4,311.3,2323,15.9,50,0,0,0,0,0,0,0,0.00012271448,Baixo
5850,M20709,M,301.4,311.2,1434,47.6,52,0,0,0,0,0,0,0,4.854996e-07,Baixo
5851,L53030,L,301.3,311.1,1560,35.3,55,0,0,0,0,0,0,0,3.6121644e-08,Baixo
5852,L53031,L,301.2,311.0,1573,32.8,57,0,0,0,0,0,0,0,2.1301935e-06,Baixo
5853,H35266,H,301.2,310.9,1798,22.3,59,0,0,0,0,0,0,0,6.554761e-06,Baixo
5854,L53033,L,301.2,311.0,1567,35.1,64,0,0,0,0,0,0,0,2.2753157e-07,Baixo
5855,L53034,L,301.2,310.9,1416,53.3,66,0,0,0,0,0,0,0,8.2983104e-05,Baixo
5856,M20715,M,301.2,310.9,1424,45.2,68,0,0,0,0,0,0,0,1.5690792e-05,Baixo
5857,H35270,H,301.2,310.9,1598,35.9,71,0,0,0,0,0,0,0,2.936552e-07,Baixo
5858,L53037,L,301.3,310.9,1760,23.9,76,0,0,0,0,0,0,0,5.2402018e-05,Baixo
5859,L53038,L,301.3,311.0,1348,44.5,78,0,0,0,0,0,0,0,8.511948e-06,Baixo
5860,L53039,L,301.3,311.0,1542,33.6,80,0,0,0,0,0,0,0,9.053108e-07,Baixo
5861,L53040,L,301.3,310.9,1566,33.1,82,0,0,0,0,0,0,0,4.9411105e-06,Baixo
5862,L53041,L,301.3,311.0,1554,47.7,84,0,0,0,0,0,0,0,1.4894789e-06,Baixo
5863,L53042,L,301.4,311.0,1470,40.6,86,0,0,0,0,0,0,0,1.2309873e-05,Baixo
5864,M20723,M,301.4,311.1,1758,25.4,88,0,0,0,0,0,0,0,1.241737e-06,Baixo
5865,M20724,M,301.4,311.0,1486,36.5,91,0,0,0,0,0,0,0,2.1627324e-05,Baixo
5866,M20725,M,301.5,311.1,1402,40.0,94,0,0,0,0,0,0,0,2.4831502e-06,Baixo
5867,L53046,L,301.5,311.1,1459,45.1,97,0,0,0,0,0,0,0,1.2128175e-05,Baixo
5868,L53047,L,301.5,311.0,1494,45.3,99,0,0,0,0,0,0,0,7.246777e-05,Baixo
5869,L53048,L,301.5,311.1,1731,27.9,101,0,0,0,0,0,0,0,1.6844646e-05,Baixo
5870,L53049,L,301.5,311.1,2076,18.7,103,0,0,0,0,0,0,0,7.793321e-06,Baixo
5871,L53050,L,301.5,311.1,2055,16.8,105,0,0,0,0,0,0,0,2.7885483e-06,Baixo
5872,L53051,L,301.5,311.1,1469,49.5,107,0,0,0,0,0,0,0,3.2973552e-05,Baixo
5873,M20732,M,301.5,311.0,1504,42.6,109,0,0,0,0,0,0,0,3.729569e-07,Baixo
5874,M20733,M,301.5,311.1,1396,43.5,112,0,0,0,0,0,0,0,1.4361054e-06,Baixo
5875,M20734,M,301.5,311.1,1660,33.8,115,0,0,0,0,0,0,0,7.174185e-08,Baixo
5876,M20735,M,301.5,311.0,1577,39.7,118,0,0,0,0,0,0,0,2.5867524e-07,Baixo
5877,L53056,L,301.5,311.1,1426,52.1,121,0,0,0,0,0,0,0,3.2724367e-06,Baixo
5878,L53057,L,301.5,311.1,1458,41.4,123,0,0,0,0,0,0,0,1.341514e-06,Baixo
5879,L53058,L,301.4,311.0,1533,45.8,125,0,0,0,0,0,0,0,6.514827e-06,Baixo
5880,L53059,L,301.4,311.0,1701,28.4,127,0,0,0,0,0,0,0,1.7728122e-07,Baixo
5881,L53060,L,301.5,311.1,1434,49.6,129,0,0,0,0,0,0,0,1.3098594e-06,Baixo
5882,L53061,L,301.4,311.1,1952,22.7,131,0,0,0,0,0,0,0,1.5276331e-06,Baixo
5883,L53062,L,301.4,311.1,1469,36.9,133,0,0,0,0,0,0,0,1.0112617e-06,Baixo
5884,L53063,L,301.4,311.1,1800,26.0,135,0,0,0,0,0,0,0,2.6173916e-07,Baixo
5885,M20744,M,301.3,311.1,1438,43.0,137,0,0,0,0,0,0,0,2.0959313e-07,Baixo
5886,L53065,L,301.3,311.1,1647,28.2,140,0,0,0,0,0,0,0,5.565176e-07,Baixo
5887,L53066,L,301.4,311.1,1494,41.9,142,0,0,0,0,0,0,0,4.880645e-07,Baixo
5888,H35301,H,301.4,311.1,1445,41.4,144,0,0,0,0,0,0,0,5.827445e-08,Baixo
5889,M20748,M,301.5,311.1,1507,38.6,149,0,0,0,0,0,0,0,4.918483e-06,Baixo
5890,M20749,M,301.4,311.0,1234,55.8,152,0,0,0,0,0,0,0,3.516559e-05,Baixo
5891,L53070,L,301.4,311.0,1634,32.6,155,0,0,0,0,0,0,0,2.0714015e-08,Baixo
5892,L53071,L,301.4,311.0,1334,53.3,157,0,0,0,0,0,0,0,9.1225236e-05,Baixo
5893,L53072,L,301.4,311.1,1472,44.5,159,0,0,0,0,0,0,0,7.6696574e-07,Baixo
5894,M20753,M,301.3,311.0,1410,52.7,161,0,0,0,0,0,0,0,1.9512722e-06,Baixo
5895,L53074,L,301.2,310.9,1597,37.9,164,0,0,0,0,0,0,0,2.5010317e-05,Baixo
5896,M20755,M,301.2,310.9,1460,46.7,166,0,0,0,0,0,0,0,9.535229e-06,Baixo
5897,L53076,L,301.1,310.8,1274,55.7,169,0,0,0,0,0,0,0,3.1413954e-05,Baixo
5898,M20757,M,301.0,310.7,1517,40.2,171,0,0,0,0,0,0,0,1.5105746e-06,Baixo
5899,L53078,L,301.0,310.7,1300,57.2,174,0,0,0,0,0,0,0,0.00149215,Baixo
5900,H35313,H,300.9,310.6,1686,27.7,176,0,0,0,0,0,0,0,5.717687e-06,Baixo
5901,M20760,M,300.9,310.7,1485,41.0,181,0,0,0,0,0,0,0,1.8195407e-06,Baixo
5902,L53081,L,301.0,310.7,1464,45.8,184,0,0,0,0,0,0,0,4.95904e-06,Baixo
5903,L53082,L,300.9,310.6,1598,35.4,186,0,0,0,0,0,0,0,2.8106228e-06,Baixo
5904,L53083,L,300.9,310.5,1894,21.9,188,0,0,0,0,0,0,0,3.3791168e-06,Baixo
5905,M20764,M,300.8,310.5,1330,59.0,190,0,0,0,0,0,0,0,0.02986499,Baixo
5906,H35319,H,300.8,310.5,1582,31.1,193,0,0,0,0,0,0,0,5.554863e-07,Baixo
5907,L53086,L,300.7,310.3,1533,35.6,198,0,0,0,0,0,0,0,4.3630644e-05,Baixo
5908,H35321,H,300.8,310.4,1419,46.4,200,0,0,0,0,0,0,0,4.1314906e-05,Baixo
5909,M20768,M,300.8,310.3,1526,36.3,205,0,0,0,0,0,0,0,0.0009047799,Baixo
5910,H35323,H,300.7,310.2,1364,65.3,208,1,1,0,1,1,0,3,0.9999838,Crítico
5911,M20770,M,300.8,310.3,1458,43.4,0,0,0,0,0,0,0,0,3.126753e-06,Baixo
5912,M20771,M,300.8,310.4,1288,64.0,3,0,0,0,0,0,0,0,0.12725891,Baixo
5913,M20772,M,300.7,310.3,1659,29.8,6,0,0,0,0,0,0,0,1.8421566e-06,Baixo
5914,H35327,H,300.7,310.2,1479,52.3,9,0,0,0,0,0,0,0,3.3472234e-06,Baixo
5915,L53094,L,300.7,310.3,1592,36.0,14,0,0,0,0,0,0,0,1.1299461e-05,Baixo
5916,M20775,M,300.6,310.2,1532,38.7,16,0,0,0,0,0,0,0,1.7997716e-06,Baixo
5917,L53096,L,300.6,310.2,1555,41.9,19,0,0,0,0,0,0,0,7.757897e-07,Baixo
5918,L53097,L,300.6,310.2,1341,52.6,21,0,0,0,0,0,0,0,0.00029163965,Baixo
5919,L53098,L,300.6,310.1,1541,42.0,23,0,0,0,0,0,0,0,8.9023297e-07,Baixo
5920,L53099,L,300.6,310.3,1414,50.6,25,0,0,0,0,0,0,0,1.2296814e-05,Baixo
5921,L53100,L,300.5,310.2,1764,25.9,27,0,0,0,0,0,0,0,1.4875128e-06,Baixo
5922,L53101,L,300.5,310.3,1336,57.1,29,0,0,0,0,0,0,0,0.00043863556,Baixo
5923,L53102,L,300.5,310.3,1435,43.3,31,0,0,0,0,0,0,0,1.1792711e-06,Baixo
5924,M20783,M,300.4,310.3,1537,35.0,33,0,0,0,0,0,0,0,6.150782e-06,Baixo
5925,L53104,L,300.3,310.2,1369,48.8,36,0,0,0,0,0,0,0,0.00010786991,Baixo
5926,M20785,M,300.2,310.1,1619,31.3,38,0,0,0,0,0,0,0,2.6683813e-07,Baixo
5927,L53106,L,300.2,310.1,1440,51.1,41,0,0,0,0,0,0,0,2.6251887e-06,Baixo
5928,L53107,L,300.2,310.1,1649,30.5,43,0,0,0,0,0,0,0,2.7210908e-06,Baixo
5929,M20788,M,300.2,310.1,1550,38.7,45,0,0,0,0,0,0,0,4.075648e-06,Baixo
5930,L53109,L,300.3,310.2,1471,45.2,48,0,0,0,0,0,0,0,8.2235636e-07,Baixo
5931,L53110,L,300.3,310.3,1483,51.6,50,0,0,0,0,0,0,0,1.3663172e-06,Baixo
5932,L53111,L,300.3,310.4,1336,54.4,52,0,0,0,0,0,0,0,2.5420786e-05,Baixo
5933,L53112,L,300.5,310.5,1515,36.6,54,0,0,0,0,0,0,0,1.4337326e-06,Baixo
5934,L53113,L,300.5,310.5,1373,47.4,56,0,0,0,0,0,0,0,1.1143596e-05,Baixo
5935,H35348,H,300.6,310.5,1454,51.2,58,0,0,0,0,0,0,0,4.0052288e-07,Baixo
5936,L53115,L,300.5,310.5,1646,34.5,63,0,0,0,0,0,0,0,8.647966e-07,Baixo
5937,M20796,M,300.5,310.4,1548,37.3,65,0,0,0,0,0,0,0,5.5788547e-05,Baixo
5938,M20797,M,300.6,310.5,1462,41.3,68,0,0,0,0,0,0,0,2.5481065e-06,Baixo
5939,L53118,L,300.5,310.4,1702,33.1,71,0,0,0,0,0,0,0,8.771754e-07,Baixo
5940,L53119,L,300.5,310.5,1409,60.9,73,0,0,0,0,0,0,0,0.45454293,Moderado
5941,M20800,M,300.6,310.6,1427,52.8,75,0,0,0,0,0,0,0,6.021488e-07,Baixo
5943,L53122,L,300.7,310.7,1450,43.4,80,0,0,0,0,0,0,0,1.4548309e-06,Baixo
5944,L53123,L,300.7,310.7,1541,41.3,82,0,0,0,0,0,0,0,1.6531644e-06,Baixo
5945,M20804,M,300.7,310.6,1484,38.0,84,0,0,0,0,0,0,0,4.4535807e-07,Baixo
5946,M20805,M,300.8,310.8,1415,44.5,87,0,0,0,0,0,0,0,1.8911762e-05,Baixo
5947,L53126,L,300.7,310.8,1496,46.4,90,0,0,0,0,0,0,0,1.1291167e-05,Baixo
5948,M20807,M,300.7,310.8,1465,45.2,92,0,0,0,0,0,0,0,2.519369e-06,Baixo
5949,L53128,L,300.7,310.8,2113,18.5,95,0,0,0,0,0,0,0,2.3217503e-05,Baixo
5950,M20809,M,300.7,310.8,1506,44.0,97,0,0,0,0,0,0,0,4.6772936e-07,Baixo
5951,L53130,L,300.7,310.8,1689,28.9,100,0,0,0,0,0,0,0,3.02494e-06,Baixo
5952,L53131,L,300.7,310.9,1650,29.4,102,0,0,0,0,0,0,0,4.847352e-05,Baixo
5953,L53132,L,300.7,310.8,1563,33.8,104,0,0,0,0,0,0,0,3.6696401e-06,Baixo
5954,M20813,M,300.7,310.9,1486,38.9,106,0,0,0,0,0,0,0,6.287013e-05,Baixo
5955,L53134,L,300.8,310.9,1732,25.7,109,0,0,0,0,0,0,0,1.0047058e-05,Baixo
5956,L53135,L,300.7,310.8,1653,31.6,111,0,0,0,0,0,0,0,3.515625e-07,Baixo
5957,L53136,L,300.7,310.9,1535,37.1,113,0,0,0,0,0,0,0,1.2291526e-05,Baixo
5958,L53137,L,300.7,310.9,1637,37.2,115,0,0,0,0,0,0,0,1.638247e-07,Baixo
5959,L53138,L,300.6,310.8,1533,38.5,117,0,0,0,0,0,0,0,1.0206044e-06,Baixo
5960,L53139,L,300.6,310.8,1378,51.2,119,0,0,0,0,0,0,0,0.00015426833,Baixo
5961,L53140,L,300.5,310.7,1606,33.5,121,0,0,0,0,0,0,0,2.0595492e-06,Baixo
5962,L53141,L,300.3,310.7,1539,32.3,123,0,0,0,0,0,0,0,4.6088085e-06,Baixo
5963,L53142,L,300.5,310.8,1728,26.3,125,0,0,0,0,0,0,0,8.098957e-07,Baixo
5964,H35377,H,300.4,310.7,1656,36.3,127,0,0,0,0,0,0,0,3.3976121e-07,Baixo
5965,H35378,H,300.5,310.8,1631,30.5,132,0,0,0,0,0,0,0,3.4491043e-06,Baixo
5966,H35379,H,300.5,310.9,1447,46.5,137,0,0,0,0,0,0,0,1.7872973e-06,Baixo
5967,L53146,L,300.4,310.8,1396,49.3,142,0,0,0,0,0,0,0,3.177319e-06,Baixo
5968,L53147,L,300.4,310.8,1390,52.5,144,0,0,0,0,0,0,0,1.1396744e-06,Baixo
5969,L53148,L,300.4,310.8,1348,56.0,146,0,0,0,0,0,0,0,2.4502542e-06,Baixo
5970,M20829,M,300.4,310.8,1491,35.9,148,0,0,0,0,0,0,0,3.2053615e-06,Baixo
5971,L53150,L,300.4,310.8,1520,37.6,151,0,0,0,0,0,0,0,0.00012925832,Baixo
5972,L53151,L,300.5,310.8,1509,33.0,153,0,0,0,0,0,0,0,5.2192295e-06,Baixo
5973,L53152,L,300.5,310.8,1445,46.6,155,0,0,0,0,0,0,0,1.2186504e-06,Baixo
5974,L53153,L,300.5,310.8,1354,51.8,157,0,0,0,0,0,0,0,9.568103e-06,Baixo
5975,L53154,L,300.5,310.7,1488,39.4,159,0,0,0,0,0,0,0,1.0660668e-06,Baixo
5976,H35389,H,300.5,310.7,1654,28.6,161,0,0,0,0,0,0,0,2.5514184e-06,Baixo
5977,H35390,H,300.5,310.6,1378,51.5,166,0,0,0,0,0,0,0,6.9142385e-07,Baixo
5978,L53157,L,300.6,310.7,1750,30.6,171,0,0,0,0,0,0,0,4.0711457e-06,Baixo
5979,L53158,L,300.5,310.6,1448,46.3,173,0,0,0,0,0,0,0,2.3488167e-06,Baixo
5980,H35393,H,300.6,310.7,1501,45.3,175,0,0,0,0,0,0,0,1.8068622e-06,Baixo
5981,M20840,M,300.6,310.7,1654,32.0,180,0,0,0,0,0,0,0,2.2187347e-05,Baixo
5982,M20841,M,300.7,310.7,1347,46.5,183,0,0,0,0,0,0,0,8.148873e-06,Baixo
5983,L53162,L,300.7,310.8,1486,37.1,186,0,0,0,0,0,0,0,6.213731e-06,Baixo
5984,H35397,H,300.8,310.8,1466,45.2,188,0,0,0,0,0,0,0,2.4045241e-06,Baixo
5985,H35398,H,300.7,310.8,1346,52.0,193,0,0,0,0,0,0,0,7.934799e-06,Baixo
5986,L53165,L,300.7,310.7,1314,42.4,198,0,0,0,0,0,0,0,2.5965872e-05,Baixo
5987,L53166,L,300.6,310.7,1440,52.5,200,0,0,0,0,0,0,0,7.754565e-05,Baixo
5988,L53167,L,300.7,310.8,1608,39.5,202,0,0,0,0,0,0,0,2.6679165e-05,Baixo
5989,H35402,H,300.7,310.8,1296,58.2,204,0,0,0,0,0,0,0,0.30114692,Moderado
5990,L53169,L,300.7,310.7,1507,46.1,209,0,0,0,0,0,0,0,0.16562836,Baixo
5991,M20850,M,300.7,310.7,1343,51.6,211,0,0,0,0,0,0,0,2.5748457e-05,Baixo
5992,L53171,L,300.7,310.7,1416,40.4,214,0,0,0,0,0,0,0,0.008764183,Baixo
5993,L53172,L,300.7,310.6,1288,47.2,216,0,0,0,0,0,0,0,0.011266174,Baixo
5994,M20853,M,300.7,310.6,1407,42.4,218,0,0,0,0,0,0,0,6.99373e-05,Baixo
5995,L53174,L,300.6,310.4,1608,39.2,221,0,0,0,0,0,0,0,0.001617359,Baixo
5996,L53175,L,300.6,310.3,1920,22.3,223,0,0,0,0,0,0,0,0.109363005,Baixo
5997,M20856,M,300.5,310.2,1386,48.2,225,0,0,0,0,0,0,0,0.62556875,Alto
5998,M20857,M,300.5,310.2,1571,34.6,228,0,0,0,0,0,0,0,0.1699108,Baixo
5999,M20858,M,300.4,310.2,1613,36.9,231,0,0,0,0,0,0,0,0.9856119,Crítico
6000,M20859,M,300.4,310.2,1671,30.5,234,1,1,0,0,0,0,1,0.57859993,Moderado
6001,H35414,H,300.4,310.2,1431,43.2,0,0,0,0,0,0,0,0,2.931851e-07,Baixo
6002,M20861,M,300.4,310.2,1380,47.3,5,0,0,0,0,0,0,0,7.9049045e-05,Baixo
6003,L53182,L,300.5,310.3,1683,31.5,8,0,0,0,0,0,0,0,2.3733233e-07,Baixo
6004,L53183,L,300.4,310.2,1529,36.2,10,0,0,0,0,0,0,0,1.0399513e-06,Baixo
6005,L53184,L,300.5,310.4,1761,26.5,12,0,0,0,0,0,0,0,4.963867e-07,Baixo
6006,L53185,L,300.6,310.5,1570,38.3,14,0,0,0,0,0,0,0,3.604547e-06,Baixo
6007,M20866,M,300.6,310.5,2156,18.0,16,0,0,0,0,0,0,0,0.00042585452,Baixo
6008,M20867,M,300.7,310.6,1349,54.5,19,0,0,0,0,0,0,0,1.0191318e-05,Baixo
6009,L53188,L,300.7,310.7,1431,39.3,22,0,0,0,0,0,0,0,5.7479538e-06,Baixo
6010,L53189,L,300.6,310.6,1931,22.0,24,0,0,0,0,0,0,0,1.2512513e-05,Baixo
6011,H35424,H,300.7,310.7,1428,43.4,26,0,0,0,0,0,0,0,6.721845e-08,Baixo
6012,L53191,L,300.8,310.8,1564,36.2,31,0,0,0,0,0,0,0,5.399813e-06,Baixo
6013,H35426,H,300.8,310.9,1425,44.0,33,0,0,0,0,0,0,0,1.0004491e-06,Baixo
6014,L53193,L,300.7,310.8,1597,30.5,38,0,0,0,0,0,0,0,4.834491e-06,Baixo
6015,H35428,H,300.8,310.8,1618,32.8,40,0,0,0,0,0,0,0,2.898976e-08,Baixo
6016,M20875,M,300.8,310.8,1520,38.0,45,0,0,0,0,0,0,0,5.5557225e-06,Baixo
6017,L53196,L,300.7,310.7,1425,45.3,48,0,0,0,0,0,0,0,8.8368597e-07,Baixo
6018,L53197,L,300.8,310.9,1398,38.2,50,0,0,0,0,0,0,0,3.393373e-05,Baixo
6019,M20878,M,300.8,310.9,1557,31.6,52,0,0,0,0,0,0,0,6.2463334e-07,Baixo
6020,L53199,L,300.7,310.8,1519,43.9,55,0,0,0,0,0,0,0,1.06022725e-07,Baixo
6021,L53200,L,300.7,310.8,1619,34.9,57,0,0,0,0,0,0,0,1.89551e-08,Baixo
6022,L53201,L,300.7,310.8,1814,21.4,59,0,0,0,0,0,0,0,1.14844615e-05,Baixo
6023,L53202,L,300.7,310.9,1521,39.4,61,0,0,0,0,0,0,0,5.2574356e-05,Baixo
6024,M20883,M,300.7,310.9,1369,51.2,63,0,0,0,0,0,0,0,1.4654999e-05,Baixo
6025,L53204,L,300.7,310.9,1356,65.3,66,1,0,0,1,0,0,1,0.889702,Crítico
6026,L53205,L,300.7,311.0,1336,53.3,68,0,0,0,0,0,0,0,7.760184e-06,Baixo
6027,L53206,L,300.7,311.0,1403,48.3,70,0,0,0,0,0,0,0,2.4073941e-05,Baixo
6028,M20887,M,300.7,311.0,1413,44.3,72,0,0,0,0,0,0,0,3.981935e-06,Baixo
6029,L53208,L,300.6,310.9,1472,47.6,75,0,0,0,0,0,0,0,1.5789623e-05,Baixo
6030,M20889,M,300.7,310.8,1452,47.9,77,0,0,0,0,0,0,0,1.5645342e-06,Baixo
6031,L53210,L,300.6,310.7,1397,53.7,80,0,0,0,0,0,0,0,1.9434188e-05,Baixo
6032,L53211,L,300.6,310.7,1455,40.6,82,0,0,0,0,0,0,0,1.0227762e-05,Baixo
6033,L53212,L,300.7,310.8,1754,27.7,84,0,0,0,0,0,0,0,3.366674e-05,Baixo
6034,L53213,L,300.6,310.9,1471,37.9,86,0,0,0,0,0,0,0,0.00019274966,Baixo
6035,M20894,M,300.6,310.8,1389,48.1,88,0,0,0,0,0,0,0,9.259225e-06,Baixo
6036,M20895,M,300.6,310.9,1702,30.3,91,0,0,0,0,0,0,0,7.5840076e-06,Baixo
6037,M20896,M,300.6,311.0,1401,54.6,94,0,0,0,0,0,0,0,2.0085416e-05,Baixo
6038,L53217,L,300.7,311.1,1426,46.2,97,0,0,0,0,0,0,0,6.472493e-06,Baixo
6039,L53218,L,300.7,311.0,1496,38.3,99,0,0,0,0,0,0,0,6.1510455e-06,Baixo
6040,L53219,L,300.6,310.9,1433,42.6,101,0,0,0,0,0,0,0,4.760384e-06,Baixo
6041,M20900,M,300.7,311.1,1438,46.6,103,0,0,0,0,0,0,0,5.923771e-07,Baixo
6042,M20901,M,300.7,311.0,1418,49.3,106,0,0,0,0,0,0,0,4.9395044e-07,Baixo
6043,M20902,M,300.8,311.0,1580,36.6,109,0,0,0,0,0,0,0,2.3192792e-06,Baixo
6044,M20903,M,300.7,310.9,1468,41.8,112,0,0,0,0,0,0,0,6.036667e-06,Baixo
6045,M20904,M,300.8,310.9,1522,41.7,115,0,0,0,0,0,0,0,1.336419e-06,Baixo
6046,L53225,L,300.8,310.9,1311,55.8,118,0,0,0,0,0,0,0,3.3796293e-06,Baixo
6047,L53226,L,300.9,311.0,1316,56.5,120,0,0,0,0,0,0,0,5.8678816e-06,Baixo
6048,H35461,H,300.9,311.0,1853,23.6,122,0,0,0,0,0,0,0,1.5009418e-07,Baixo
6049,M20908,M,300.9,311.0,1556,38.8,127,0,0,0,0,0,0,0,1.2006875e-06,Baixo
6050,M20909,M,300.9,311.0,1567,34.3,130,0,0,0,0,0,0,0,2.1852186e-06,Baixo
6051,M20910,M,300.9,311.1,1546,37.7,133,0,0,0,0,0,0,0,1.9251955e-05,Baixo
6052,L53231,L,300.9,311.0,1382,51.2,136,0,0,0,0,0,0,0,6.267335e-06,Baixo
6053,L53232,L,300.9,311.0,2003,20.2,138,0,0,0,0,0,0,0,3.5876452e-05,Baixo
6054,L53233,L,300.8,310.9,1748,29.9,140,0,0,0,0,0,0,0,8.021781e-07,Baixo
6055,H35468,H,300.7,310.8,1518,40.1,142,0,0,0,0,0,0,0,1.6615242e-07,Baixo
6056,L53235,L,300.7,310.8,1475,42.0,147,0,0,0,0,0,0,0,2.0907517e-06,Baixo
6057,L53236,L,300.8,310.8,1634,29.2,149,0,0,0,0,0,0,0,1.9498714e-06,Baixo
6058,L53237,L,300.8,310.8,1689,32.9,151,0,0,0,0,0,0,0,7.424768e-08,Baixo
6059,M20918,M,300.9,310.9,1636,35.3,153,0,0,0,0,0,0,0,2.1654628e-06,Baixo
6060,L53239,L,300.9,311.0,2235,15.8,156,0,0,0,0,0,0,0,4.8619302e-05,Baixo
6061,L53240,L,301.0,311.1,1615,35.6,158,0,0,0,0,0,0,0,2.3974535e-06,Baixo
6062,H35475,H,301.1,311.1,1618,29.5,160,0,0,0,0,0,0,0,1.2400491e-07,Baixo
6063,M20922,M,301.1,311.2,1407,53.0,165,0,0,0,0,0,0,0,5.187194e-06,Baixo
6064,L53243,L,301.1,311.1,1450,43.3,168,0,0,0,0,0,0,0,1.6320778e-06,Baixo
6065,L53244,L,301.1,311.1,1889,23.8,170,0,0,0,0,0,0,0,3.5126108e-05,Baixo
6066,L53245,L,301.0,310.9,1568,38.2,172,0,0,0,0,0,0,0,0.00024593557,Baixo
6067,L53246,L,301.0,311.0,1804,25.8,174,0,0,0,0,0,0,0,9.5784835e-06,Baixo
6068,L53247,L,301.0,311.0,1582,37.5,176,0,0,0,0,0,0,0,0.00012395227,Baixo
6069,M20928,M,301.0,310.9,2047,17.9,178,0,0,0,0,0,0,0,0.00086980406,Baixo
6070,L53249,L,300.9,310.9,1601,34.0,181,0,0,0,0,0,0,0,2.6001254e-07,Baixo
6071,L53250,L,300.9,310.9,1615,32.0,183,0,0,0,0,0,0,0,2.8038924e-06,Baixo
6072,M20931,M,300.9,310.8,1452,43.6,185,0,0,0,0,0,0,0,5.8662926e-07,Baixo
6073,M20932,M,300.9,310.8,1695,30.2,188,0,0,0,0,0,0,0,9.615991e-06,Baixo
6074,M20933,M,300.9,310.8,1790,26.2,191,0,0,0,0,0,0,0,4.7152196e-05,Baixo
6075,M20934,M,301.0,310.8,1533,39.3,194,0,0,0,0,0,0,0,1.2614643e-05,Baixo
6076,L53255,L,301.0,310.9,1813,28.5,197,0,0,0,0,0,0,0,5.991872e-05,Baixo
6077,L53256,L,301.0,310.9,1492,36.7,199,0,0,0,0,0,0,0,0.00024354357,Baixo
6078,L53257,L,300.9,310.7,1479,43.3,201,0,0,0,0,0,0,0,4.7659007e-05,Baixo
6079,L53258,L,300.8,310.7,1339,59.1,203,1,0,0,0,1,0,1,0.99977475,Crítico
6080,M20939,M,300.8,310.7,1371,44.7,205,0,0,0,0,0,0,0,2.2923025e-05,Baixo
6081,L53260,L,300.9,310.7,1468,36.2,208,0,0,0,0,0,0,0,0.048740182,Baixo
6082,L53261,L,300.9,310.7,1517,41.7,210,0,0,0,0,0,0,0,0.0021963196,Baixo
6083,L53262,L,300.9,310.7,1352,46.4,212,0,0,0,0,0,0,0,0.017584616,Baixo
6084,L53263,L,300.9,310.7,1389,50.0,214,0,0,0,0,0,0,0,0.0013554217,Baixo
6085,M20944,M,300.8,310.6,1505,36.2,0,0,0,0,0,0,0,0,7.46664e-07,Baixo
6086,L53265,L,300.9,310.6,1538,36.7,3,0,0,0,0,0,0,0,1.8058345e-05,Baixo
6087,L53266,L,300.9,310.8,1482,37.0,5,0,0,0,0,0,0,0,2.2315655e-06,Baixo
6088,M20947,M,300.9,310.8,1599,33.0,7,0,0,0,0,0,0,0,4.9076734e-06,Baixo
6089,L53268,L,300.9,310.8,1476,39.0,10,0,0,0,0,0,0,0,2.6021548e-06,Baixo
6090,L53269,L,300.9,310.7,1509,37.5,12,0,0,0,0,0,0,0,1.9566503e-05,Baixo
6091,L53270,L,300.9,310.8,1708,29.1,14,0,0,0,0,0,0,0,2.6872176e-06,Baixo
6093,L53272,L,300.9,310.7,1658,28.5,18,0,0,0,0,0,0,0,5.5879495e-06,Baixo
6094,L53273,L,301.0,310.8,1375,57.2,20,0,0,0,0,0,0,0,0.00013285887,Baixo
6095,M20954,M,300.9,310.8,1402,48.1,22,0,0,0,0,0,0,0,1.5173881e-06,Baixo
6096,M20955,M,300.9,310.7,1452,47.3,25,0,0,0,0,0,0,0,1.7945305e-06,Baixo
6097,M20956,M,300.8,310.7,1483,40.8,28,0,0,0,0,0,0,0,9.345314e-07,Baixo
6098,H35511,H,300.9,310.8,1477,38.4,31,0,0,0,0,0,0,0,3.692145e-06,Baixo
6099,M20958,M,300.8,310.7,1924,22.4,36,0,0,0,0,0,0,0,1.5313586e-05,Baixo
6100,H35513,H,300.9,310.7,1609,28.7,39,0,0,0,0,0,0,0,1.137217e-07,Baixo
6101,M20960,M,300.8,310.7,1886,21.1,44,0,0,0,0,0,0,0,2.7793496e-05,Baixo
6102,L53281,L,300.7,310.6,1616,29.6,47,0,0,0,0,0,0,0,3.2850628e-06,Baixo
6103,L53282,L,300.7,310.7,1442,43.2,49,0,0,0,0,0,0,0,1.1779515e-06,Baixo
6104,L53283,L,300.8,310.8,1407,45.1,51,0,0,0,0,0,0,0,8.9015913e-07,Baixo
6105,M20964,M,300.8,310.8,1461,41.3,53,0,0,0,0,0,0,0,4.1378976e-07,Baixo
6106,M20965,M,300.8,310.9,1522,46.2,56,0,0,0,0,0,0,0,2.7245858e-07,Baixo
6107,L53286,L,300.9,311.0,1432,48.1,59,0,0,0,0,0,0,0,2.2824232e-05,Baixo
6108,L53287,L,300.9,311.0,1438,49.0,61,0,0,0,0,0,0,0,1.11388035e-05,Baixo
6109,M20968,M,300.8,310.9,1678,28.1,63,0,0,0,0,0,0,0,8.748147e-05,Baixo
6110,M20969,M,300.8,310.9,1514,38.7,66,0,0,0,0,0,0,0,6.800244e-06,Baixo
6111,L53290,L,300.7,310.8,1534,41.3,69,0,0,0,0,0,0,0,1.3108892e-06,Baixo
6112,M20971,M,300.7,310.8,1486,41.2,71,0,0,0,0,0,0,0,8.78024e-07,Baixo
6113,L53292,L,300.7,310.8,1925,22.0,74,0,0,0,0,0,0,0,0.000117912336,Baixo
6114,M20973,M,300.7,310.8,1724,30.0,76,0,0,0,0,0,0,0,5.1189445e-06,Baixo
6115,M20974,M,300.8,310.8,1549,35.5,79,0,0,0,0,0,0,0,5.0986428e-06,Baixo
6116,L53295,L,300.8,310.9,1457,47.7,82,0,0,0,0,0,0,0,1.0293863e-06,Baixo
6117,L53296,L,300.8,310.9,1453,43.9,84,0,0,0,0,0,0,0,4.1705844e-06,Baixo
6118,L53297,L,300.8,311.0,1578,44.4,86,0,0,0,0,0,0,0,2.0397876e-05,Baixo
6119,M20978,M,300.9,311.1,1325,61.4,88,0,0,0,0,0,0,0,0.0009433949,Baixo
6120,L53299,L,300.9,311.1,1471,39.3,91,0,0,0,0,0,0,0,4.7156645e-06,Baixo
6121,M20980,M,300.9,311.2,1472,40.0,93,0,0,0,0,0,0,0,9.2134915e-06,Baixo
6122,L53301,L,300.9,311.1,1457,37.4,96,0,0,0,0,0,0,0,4.017117e-06,Baixo
6123,L53302,L,301.0,311.0,1402,55.3,98,0,0,0,0,0,0,0,3.8803017e-05,Baixo
6124,L53303,L,300.9,310.9,1477,41.5,100,0,0,0,0,0,0,0,3.518679e-05,Baixo
6125,M20984,M,300.9,310.9,1727,30.1,102,0,0,0,0,0,0,0,5.8513764e-05,Baixo
6126,L53305,L,300.9,310.9,1995,20.2,105,0,0,0,0,0,0,0,0.0002452413,Baixo
6127,L53306,L,300.9,310.9,1370,52.5,107,0,0,0,0,0,0,0,0.00012493634,Baixo
6128,L53307,L,300.9,310.9,1228,66.4,109,0,0,0,0,0,0,0,0.62300754,Alto
6129,L53308,L,300.9,311.0,1499,38.0,111,0,0,0,0,0,0,0,2.8314244e-06,Baixo
6130,M20989,M,301.0,311.0,1508,46.9,113,0,0,0,0,0,0,0,9.387821e-06,Baixo
6131,L53310,L,301.0,310.9,1473,44.2,116,0,0,0,0,0,0,0,1.6245125e-05,Baixo
6132,H35545,H,301.0,311.0,1640,37.6,118,0,0,0,0,0,0,0,1.3089418e-05,Baixo
6133,L53312,L,301.1,311.1,1429,42.5,123,0,0,0,0,0,0,0,6.2990114e-07,Baixo
6134,L53313,L,301.1,311.1,1470,40.9,125,0,0,0,0,0,0,0,1.1132496e-05,Baixo
6135,L53314,L,301.0,311.0,1581,37.0,127,0,0,0,0,0,0,0,5.492945e-06,Baixo
6136,L53315,L,301.0,310.9,1740,28.9,129,0,0,0,0,0,0,0,6.3785005e-06,Baixo
6137,H35550,H,300.9,310.8,1390,40.6,131,0,0,0,0,0,0,0,1.2782446e-06,Baixo
6138,M20997,M,300.9,310.8,1988,19.7,136,0,0,0,0,0,0,0,2.2685763e-05,Baixo
6139,M20998,M,300.8,310.7,1452,43.0,139,0,0,0,0,0,0,0,3.6967955e-07,Baixo
6140,L53319,L,300.8,310.7,1586,33.4,142,0,0,0,0,0,0,0,1.0804787e-07,Baixo
6141,L53320,L,300.8,310.7,1589,34.3,144,0,0,0,0,0,0,0,1.0804787e-07,Baixo
6142,L53321,L,300.8,310.8,1486,45.7,146,0,0,0,0,0,0,0,2.120608e-06,Baixo
6143,L53322,L,300.9,310.9,1755,27.9,148,0,0,0,0,0,0,0,1.6981187e-06,Baixo
6144,M21003,M,301.0,310.9,1575,34.6,150,0,0,0,0,0,0,0,4.791821e-07,Baixo
6145,M21004,M,301.1,311.1,1615,37.7,153,0,0,0,0,0,0,0,1.1390313e-06,Baixo
6146,M21005,M,301.1,311.1,1436,41.8,156,0,0,0,0,0,0,0,6.7224228e-06,Baixo
6147,M21006,M,301.1,311.1,1470,40.6,159,0,0,0,0,0,0,0,6.115432e-07,Baixo
6148,M21007,M,301.1,311.1,2089,19.8,162,0,0,0,0,0,0,0,0.00013353812,Baixo
6149,L53328,L,301.1,311.2,1564,37.0,165,0,0,0,0,0,0,0,1.3386526e-06,Baixo
6150,M21009,M,301.0,311.1,1420,47.4,167,0,0,0,0,0,0,0,3.2803573e-06,Baixo
6151,L53330,L,301.1,311.1,1711,29.1,170,0,0,0,0,0,0,0,7.0419937e-06,Baixo
6152,L53331,L,301.1,311.2,1555,35.3,172,0,0,0,0,0,0,0,3.2888806e-06,Baixo
6153,M21012,M,301.1,311.1,1592,35.7,174,0,0,0,0,0,0,0,5.695515e-07,Baixo
6154,L53333,L,301.0,311.1,1236,64.4,177,1,0,0,0,1,0,1,0.2413519,Baixo
6155,M21014,M,301.0,310.9,1765,24.2,179,0,0,0,0,0,0,0,1.7287535e-05,Baixo
6156,L53335,L,301.0,311.0,1634,31.2,182,0,0,0,0,0,0,0,5.8108576e-06,Baixo
6157,L53336,L,301.1,311.1,1508,41.5,184,0,0,0,0,0,0,0,4.2318643e-06,Baixo
6158,L53337,L,301.1,311.2,1774,29.6,186,0,0,0,0,0,0,0,5.069363e-06,Baixo
6159,L53338,L,301.1,311.0,1677,29.1,188,0,0,0,0,0,0,0,1.0856529e-06,Baixo
6160,L53339,L,301.0,311.0,1399,58.0,190,1,0,0,0,1,0,1,0.9402006,Crítico
6161,L53340,L,301.0,310.9,1570,34.0,192,0,0,0,0,0,0,0,1.3482166e-06,Baixo
6162,L53341,L,301.0,310.9,1479,44.3,194,0,0,0,0,0,0,0,3.6712743e-05,Baixo
6163,L53342,L,301.0,310.8,1558,34.9,196,0,0,0,0,0,0,0,1.5151427e-05,Baixo
6164,L53343,L,300.8,310.7,1358,48.1,198,0,0,0,0,0,0,0,0.00010186696,Baixo
6165,H35578,H,300.9,310.7,1656,30.7,200,0,0,0,0,0,0,0,4.9844157e-06,Baixo
6166,L53345,L,300.9,310.7,1523,35.8,205,0,0,0,0,0,0,0,0.84475005,Crítico
6167,H35580,H,300.9,310.7,1403,40.6,207,0,0,0,0,0,0,0,0.09156479,Baixo
6168,M21027,M,300.9,310.7,1362,51.6,212,0,0,0,0,0,0,0,0.00094721466,Baixo
6169,M21028,M,300.7,310.6,1778,27.1,215,0,0,0,0,0,0,0,0.010652818,Baixo
6170,L53349,L,300.7,310.5,1448,38.2,218,0,0,0,0,0,0,0,0.0023338222,Baixo
6171,H35584,H,300.8,310.5,1559,40.1,220,0,0,0,0,0,0,0,0.000509124,Baixo
6172,L53351,L,300.8,310.6,1416,42.2,225,0,0,0,0,0,0,0,9.623649e-05,Baixo
6173,L53352,L,300.8,310.6,1577,37.9,227,1,1,0,0,0,0,1,0.0007075682,Baixo
6174,L53353,L,300.8,310.7,1633,27.8,0,0,0,0,0,0,0,0,1.792438e-05,Baixo
6175,L53354,L,300.9,310.7,1573,31.2,2,0,0,0,0,0,0,0,1.6894703e-06,Baixo
6176,L53355,L,300.9,310.8,1517,44.3,4,0,0,0,0,0,0,0,3.3523474e-06,Baixo
6177,L53356,L,301.0,310.9,1515,37.3,6,0,0,0,0,0,0,0,0.00056127086,Baixo
6178,L53357,L,301.0,310.8,1527,45.3,8,0,0,0,0,0,0,0,1.4226093e-05,Baixo
6179,L53358,L,301.1,310.9,1282,67.9,10,1,0,0,1,0,0,1,0.9974618,Crítico
6180,M21039,M,301.1,310.9,1396,45.1,12,0,0,0,0,0,0,0,4.3273372e-05,Baixo
6181,L53360,L,301.0,310.9,1492,44.6,15,0,0,0,0,0,0,0,1.7380634e-06,Baixo
6182,L53361,L,301.0,310.8,1975,19.7,17,0,0,0,0,0,0,0,0.00010645231,Baixo
6183,L53362,L,301.0,310.8,1475,35.3,19,0,0,0,0,0,0,0,3.4979678e-06,Baixo
6184,H35597,H,301.0,310.9,1495,37.3,21,0,0,0,0,0,0,0,2.5861189e-06,Baixo
6185,L53364,L,301.0,311.0,1553,35.8,26,0,0,0,0,0,0,0,3.6577363e-05,Baixo
6186,L53365,L,301.1,311.0,1918,21.7,28,0,0,0,0,0,0,0,5.274174e-06,Baixo
6187,M21046,M,301.1,311.0,1413,46.6,30,0,0,0,0,0,0,0,4.8983464e-05,Baixo
6188,L53367,L,301.0,311.0,1437,56.0,33,0,0,0,0,0,0,0,0.00017883278,Baixo
6189,L53368,L,301.0,310.9,1450,45.9,35,0,0,0,0,0,0,0,0.00012410281,Baixo
6190,M21049,M,301.0,310.9,1910,21.9,37,0,0,0,0,0,0,0,2.7409282e-05,Baixo
6191,L53370,L,300.9,310.9,1749,26.4,40,0,0,0,0,0,0,0,4.084399e-05,Baixo
6192,H35605,H,301.0,310.9,1916,22.0,42,0,0,0,0,0,0,0,8.2477185e-05,Baixo
6193,L53372,L,301.0,310.9,1428,45.3,47,0,0,0,0,0,0,0,5.2397674e-05,Baixo
6194,L53373,L,301.0,310.9,1578,38.4,49,0,0,0,0,0,0,0,5.457902e-05,Baixo
6195,L53374,L,300.9,310.8,1571,39.9,51,0,0,0,0,0,0,0,4.3815808e-06,Baixo
6196,L53375,L,300.9,310.8,1729,30.2,53,0,0,0,0,0,0,0,1.5219419e-05,Baixo
6197,L53376,L,300.9,310.8,1701,30.4,55,0,0,0,0,0,0,0,1.5034663e-06,Baixo
6198,L53377,L,300.9,310.8,1493,45.8,57,0,0,0,0,0,0,0,5.083388e-06,Baixo
6199,M21058,M,301.0,310.9,1554,32.7,59,0,0,0,0,0,0,0,1.2316566e-05,Baixo
6200,L53379,L,300.9,310.9,1497,43.2,62,0,0,0,0,0,0,0,4.780597e-06,Baixo
6201,L53380,L,301.0,310.9,1679,29.8,64,0,0,0,0,0,0,0,1.7333181e-05,Baixo
6202,M21061,M,301.0,310.9,1510,44.5,66,0,0,0,0,0,0,0,2.797816e-05,Baixo
6203,L53382,L,301.0,310.9,1296,54.9,69,0,0,0,0,0,0,0,6.5044296e-05,Baixo
6204,L53383,L,301.0,310.9,1404,41.8,71,0,0,0,0,0,0,0,0.000232097,Baixo
6205,M21064,M,300.9,310.8,1519,34.9,73,0,0,0,0,0,0,0,1.0247876e-06,Baixo
6206,M21065,M,300.9,310.7,1696,27.3,76,0,0,0,0,0,0,0,7.591396e-06,Baixo
6207,M21066,M,300.8,310.6,1669,28.4,79,0,0,0,0,0,0,0,3.841032e-06,Baixo
6208,L53387,L,300.7,310.6,1447,40.7,82,0,0,0,0,0,0,0,1.1609716e-06,Baixo
6209,M21068,M,300.7,310.6,1418,46.3,84,0,0,0,0,0,0,0,1.5154708e-05,Baixo
6210,L53389,L,300.7,310.6,1407,40.5,87,0,0,0,0,0,0,0,3.4105728e-06,Baixo
6211,L53390,L,300.8,310.5,1434,44.5,89,0,0,0,0,0,0,0,2.6713856e-06,Baixo
6212,L53391,L,300.8,310.6,1360,48.8,91,0,0,0,0,0,0,0,0.00020361463,Baixo
6213,L53392,L,300.8,310.6,1402,53.7,93,0,0,0,0,0,0,0,2.1745042e-05,Baixo
6214,L53393,L,300.9,310.6,1552,34.9,95,0,0,0,0,0,0,0,2.349164e-06,Baixo
6215,L53394,L,300.9,310.7,1392,44.2,97,0,0,0,0,0,0,0,8.370191e-06,Baixo
6216,L53395,L,301.1,310.8,1521,41.0,99,0,0,0,0,0,0,0,1.0964075e-05,Baixo
6217,L53396,L,301.1,310.8,1724,27.5,101,0,0,0,0,0,0,0,1.6294774e-06,Baixo
6218,M21077,M,301.0,310.7,1455,46.1,103,0,0,0,0,0,0,0,7.642331e-06,Baixo
6219,H35632,H,301.0,310.6,1366,50.6,106,0,0,0,0,0,0,0,1.5200027e-05,Baixo
6220,H35633,H,301.1,310.6,1407,43.9,111,0,0,0,0,0,0,0,7.760679e-07,Baixo
6221,L53400,L,301.1,310.8,1470,49.3,116,0,0,0,0,0,0,0,1.4317923e-05,Baixo
6222,M21081,M,301.2,310.9,1359,50.8,118,0,0,0,0,0,0,0,2.1876996e-05,Baixo
6223,H35636,H,301.1,310.8,1792,25.8,121,0,0,0,0,0,0,0,1.0804968e-06,Baixo
6224,M21083,M,301.1,310.9,1552,37.9,126,0,0,0,0,0,0,0,1.8157469e-05,Baixo
6225,L53404,L,301.2,311.0,1612,32.9,129,0,0,0,0,0,0,0,4.197904e-08,Baixo
6226,M21085,M,301.2,311.0,1424,41.4,131,0,0,0,0,0,0,0,5.2305177e-07,Baixo
6227,H35640,H,301.3,311.0,1341,59.3,134,0,0,0,0,0,0,0,0.00013378015,Baixo
6228,L53407,L,301.2,310.8,1479,38.2,139,0,0,0,0,0,0,0,2.604655e-05,Baixo
6229,L53408,L,301.2,310.9,1413,50.1,141,0,0,0,0,0,0,0,8.400491e-06,Baixo
6230,L53409,L,301.3,310.9,2165,17.4,143,0,0,0,0,0,0,0,4.380111e-05,Baixo
6231,M21090,M,301.3,311.0,1641,33.0,145,0,0,0,0,0,0,0,1.9295645e-07,Baixo
6232,M21091,M,301.3,311.0,1495,40.8,148,0,0,0,0,0,0,0,8.407331e-07,Baixo
6233,L53412,L,301.3,311.0,1576,30.4,151,0,0,0,0,0,0,0,3.6073461e-06,Baixo
6234,L53413,L,301.2,310.9,1467,37.1,153,0,0,0,0,0,0,0,1.8180583e-05,Baixo
6235,L53414,L,301.2,310.8,1479,41.2,155,0,0,0,0,0,0,0,5.049667e-06,Baixo
6236,L53415,L,301.3,310.9,1596,33.9,157,0,0,0,0,0,0,0,1.1889657e-06,Baixo
6237,M21096,M,301.3,310.9,1512,36.9,159,0,0,0,0,0,0,0,7.9296166e-07,Baixo
6238,L53417,L,301.4,310.9,1414,38.8,162,0,0,0,0,0,0,0,3.0105475e-06,Baixo
6239,L53418,L,301.3,310.8,1390,57.4,164,0,0,0,0,0,0,0,0.000820453,Baixo
6240,L53419,L,301.2,310.7,1644,31.6,166,0,0,0,0,0,0,0,2.1707673e-07,Baixo
6241,M21100,M,301.2,310.7,1394,42.8,168,0,0,0,0,0,0,0,1.1779695e-06,Baixo
6242,L53421,L,301.1,310.5,1324,52.4,171,0,0,0,0,0,0,0,5.848793e-05,Baixo
6243,L53422,L,301.0,310.4,1476,43.6,173,0,0,0,0,0,0,0,2.7737963e-06,Baixo
6244,L53423,L,301.0,310.4,2204,16.6,175,0,0,0,0,0,0,0,9.288641e-06,Baixo
6245,M21104,M,301.0,310.4,1665,30.9,177,0,0,0,0,0,0,0,1.1138676e-05,Baixo
6246,L53425,L,300.9,310.4,1445,41.7,180,0,0,0,0,0,0,0,6.513501e-07,Baixo
6247,H35660,H,300.8,310.3,1457,46.8,182,0,0,0,0,0,0,0,3.048601e-06,Baixo
6248,L53427,L,300.8,310.2,1492,46.3,187,0,0,0,0,0,0,0,4.2111256e-05,Baixo
6249,L53428,L,300.8,310.1,1405,61.2,189,1,0,0,1,1,0,2,0.9986929,Crítico
6250,L53429,L,300.7,310.1,1542,35.5,191,0,0,0,0,0,0,0,2.0845043e-06,Baixo
6251,L53430,L,300.8,310.2,1520,37.7,193,0,0,0,0,0,0,0,0.00010724398,Baixo
6252,M21111,M,300.8,310.2,1598,36.5,195,0,0,0,0,0,0,0,1.8596155e-06,Baixo
6253,L53432,L,300.8,310.3,1538,36.1,198,0,0,0,0,0,0,0,1.1068133e-05,Baixo
6254,L53433,L,300.9,310.4,1615,30.9,200,0,0,0,0,0,0,0,3.1739153e-06,Baixo
6255,L53434,L,301.0,310.5,1408,47.0,202,0,0,0,0,0,0,0,4.0758856e-05,Baixo
6256,L53435,L,301.0,310.5,1379,57.3,204,1,0,0,0,1,0,1,0.9999281,Crítico
6257,L53436,L,301.0,310.6,1493,37.8,206,1,1,0,0,0,0,1,1.9763169e-05,Baixo
6258,L53437,L,301.1,310.7,1376,49.1,0,0,0,0,0,0,0,0,0.00016306991,Baixo
6259,M21118,M,301.1,310.7,1583,40.7,2,0,0,0,0,0,0,0,1.6107485e-06,Baixo
6260,M21119,M,301.2,310.8,1396,47.4,5,0,0,0,0,0,0,0,3.6186524e-05,Baixo
6261,L53440,L,301.1,310.7,1436,45.3,8,0,0,0,0,0,0,0,8.232462e-07,Baixo
6262,L53441,L,301.1,310.6,1417,47.6,10,0,0,0,0,0,0,0,1.8302316e-06,Baixo
6263,L53442,L,301.0,310.6,1641,33.4,12,0,0,0,0,0,0,0,1.7167189e-07,Baixo
6264,M21123,M,301.0,310.6,1698,27.3,14,0,0,0,0,0,0,0,9.555511e-06,Baixo
6265,L53444,L,300.9,310.4,1541,39.1,17,0,0,0,0,0,0,0,2.4220685e-06,Baixo
6266,L53445,L,300.8,310.3,1383,46.6,19,0,0,0,0,0,0,0,3.5931545e-05,Baixo
6267,L53446,L,300.8,310.4,1368,46.8,21,0,0,0,0,0,0,0,0.00026597962,Baixo
6268,L53447,L,300.8,310.4,1570,35.2,23,0,0,0,0,0,0,0,1.7953881e-06,Baixo
6269,L53448,L,300.9,310.5,1616,33.5,25,0,0,0,0,0,0,0,4.7467609e-07,Baixo
6270,M21129,M,300.9,310.5,1444,43.2,27,0,0,0,0,0,0,0,7.8241055e-07,Baixo
6271,L53450,L,300.9,310.4,2021,18.8,30,0,0,0,0,0,0,0,1.1695802e-05,Baixo
6272,M21131,M,300.9,310.5,1702,29.3,32,0,0,0,0,0,0,0,1.2379769e-06,Baixo
6273,M21132,M,301.1,310.6,1429,52.7,35,0,0,0,0,0,0,0,1.8621425e-06,Baixo
6274,L53453,L,301.2,310.8,1711,28.9,38,0,0,0,0,0,0,0,3.6696783e-05,Baixo
6275,M21134,M,301.2,310.7,1543,32.9,40,0,0,0,0,0,0,0,2.3338978e-05,Baixo
6276,L53455,L,301.3,310.8,1628,32.2,43,0,0,0,0,0,0,0,2.5824513e-06,Baixo
6277,L53456,L,301.2,310.8,1233,64.6,45,0,0,0,0,0,0,0,0.0022499657,Baixo
6278,L53457,L,301.2,310.8,1461,40.6,47,0,0,0,0,0,0,0,1.3351859e-06,Baixo
6279,L53458,L,301.2,310.7,1568,38.3,49,0,0,0,0,0,0,0,5.452429e-06,Baixo
6280,L53459,L,301.3,310.8,1432,54.4,51,0,0,0,0,0,0,0,1.7790547e-06,Baixo
6281,M21140,M,301.2,310.7,1527,41.1,53,0,0,0,0,0,0,0,1.188003e-07,Baixo
6282,M21141,M,301.3,310.8,1455,41.2,56,0,0,0,0,0,0,0,3.4952e-06,Baixo
6283,M21142,M,301.3,310.8,1418,45.4,59,0,0,0,0,0,0,0,5.528818e-07,Baixo
6284,L53463,L,301.3,310.8,1719,29.5,62,0,0,0,0,0,0,0,7.673498e-07,Baixo
6285,M21144,M,301.2,310.8,1734,31.3,64,0,0,0,0,0,0,0,1.2356121e-06,Baixo
6286,M21145,M,301.2,310.7,1426,46.1,67,0,0,0,0,0,0,0,4.318405e-06,Baixo
6287,L53466,L,301.1,310.6,1611,35.2,70,0,0,0,0,0,0,0,3.4681813e-07,Baixo
6288,M21147,M,301.1,310.6,1479,41.1,72,0,0,0,0,0,0,0,7.0286887e-06,Baixo
6289,L53468,L,301.0,310.5,1317,50.9,75,0,0,0,0,0,0,0,0.00026406132,Baixo
6290,L53469,L,301.0,310.5,1248,61.4,77,0,0,0,0,0,0,0,0.002635672,Baixo
6291,L53470,L,301.0,310.5,1932,21.7,79,0,0,0,0,0,0,0,7.2282846e-06,Baixo
6292,M21151,M,301.1,310.5,1547,35.8,81,0,0,0,0,0,0,0,1.890792e-05,Baixo
6293,L53472,L,301.0,310.4,1614,31.6,84,0,0,0,0,0,0,0,3.6954313e-07,Baixo
6294,H35707,H,301.0,310.4,1512,44.9,86,0,0,0,0,0,0,0,3.4457167e-07,Baixo
6295,L53474,L,301.1,310.5,1529,38.7,91,0,0,0,0,0,0,0,2.0756705e-05,Baixo
6296,H35709,H,301.1,310.6,1782,24.9,93,0,0,0,0,0,0,0,3.94597e-07,Baixo
6297,L53476,L,301.0,310.5,1429,39.4,98,0,0,0,0,0,0,0,2.7875537e-06,Baixo
6298,M21157,M,301.1,310.5,1309,60.7,100,0,0,0,0,0,0,0,0.0025820902,Baixo
6299,L53478,L,301.1,310.5,1428,44.1,103,0,0,0,0,0,0,0,2.372267e-06,Baixo
6300,L53479,L,301.2,310.6,1385,49.2,105,0,0,0,0,0,0,0,7.866393e-06,Baixo
6301,L53480,L,301.2,310.7,1517,39.4,107,0,0,0,0,0,0,0,8.400638e-07,Baixo
6302,M21161,M,301.2,310.6,1576,39.6,109,0,0,0,0,0,0,0,4.1551587e-07,Baixo
6303,L53482,L,301.2,310.6,1437,51.2,112,0,0,0,0,0,0,0,9.107438e-06,Baixo
6304,H35717,H,301.2,310.6,1457,50.5,114,0,0,0,0,0,0,0,2.258525e-06,Baixo
6305,L53484,L,301.1,310.5,1532,37.5,119,0,0,0,0,0,0,0,9.364431e-05,Baixo
6306,M21165,M,301.1,310.5,1603,32.6,121,0,0,0,0,0,0,0,4.887091e-07,Baixo
6307,L53486,L,301.0,310.4,1563,34.4,124,0,0,0,0,0,0,0,2.6453772e-06,Baixo
6308,L53487,L,301.0,310.3,1617,34.5,126,0,0,0,0,0,0,0,7.3226624e-07,Baixo
6309,M21168,M,300.8,310.1,1686,26.9,128,0,0,0,0,0,0,0,6.319696e-06,Baixo
6310,L53489,L,300.9,310.2,1382,50.4,131,0,0,0,0,0,0,0,2.4082738e-05,Baixo
6311,L53490,L,300.9,310.1,2090,17.8,133,0,0,0,0,0,0,0,1.8917467e-06,Baixo
6312,L53491,L,300.9,310.3,1446,44.5,135,0,0,0,0,0,0,0,7.82954e-07,Baixo
6313,M21172,M,300.9,310.2,1533,38.1,137,0,0,0,0,0,0,0,1.1104597e-05,Baixo
6314,L53493,L,300.9,310.3,1440,47.6,140,0,0,0,0,0,0,0,1.4621262e-06,Baixo
6315,M21174,M,301.0,310.4,1793,25.0,142,0,0,0,0,0,0,0,1.6222829e-06,Baixo
6316,M21175,M,301.0,310.4,1517,46.1,145,0,0,0,0,0,0,0,2.0996113e-06,Baixo
6317,L53496,L,300.9,310.4,1544,36.0,148,0,0,0,0,0,0,0,1.7120609e-06,Baixo
6318,L53497,L,300.9,310.3,1321,48.8,150,0,0,0,0,0,0,0,9.22497e-05,Baixo
6319,M21178,M,300.9,310.3,1416,50.9,152,0,0,0,0,0,0,0,5.9137064e-06,Baixo
6320,L53499,L,300.8,310.2,1514,40.0,155,0,0,0,0,0,0,0,1.5685199e-06,Baixo
6321,M21180,M,300.8,310.2,1304,52.5,157,0,0,0,0,0,0,0,0.0005466507,Baixo
6322,L53501,L,300.7,310.2,1286,64.9,160,0,0,0,0,0,0,0,0.25166127,Baixo
6323,M21182,M,300.7,310.1,1483,40.2,162,0,0,0,0,0,0,0,1.2982786e-06,Baixo
6324,L53503,L,300.7,310.1,1351,46.9,165,0,0,0,0,0,0,0,5.723359e-05,Baixo
6325,M21184,M,300.7,310.1,1367,52.6,167,0,0,0,0,0,0,0,0.00019858181,Baixo
6326,L53505,L,300.7,310.1,1721,32.3,170,0,0,0,0,0,0,0,8.102472e-07,Baixo
6327,L53506,L,300.6,310.0,1455,40.4,172,0,0,0,0,0,0,0,1.907728e-06,Baixo
6328,L53507,L,300.6,310.0,1425,49.5,174,0,0,0,0,0,0,0,1.3664943e-06,Baixo
6329,L53508,L,300.7,310.0,1672,29.7,176,0,0,0,0,0,0,0,8.08957e-06,Baixo
6330,M21189,M,300.7,310.0,1641,34.6,178,0,0,0,0,0,0,0,1.19346705e-05,Baixo
6331,M21190,M,300.5,310.0,1580,37.0,181,0,0,0,0,0,0,0,2.0383197e-07,Baixo
6332,H35745,H,300.5,310.0,1495,47.4,184,0,0,0,0,0,0,0,9.806571e-07,Baixo
6333,M21192,M,300.5,309.9,1994,19.8,189,0,0,0,0,0,0,0,0.0140878605,Baixo
6334,M21193,M,300.4,309.9,1415,31.8,192,0,0,0,0,0,0,0,0.0015408724,Baixo
6335,M21194,M,300.4,309.8,1725,30.4,195,0,0,0,0,0,0,0,0.00067680195,Baixo
6336,M21195,M,300.4,309.8,1430,43.4,198,0,0,0,0,0,0,0,0.0001099211,Baixo
6337,L53516,L,300.4,309.8,1395,48.1,201,0,0,0,0,0,0,0,0.002966007,Baixo
6338,M21197,M,300.4,309.8,1435,43.6,203,0,0,0,0,0,0,0,0.000939703,Baixo
6339,L53518,L,300.4,309.9,1681,28.6,206,0,0,0,0,0,0,0,0.0022008198,Baixo
6340,L53519,L,300.5,310.0,1451,48.6,208,0,0,0,0,0,0,0,0.075483665,Baixo
6341,H35754,H,300.5,309.9,1397,45.9,210,1,1,0,0,0,0,1,0.00054420886,Baixo
6342,M21201,M,300.4,309.8,1421,47.2,0,0,0,0,0,0,0,0,5.342928e-06,Baixo
6343,M21202,M,300.3,309.8,1444,42.0,3,0,0,0,0,0,0,0,5.8819e-06,Baixo
6344,L53523,L,300.2,309.8,1827,23.0,6,0,0,0,0,0,0,0,1.9727881e-06,Baixo
6345,H35758,H,300.2,309.8,1374,47.7,8,0,0,0,0,0,0,0,3.285757e-05,Baixo
6346,L53525,L,300.2,309.8,1650,29.6,13,0,0,0,0,0,0,0,2.3884004e-06,Baixo
6347,L53526,L,300.2,309.7,1275,60.7,15,0,0,0,0,0,0,0,2.920704e-05,Baixo
6348,L53527,L,300.2,309.7,1421,44.6,17,0,0,0,0,0,0,0,1.2749464e-06,Baixo
6349,L53528,L,300.2,309.8,1557,33.8,19,0,0,0,0,0,0,0,2.3392239e-07,Baixo
6350,L53529,L,300.1,309.8,1506,35.2,21,0,0,0,0,0,0,0,1.7149957e-06,Baixo
6351,L53530,L,300.1,309.7,1362,49.1,23,0,0,0,0,0,0,0,4.051483e-05,Baixo
6352,L53531,L,300.0,309.7,1542,47.1,25,0,0,0,0,0,0,0,5.70941e-07,Baixo
6353,L53532,L,300.0,309.6,1496,38.8,27,0,0,0,0,0,0,0,5.464431e-07,Baixo
6354,M21213,M,300.0,309.6,1491,42.0,29,0,0,0,0,0,0,0,4.1679897e-07,Baixo
6355,L53534,L,300.1,309.6,1565,34.8,32,0,0,0,0,0,0,0,9.372071e-07,Baixo
6356,L53535,L,300.1,309.7,1481,37.9,34,0,0,0,0,0,0,0,2.2944591e-06,Baixo
6357,M21216,M,300.1,309.7,1420,48.4,36,0,0,0,0,0,0,0,1.2167342e-06,Baixo
6358,L53537,L,300.2,309.8,1398,54.8,39,0,0,0,0,0,0,0,1.6623511e-05,Baixo
6359,M21218,M,300.2,309.8,1466,45.7,41,0,0,0,0,0,0,0,7.176107e-07,Baixo
6360,L53539,L,300.1,309.8,1430,56.7,44,0,0,0,0,0,0,0,8.4425784e-07,Baixo
6361,L53540,L,300.1,309.7,1441,40.1,46,0,0,0,0,0,0,0,6.400293e-07,Baixo
6362,M21221,M,300.1,309.7,1348,57.3,48,0,0,0,0,0,0,0,1.017478e-05,Baixo
6363,L53542,L,300.0,309.6,1738,28.7,51,0,0,0,0,0,0,0,3.3288444e-07,Baixo
6364,M21223,M,300.0,309.6,1618,36.2,53,0,0,0,0,0,0,0,1.1780994e-07,Baixo
6365,M21224,M,299.9,309.6,1489,41.7,56,0,0,0,0,0,0,0,4.0717606e-07,Baixo
6366,M21225,M,299.9,309.5,1412,57.9,59,0,0,0,0,0,0,0,9.263412e-05,Baixo
6367,M21226,M,299.9,309.5,2065,18.1,62,0,0,0,0,0,0,0,0.00062777055,Baixo
6368,L53547,L,300.0,309.6,1571,33.1,65,0,0,0,0,0,0,0,2.2639044e-07,Baixo
6369,M21228,M,300.0,309.6,1423,48.7,67,0,0,0,0,0,0,0,3.0976548e-06,Baixo
6370,H35783,H,300.0,309.5,1781,24.9,70,0,0,0,0,0,0,0,5.1915044e-06,Baixo
6371,L53550,L,300.1,309.6,1321,46.9,75,0,0,0,0,0,0,0,2.8043018e-05,Baixo
6372,L53551,L,300.1,309.6,1546,36.7,77,0,0,0,0,0,0,0,5.446045e-07,Baixo
6373,M21232,M,300.0,309.5,1879,22.4,79,0,0,0,0,0,0,0,0.0002935771,Baixo
6374,H35787,H,300.0,309.5,1735,28.9,82,0,0,0,0,0,0,0,4.3094365e-06,Baixo
6375,L53554,L,300.0,309.5,1506,38.8,87,0,0,0,0,0,0,0,1.7579074e-06,Baixo
6376,H35789,H,300.0,309.6,1629,32.3,89,0,0,0,0,0,0,0,7.068335e-06,Baixo
6377,L53556,L,300.0,309.6,1694,28.7,94,0,0,0,0,0,0,0,1.739657e-06,Baixo
6378,L53557,L,300.1,309.6,1541,37.0,96,0,0,0,0,0,0,0,1.1235988e-06,Baixo
6379,L53558,L,300.0,309.6,1514,44.6,98,0,0,0,0,0,0,0,1.0450195e-06,Baixo
6380,L53559,L,300.1,309.7,1485,45.9,100,0,0,0,0,0,0,0,1.9851745e-06,Baixo
6381,L53560,L,300.2,309.8,1430,55.0,102,0,0,0,0,0,0,0,7.112551e-06,Baixo
6382,L53561,L,300.2,309.7,1771,27.1,104,0,0,0,0,0,0,0,3.0184274e-06,Baixo
6383,L53562,L,300.2,309.8,1481,41.9,106,0,0,0,0,0,0,0,1.2906801e-06,Baixo
6384,H35797,H,300.2,309.7,1483,43.8,108,0,0,0,0,0,0,0,1.3396279e-07,Baixo
6385,H35798,H,300.1,309.6,1463,45.1,113,0,0,0,0,0,0,0,7.8962245e-07,Baixo
6386,L53565,L,300.1,309.7,1410,48.3,118,0,0,0,0,0,0,0,2.6617274e-06,Baixo
6387,L53566,L,300.2,309.7,1656,34.3,120,0,0,0,0,0,0,0,1.1532598e-07,Baixo
6388,M21247,M,300.2,309.8,1487,39.2,122,0,0,0,0,0,0,0,4.7932563e-06,Baixo
6389,H35802,H,300.3,309.9,1509,46.6,125,0,0,0,0,0,0,0,6.030073e-06,Baixo
6390,H35803,H,300.3,309.9,1677,30.1,130,0,0,0,0,0,0,0,8.318945e-07,Baixo
6391,L53570,L,300.3,309.8,1450,55.0,135,0,0,0,0,0,0,0,1.0332386e-05,Baixo
6392,M21251,M,300.2,309.7,1413,43.0,137,0,0,0,0,0,0,0,6.658129e-06,Baixo
6393,L53572,L,300.1,309.7,1680,33.8,140,0,0,0,0,0,0,0,3.858949e-08,Baixo
6394,L53573,L,300.2,309.7,1678,30.5,142,0,0,0,0,0,0,0,2.4254537e-05,Baixo
6395,M21254,M,300.2,309.7,1408,44.0,144,0,0,0,0,0,0,0,1.7228484e-05,Baixo
6396,M21255,M,300.1,309.6,1376,52.1,147,0,0,0,0,0,0,0,0.000249238,Baixo
6397,L53576,L,300.0,309.6,1526,46.4,150,0,0,0,0,0,0,0,7.898484e-07,Baixo
6398,M21257,M,300.0,309.6,1587,32.6,152,0,0,0,0,0,0,0,6.4882624e-07,Baixo
6399,L53578,L,300.1,309.7,1351,58.2,155,0,0,0,0,0,0,0,1.1504588e-05,Baixo
6400,M21259,M,300.1,309.6,1501,38.0,157,0,0,0,0,0,0,0,1.1432384e-06,Baixo
6401,L53580,L,300.1,309.7,1601,35.8,160,0,0,0,0,0,0,0,2.4493804e-06,Baixo
6402,M21261,M,300.0,309.6,1573,39.7,162,0,0,0,0,0,0,0,1.5668318e-05,Baixo
6403,M21262,M,300.1,309.6,1584,36.7,165,0,0,0,0,0,0,0,2.0074228e-07,Baixo
6404,L53583,L,300.1,309.6,1649,33.6,168,0,0,0,0,0,0,0,4.7397043e-07,Baixo
6405,M21264,M,300.2,309.7,1183,61.4,170,0,0,0,0,0,0,0,0.00017259954,Baixo
6406,L53585,L,300.1,309.7,2151,17.5,173,0,0,0,0,0,0,0,1.0849981e-05,Baixo
6407,L53586,L,300.2,309.8,1526,45.6,175,0,0,0,0,0,0,0,9.316873e-07,Baixo
6408,M21267,M,300.3,309.9,1611,29.0,177,0,0,0,0,0,0,0,0.00011948778,Baixo
6409,L53588,L,300.3,309.9,1601,31.7,180,0,0,0,0,0,0,0,3.6821482e-06,Baixo
6410,L53589,L,300.3,310.0,1560,40.8,182,0,0,0,0,0,0,0,2.3819198e-06,Baixo
6411,L53590,L,300.4,310.1,1544,41.9,184,0,0,0,0,0,0,0,1.4296515e-06,Baixo
6412,M21271,M,300.4,310.0,1560,42.3,186,0,0,0,0,0,0,0,1.9846066e-06,Baixo
6413,L53592,L,300.4,310.0,1423,44.2,189,0,0,0,0,0,0,0,1.0470652e-05,Baixo
6414,L53593,L,300.4,310.1,1614,33.5,191,0,0,0,0,0,0,0,9.160653e-06,Baixo
6415,M21274,M,300.4,310.1,1457,35.1,193,0,0,0,0,0,0,0,2.1560541e-05,Baixo
6416,L53595,L,300.4,310.1,1503,42.2,196,0,0,0,0,0,0,0,4.7465483e-06,Baixo
6417,H35830,H,300.4,310.1,1484,38.0,198,0,0,0,0,0,0,0,0.00013935994,Baixo
6418,L53597,L,300.3,309.9,1540,39.9,203,0,0,0,0,0,0,0,0.0025059483,Baixo
6419,H35832,H,300.3,309.9,1405,52.1,205,0,0,0,0,0,0,0,0.00471712,Baixo
6420,H35833,H,300.3,309.9,1394,46.7,210,1,1,0,0,0,0,1,0.00031187903,Baixo
6421,L53600,L,300.3,309.9,1518,36.4,0,0,0,0,0,0,0,0,9.321175e-07,Baixo
6422,L53601,L,300.3,309.9,1527,41.4,2,0,0,0,0,0,0,0,7.6342934e-07,Baixo
6423,L53602,L,300.3,309.9,1377,55.3,4,0,0,0,0,0,0,0,0.0013232637,Baixo
6424,M21283,M,300.3,310.0,1537,37.5,6,0,0,0,0,0,0,0,2.8301124e-06,Baixo
6425,M21284,M,300.3,310.0,1409,43.2,9,0,0,0,0,0,0,0,6.286271e-07,Baixo
6426,L53605,L,300.3,309.9,1393,56.1,12,0,0,0,0,0,0,0,0.00028950017,Baixo
6427,L53606,L,300.2,309.7,1448,36.8,14,0,0,0,0,0,0,0,6.269597e-07,Baixo
6428,L53607,L,300.2,309.8,1418,49.3,16,0,0,0,0,0,0,0,3.884734e-06,Baixo
6429,M21288,M,300.2,309.8,1743,24.1,18,0,0,0,0,0,0,0,1.5914711e-06,Baixo
6430,M21289,M,300.2,309.8,1394,47.4,21,0,0,0,0,0,0,0,7.651631e-05,Baixo
6431,L53610,L,300.3,309.8,1523,39.2,24,0,0,0,0,0,0,0,3.5075507e-07,Baixo
6432,L53611,L,300.2,309.8,1353,59.4,26,0,0,0,0,0,0,0,0.00013732098,Baixo
6433,M21292,M,300.3,309.9,1447,46.5,28,0,0,0,0,0,0,0,1.6703047e-05,Baixo
6434,L53613,L,300.3,309.9,1570,34.0,31,0,0,0,0,0,0,0,2.501449e-07,Baixo
6435,M21294,M,300.3,309.9,1494,38.5,33,0,0,0,0,0,0,0,2.0293348e-06,Baixo
6436,L53615,L,300.3,309.9,1621,34.1,36,0,0,0,0,0,0,0,1.089674e-07,Baixo
6437,L53616,L,300.4,310.0,1769,26.1,38,0,0,0,0,0,0,0,8.576356e-07,Baixo
6438,L53617,L,300.4,310.0,1282,66.1,40,0,0,0,0,0,0,0,0.14270823,Baixo
6439,L53618,L,300.4,310.0,1581,30.3,42,0,0,0,0,0,0,0,6.800237e-07,Baixo
6440,L53619,L,300.6,310.1,1656,32.7,44,0,0,0,0,0,0,0,3.8263204e-07,Baixo
6441,L53620,L,300.6,310.2,1648,31.7,46,0,0,0,0,0,0,0,1.0924776e-06,Baixo
6442,L53621,L,300.7,310.2,1639,31.4,48,0,0,0,0,0,0,0,1.0537457e-07,Baixo
6443,L53622,L,300.7,310.2,1348,54.8,50,0,0,0,0,0,0,0,0.000713025,Baixo
6444,L53623,L,300.8,310.3,1537,33.3,52,0,0,0,0,0,0,0,2.581245e-06,Baixo
6445,M21304,M,300.8,310.3,1270,61.0,54,0,0,0,0,0,0,0,0.002368667,Baixo
6446,L53625,L,300.7,310.3,1662,34.4,57,0,0,0,0,0,0,0,1.3370092e-06,Baixo
6447,M21306,M,300.7,310.3,1471,40.2,59,0,0,0,0,0,0,0,2.1979804e-06,Baixo
6448,L53627,L,300.6,310.1,1337,45.8,62,0,0,0,0,0,0,0,0.00019529501,Baixo
6449,H35862,H,300.7,310.2,1877,24.8,64,0,0,0,0,0,0,0,1.881023e-06,Baixo
6450,L53629,L,300.6,310.2,1519,44.6,69,0,0,0,0,0,0,0,3.5922749e-06,Baixo
6451,L53630,L,300.6,310.2,1378,47.3,71,0,0,0,0,0,0,0,0.0029732566,Baixo
6452,L53631,L,300.7,310.2,1696,27.5,73,0,0,0,0,0,0,0,9.900827e-06,Baixo
6453,L53632,L,300.7,310.1,1376,50.8,75,0,0,0,0,0,0,0,0.0005277392,Baixo
6454,L53633,L,300.7,310.2,1807,24.2,77,0,0,0,0,0,0,0,1.2424642e-05,Baixo
6455,L53634,L,300.7,310.1,1598,32.8,79,0,0,0,0,0,0,0,1.9316118e-07,Baixo
6456,L53635,L,300.7,310.1,1565,40.2,81,0,0,0,0,0,0,0,5.2051223e-06,Baixo
6457,L53636,L,300.7,310.2,1387,50.6,83,0,0,0,0,0,0,0,3.2929027e-05,Baixo
6458,L53637,L,300.7,310.0,1395,48.0,85,0,0,0,0,0,0,0,7.422459e-05,Baixo
6459,M21318,M,300.6,310.0,1302,62.9,87,0,0,0,0,0,0,0,0.30361432,Moderado
6460,M21319,M,300.6,310.0,1397,55.2,90,0,0,0,0,0,0,0,5.602467e-05,Baixo
6461,L53640,L,300.6,310.0,1313,52.9,93,0,0,0,0,0,0,0,0.0012800107,Baixo
6462,L53641,L,300.6,310.0,1505,35.9,95,0,0,0,0,0,0,0,1.1400973e-06,Baixo
6463,H35876,H,300.6,310.0,1483,44.0,97,0,0,0,0,0,0,0,6.857776e-07,Baixo
6464,H35877,H,300.5,310.0,1358,60.4,102,0,0,0,0,0,0,0,0.0003272918,Baixo
6465,M21324,M,300.5,309.9,1735,27.0,107,0,0,0,0,0,0,0,1.0544947e-05,Baixo
6466,M21325,M,300.5,309.8,1416,48.5,110,0,0,0,0,0,0,0,5.972156e-06,Baixo
6467,L53646,L,300.4,309.7,1740,31.1,113,0,0,0,0,0,0,0,2.0092827e-07,Baixo
6468,L53647,L,300.4,309.7,1692,27.4,115,0,0,0,0,0,0,0,3.4664658e-06,Baixo
6469,L53648,L,300.5,309.8,1507,42.5,117,0,0,0,0,0,0,0,8.788224e-07,Baixo
6470,M21329,M,300.4,309.6,1521,35.0,119,0,0,0,0,0,0,0,9.181547e-06,Baixo
6471,L53650,L,300.4,309.6,1379,54.5,122,0,0,0,0,0,0,0,0.0005399092,Baixo
6472,L53651,L,300.4,309.6,1523,38.5,124,0,0,0,0,0,0,0,1.7893575e-06,Baixo
6473,H35886,H,300.4,309.6,1571,33.6,126,0,0,0,0,0,0,0,8.039611e-08,Baixo
6474,H35887,H,300.4,309.5,1547,50.7,131,0,0,0,0,0,0,0,4.6772184e-06,Baixo
6475,M21334,M,300.5,309.7,1347,54.3,136,0,0,0,0,0,0,0,2.9440742e-05,Baixo
6476,L53655,L,300.5,309.7,1560,30.2,139,0,0,0,0,0,0,0,2.98298e-06,Baixo
6477,L53656,L,300.5,309.7,1384,48.6,141,0,0,0,0,0,0,0,9.383981e-06,Baixo
6478,L53657,L,300.5,309.7,1841,24.6,143,0,0,0,0,0,0,0,2.2482949e-07,Baixo
6480,L53659,L,300.6,309.8,1418,42.7,147,0,0,0,0,0,0,0,1.8772237e-06,Baixo
6481,L53660,L,300.7,309.9,1775,26.6,149,0,0,0,0,0,0,0,2.1769358e-06,Baixo
6482,L53661,L,300.7,309.8,1406,48.4,151,0,0,0,0,0,0,0,2.1363076e-05,Baixo
6483,L53662,L,300.6,309.9,1480,43.7,153,0,0,0,0,0,0,0,1.1979322e-06,Baixo
6484,L53663,L,300.7,309.9,1412,45.3,155,0,0,0,0,0,0,0,1.1433679e-05,Baixo
6485,H35898,H,300.6,309.8,1913,22.5,157,0,0,0,0,0,0,0,5.569425e-06,Baixo
6486,L53665,L,300.6,309.8,1629,37.6,162,0,0,0,0,0,0,0,1.08257955e-05,Baixo
6487,L53666,L,300.5,309.8,1939,21.4,164,0,0,0,0,0,0,0,1.5284946e-05,Baixo
6488,H35901,H,300.6,309.8,1541,36.2,166,0,0,0,0,0,0,0,6.5275135e-06,Baixo
6489,L53668,L,300.7,309.8,1330,54.4,171,0,0,0,0,0,0,0,0.00028999685,Baixo
6490,M21349,M,300.7,309.8,1490,38.8,173,0,0,0,0,0,0,0,1.5681831e-05,Baixo
6491,L53670,L,300.7,309.9,1383,44.5,176,0,0,0,0,0,0,0,0.00043339696,Baixo
6492,L53671,L,300.8,310.0,1468,52.7,178,0,0,0,0,0,0,0,1.4291718e-05,Baixo
6493,M21352,M,300.8,309.9,1444,46.0,180,0,0,0,0,0,0,0,8.8993555e-05,Baixo
6494,L53673,L,300.7,309.8,1363,53.1,183,0,0,0,0,0,0,0,0.0059341034,Baixo
6495,L53674,L,300.6,309.7,1617,33.2,185,0,0,0,0,0,0,0,5.9574404e-07,Baixo
6496,M21355,M,300.6,309.8,1694,31.1,187,0,0,0,0,0,0,0,2.2698163e-05,Baixo
6497,L53676,L,300.7,309.9,1815,27.0,190,0,0,0,0,0,0,0,4.2919683e-06,Baixo
6498,L53677,L,300.8,309.9,1312,65.3,192,1,0,0,0,1,0,1,0.9999268,Crítico
6499,H35912,H,300.8,309.9,2041,19.2,194,0,0,0,0,0,0,0,0.00013268112,Baixo
6500,L53679,L,300.9,310.0,1671,26.8,199,0,0,0,0,0,0,0,1.782041e-05,Baixo
6501,M21360,M,300.9,310.0,1416,46.6,201,0,0,0,0,0,0,0,0.0007928081,Baixo
6502,M21361,M,300.9,310.0,1600,36.0,204,0,0,0,0,0,0,0,8.751727e-05,Baixo
6503,L53682,L,300.9,310.0,2595,13.7,207,0,0,0,0,0,0,0,0.92509055,Crítico
6504,M21363,M,300.9,309.9,1465,42.9,209,0,0,0,0,0,0,0,0.00069384446,Baixo
6505,M21364,M,301.0,310.1,1681,27.4,212,0,0,0,0,0,0,0,0.0058386847,Baixo
6506,L53685,L,301.1,310.1,1457,39.6,215,0,0,0,0,0,0,0,0.0030219103,Baixo
6507,H35920,H,301.0,310.1,1454,44.1,217,0,0,0,0,0,0,0,0.0004904568,Baixo
6508,L53687,L,301.0,310.1,1558,32.6,0,0,0,0,0,0,0,0,3.9166218e-07,Baixo
6509,H35922,H,301.0,310.1,1756,30.7,2,0,0,0,0,0,0,0,7.96391e-06,Baixo
6510,L53689,L,301.1,310.1,1564,36.8,7,0,0,0,0,0,0,0,5.37286e-06,Baixo
6511,L53690,L,301.1,310.2,1455,55.3,9,0,0,0,0,0,0,0,7.404926e-05,Baixo
6512,M21371,M,301.2,310.1,2280,15.7,11,0,0,0,0,0,0,0,0.054928888,Baixo
6513,M21372,M,301.1,310.0,1433,48.1,14,0,0,0,0,0,0,0,1.5382981e-06,Baixo
6514,L53693,L,301.1,310.0,1513,38.0,17,0,0,0,0,0,0,0,1.8162613e-05,Baixo
6515,L53694,L,301.0,309.9,1507,41.8,19,0,0,0,0,0,0,0,3.3690292e-06,Baixo
6516,L53695,L,301.0,310.0,1480,43.5,21,0,0,0,0,0,0,0,9.3676385e-07,Baixo
6517,H35930,H,301.1,310.0,1470,40.1,23,0,0,0,0,0,0,0,2.8292272e-06,Baixo
6518,L53697,L,301.1,310.1,1540,36.6,28,0,0,0,0,0,0,0,3.784975e-06,Baixo
6519,H35932,H,301.0,310.0,1212,67.9,30,0,0,0,0,0,0,0,0.88576293,Crítico
6520,L53699,L,301.1,310.1,1417,46.9,35,0,0,0,0,0,0,0,2.2983902e-06,Baixo
6521,M21380,M,301.2,310.1,1666,34.9,37,0,0,0,0,0,0,0,1.7528686e-07,Baixo
6522,L53701,L,301.1,310.1,1666,27.2,40,0,0,0,0,0,0,0,2.237175e-07,Baixo
6523,L53702,L,301.1,310.1,1489,45.8,42,0,0,0,0,0,0,0,2.8946884e-06,Baixo
6524,M21383,M,301.1,310.2,1850,27.7,44,0,0,0,0,0,0,0,1.1923871e-06,Baixo
6525,L53704,L,301.1,310.4,1874,24.8,47,0,0,0,0,0,0,0,2.3558661e-05,Baixo
6526,L53705,L,301.1,310.4,1312,73.6,49,1,0,0,1,0,0,1,0.9997737,Crítico
6527,L53706,L,301.2,310.4,1515,38.4,51,0,0,0,0,0,0,0,8.5376705e-06,Baixo
6528,L53707,L,301.2,310.4,1516,44.4,53,0,0,0,0,0,0,0,2.2066736e-06,Baixo
6529,L53708,L,301.2,310.5,1546,40.0,55,0,0,0,0,0,0,0,7.19432e-07,Baixo
6530,L53709,L,301.3,310.6,1481,40.9,57,0,0,0,0,0,0,0,2.0254001e-06,Baixo
6531,H35944,H,301.3,310.6,1605,32.5,59,0,0,0,0,0,0,0,1.5334331e-08,Baixo
6532,H35945,H,301.2,310.7,1656,26.2,64,0,0,0,0,0,0,0,2.3274376e-06,Baixo
6533,H35946,H,301.2,310.6,1352,52.0,69,0,0,0,0,0,0,0,2.7279651e-05,Baixo
6534,L53713,L,301.3,310.7,1504,47.2,74,0,0,0,0,0,0,0,5.187946e-06,Baixo
6535,L53714,L,301.3,310.6,1436,44.2,76,0,0,0,0,0,0,0,2.6563034e-06,Baixo
6536,H35949,H,301.2,310.5,1505,43.6,78,0,0,0,0,0,0,0,2.0045094e-07,Baixo
6537,L53716,L,301.3,310.5,1406,47.1,83,0,0,0,0,0,0,0,4.2219717e-06,Baixo
6538,M21397,M,301.3,310.5,1481,39.7,85,0,0,0,0,0,0,0,1.0246645e-06,Baixo
6539,L53718,L,301.4,310.7,1487,44.6,88,0,0,0,0,0,0,0,8.891911e-06,Baixo
6540,L53719,L,301.4,310.7,1436,54.1,90,0,0,0,0,0,0,0,1.902725e-05,Baixo
6541,M21400,M,301.4,310.7,1368,63.7,92,1,0,0,1,0,0,1,0.90139216,Crítico
6542,L53721,L,301.4,310.7,1509,38.3,95,0,0,0,0,0,0,0,2.4514053e-05,Baixo
6543,L53722,L,301.4,310.8,1543,36.9,97,0,0,0,0,0,0,0,4.759104e-06,Baixo
6544,L53723,L,301.4,310.8,1698,29.6,99,0,0,0,0,0,0,0,1.0113948e-06,Baixo
6545,M21404,M,301.4,310.7,1470,46.5,101,0,0,0,0,0,0,0,1.0008853e-05,Baixo
6546,M21405,M,301.4,310.8,1738,30.3,104,0,0,0,0,0,0,0,1.4434322e-06,Baixo
6547,M21406,M,301.4,310.8,1530,39.9,107,0,0,0,0,0,0,0,5.8612877e-06,Baixo
6548,L53727,L,301.4,310.8,1740,29.2,110,0,0,0,0,0,0,0,1.4076181e-07,Baixo
6549,L53728,L,301.4,310.8,1770,24.1,112,0,0,0,0,0,0,0,9.089235e-07,Baixo
6550,H35963,H,301.3,310.6,1527,44.0,114,0,0,0,0,0,0,0,1.1609129e-06,Baixo
6551,L53730,L,301.3,310.7,1516,46.0,119,0,0,0,0,0,0,0,4.047975e-06,Baixo
6552,L53731,L,301.4,310.7,1616,36.5,121,0,0,0,0,0,0,0,1.6503763e-07,Baixo
6553,L53732,L,301.4,310.7,1786,26.1,123,0,0,0,0,0,0,0,1.2385353e-05,Baixo
6554,L53733,L,301.4,310.8,1389,52.7,125,0,0,0,0,0,0,0,7.68881e-06,Baixo
6555,M21414,M,301.4,310.7,1639,29.8,127,0,0,0,0,0,0,0,1.4359248e-06,Baixo
6556,H35969,H,301.5,310.7,1394,46.7,130,0,0,0,0,0,0,0,3.8451963e-05,Baixo
6557,L53736,L,301.5,310.7,1686,27.9,135,0,0,0,0,0,0,0,9.142474e-07,Baixo
6558,M21417,M,301.5,310.6,1638,31.9,137,0,0,0,0,0,0,0,2.1843196e-07,Baixo
6559,M21418,M,301.5,310.6,1447,41.9,140,0,0,0,0,0,0,0,4.3727334e-07,Baixo
6560,H35973,H,301.5,310.6,1512,39.0,143,0,0,0,0,0,0,0,2.638841e-06,Baixo
6561,L53740,L,301.6,310.8,1961,21.8,148,0,0,0,0,0,0,0,8.444077e-07,Baixo
6562,L53741,L,301.5,310.7,1596,35.4,150,0,0,0,0,0,0,0,1.3220385e-07,Baixo
6563,M21422,M,301.5,310.7,1871,21.3,152,0,0,0,0,0,0,0,6.545198e-06,Baixo
6564,L53743,L,301.5,310.7,1942,20.5,155,0,0,0,0,0,0,0,1.263773e-06,Baixo
6565,L53744,L,301.4,310.6,1557,38.2,157,0,0,0,0,0,0,0,3.3000877e-06,Baixo
6566,L53745,L,301.4,310.6,1550,36.8,159,0,0,0,0,0,0,0,5.243603e-07,Baixo
6567,L53746,L,301.3,310.6,1966,22.6,161,0,0,0,0,0,0,0,4.2592038e-07,Baixo
6568,M21427,M,301.3,310.6,1499,36.1,163,0,0,0,0,0,0,0,2.3562272e-06,Baixo
6569,L53748,L,301.3,310.6,1521,36.3,166,0,0,0,0,0,0,0,1.5787987e-06,Baixo
6570,M21429,M,301.4,310.7,1375,42.0,168,0,0,0,0,0,0,0,8.820487e-05,Baixo
6571,L53750,L,301.4,310.6,1634,31.1,171,0,0,0,0,0,0,0,1.5188371e-07,Baixo
6572,M21431,M,301.3,310.6,1378,49.4,173,0,0,0,0,0,0,0,4.217693e-05,Baixo
6573,L53752,L,301.4,310.7,1428,53.7,176,0,0,0,0,0,0,0,3.1776221e-06,Baixo
6574,M21433,M,301.4,310.6,1855,25.3,178,0,0,0,0,0,0,0,4.894731e-07,Baixo
6575,L53754,L,301.4,310.6,1578,33.0,181,0,0,0,0,0,0,0,7.05363e-08,Baixo
6576,M21435,M,301.4,310.5,1451,45.3,183,0,0,0,0,0,0,0,7.1241203e-07,Baixo
6577,L53756,L,301.5,310.5,1644,34.9,186,0,0,0,0,0,0,0,1.4672341e-07,Baixo
6578,L53757,L,301.4,310.4,1388,45.3,188,0,0,0,0,0,0,0,2.2414437e-05,Baixo
6579,L53758,L,301.4,310.4,1543,40.9,190,0,0,0,0,0,0,0,2.9335006e-06,Baixo
6580,L53759,L,301.3,310.4,1501,41.6,192,0,0,0,0,0,0,0,3.1577204e-06,Baixo
6581,L53760,L,301.3,310.4,1507,39.1,194,0,0,0,0,0,0,0,1.1300506e-05,Baixo
6582,L53761,L,301.4,310.4,1559,36.0,196,0,0,0,0,0,0,0,4.314587e-07,Baixo
6583,L53762,L,301.5,310.5,1528,35.7,198,0,0,0,0,0,0,0,0.0006099421,Baixo
6584,M21443,M,301.5,310.5,1503,38.2,200,0,0,0,0,0,0,0,0.00030850273,Baixo
6585,L53764,L,301.5,310.5,1372,44.0,203,0,0,0,0,0,0,0,0.00639748,Baixo
6586,M21445,M,301.5,310.5,1600,32.8,205,0,0,0,0,0,0,0,0.00030843302,Baixo
6587,L53766,L,301.5,310.6,1453,44.0,208,0,0,0,0,0,0,0,0.0022572554,Baixo
6588,M21447,M,301.6,310.7,1813,24.6,210,0,0,0,0,0,0,0,0.00023025916,Baixo
6589,L53768,L,301.6,310.7,1457,40.4,213,0,0,0,0,0,0,0,0.008425522,Baixo
6590,M21449,M,301.6,310.6,1553,38.9,0,0,0,0,0,0,0,0,2.847656e-06,Baixo
6591,L53770,L,301.7,310.7,1763,25.9,3,0,0,0,0,0,0,0,1.9188572e-05,Baixo
6592,L53771,L,301.7,310.7,2023,20.9,5,0,0,0,0,0,0,0,3.3850665e-05,Baixo
6593,M21452,M,301.6,310.7,1457,47.8,7,0,0,0,0,0,0,0,3.288315e-07,Baixo
6594,L53773,L,301.6,310.7,1679,29.5,10,0,0,0,0,0,0,0,1.4379925e-05,Baixo
6595,L53774,L,301.6,310.6,2103,19.7,12,0,0,0,0,0,0,0,6.2892186e-06,Baixo
6596,M21455,M,301.5,310.7,1460,38.6,14,0,0,0,0,0,0,0,8.32068e-06,Baixo
6597,M21456,M,301.5,310.7,1454,39.4,17,0,0,0,0,0,0,0,2.6008129e-06,Baixo
6598,L53777,L,301.5,310.6,1481,46.8,20,0,0,0,0,0,0,0,8.315841e-06,Baixo
6599,L53778,L,301.5,310.7,1424,51.1,22,0,0,0,0,0,0,0,6.70015e-06,Baixo
6600,L53779,L,301.6,310.7,1494,39.5,24,0,0,0,0,0,0,0,8.422864e-06,Baixo
6601,M21460,M,301.5,310.6,1424,47.0,26,0,0,0,0,0,0,0,1.162281e-06,Baixo
6602,M21461,M,301.5,310.7,1347,47.9,29,0,0,0,0,0,0,0,2.255024e-05,Baixo
6603,L53782,L,301.5,310.6,1374,46.7,32,0,0,0,0,0,0,0,0.00025775365,Baixo
6604,M21463,M,301.5,310.6,1403,47.4,34,0,0,0,0,0,0,0,1.0061325e-06,Baixo
6605,M21464,M,301.5,310.6,1573,37.4,37,0,0,0,0,0,0,0,3.300498e-05,Baixo
6606,M21465,M,301.6,310.6,1691,30.1,40,0,0,0,0,0,0,0,2.4096778e-06,Baixo
6607,H36020,H,301.5,310.5,1538,44.3,43,0,0,0,0,0,0,0,6.0864224e-08,Baixo
6608,L53787,L,301.5,310.5,1556,39.1,48,0,0,0,0,0,0,0,2.7484336e-07,Baixo
6609,M21468,M,301.5,310.4,1593,36.8,50,0,0,0,0,0,0,0,9.255848e-08,Baixo
6610,L53789,L,301.5,310.4,1474,39.9,53,0,0,0,0,0,0,0,1.1886177e-06,Baixo
6611,L53790,L,301.5,310.4,1543,34.0,55,0,0,0,0,0,0,0,3.331331e-07,Baixo
6612,H36025,H,301.5,310.5,1587,33.8,57,0,0,0,0,0,0,0,4.227574e-07,Baixo
6613,L53792,L,301.6,310.6,1222,70.0,62,0,0,0,0,0,0,0,0.16942465,Baixo
6614,L53793,L,301.7,310.6,1513,41.1,64,0,0,0,0,0,0,0,3.1769948e-06,Baixo
6615,L53794,L,301.7,310.6,1660,28.7,66,0,0,0,0,0,0,0,4.6900863e-07,Baixo
6616,L53795,L,301.7,310.6,1545,42.1,68,0,0,0,0,0,0,0,1.3894279e-06,Baixo
6617,M21476,M,301.7,310.6,1380,45.8,70,0,0,0,0,0,0,0,0.0013864863,Baixo
6618,L53797,L,301.6,310.6,1321,60.8,73,0,0,0,0,0,0,0,0.06426308,Baixo
6619,M21478,M,301.6,310.6,1309,65.8,75,1,0,0,1,0,0,1,0.21858676,Baixo
6620,M21479,M,301.7,310.7,1627,31.3,78,0,0,0,0,0,0,0,1.5710591e-06,Baixo
6621,M21480,M,301.6,310.7,1791,23.8,81,0,0,0,0,0,0,0,3.740002e-05,Baixo
6622,M21481,M,301.7,310.7,1861,21.8,84,0,0,0,0,0,0,0,7.81012e-05,Baixo
6623,L53802,L,301.7,310.7,1493,51.1,87,0,0,0,0,0,0,0,4.09016e-05,Baixo
6624,M21483,M,301.7,310.7,1442,41.1,89,0,0,0,0,0,0,0,5.6726512e-05,Baixo
6625,L53804,L,301.7,310.7,1532,39.8,92,0,0,0,0,0,0,0,3.8172193e-06,Baixo
6626,M21485,M,301.6,310.7,1421,44.4,94,0,0,0,0,0,0,0,2.9331672e-05,Baixo
6627,L53806,L,301.6,310.6,1613,42.5,97,0,0,0,0,0,0,0,1.8893415e-06,Baixo
6628,M21487,M,301.7,310.6,1876,22.1,99,0,0,0,0,0,0,0,8.519176e-06,Baixo
6629,L53808,L,301.6,310.5,1593,34.5,102,0,0,0,0,0,0,0,1.9738616e-07,Baixo
6630,L53809,L,301.6,310.5,1397,49.4,104,0,0,0,0,0,0,0,9.777839e-06,Baixo
6631,M21490,M,301.6,310.5,1414,49.3,106,0,0,0,0,0,0,0,3.5428575e-06,Baixo
6632,M21491,M,301.5,310.4,1378,55.3,109,0,0,0,0,0,0,0,0.013914138,Baixo
6633,L53812,L,301.4,310.4,1301,51.2,112,0,0,0,0,0,0,0,0.015169503,Baixo
6634,M21493,M,301.5,310.5,1737,29.3,114,0,0,0,0,0,0,0,1.2970237e-06,Baixo
6635,L53814,L,301.5,310.5,1396,44.5,117,0,0,0,0,0,0,0,3.1403592e-06,Baixo
6636,L53815,L,301.5,310.5,1534,39.3,119,0,0,0,0,0,0,0,4.5716945e-07,Baixo
6637,M21496,M,301.5,310.5,1774,25.5,121,0,0,0,0,0,0,0,3.365043e-07,Baixo
6638,H36051,H,301.5,310.5,1453,48.0,124,0,0,0,0,0,0,0,1.2231808e-06,Baixo
6639,L53818,L,301.5,310.5,1453,44.2,129,0,0,0,0,0,0,0,7.130882e-06,Baixo
6640,L53819,L,301.4,310.5,1380,48.4,131,0,0,0,0,0,0,0,0.0001803811,Baixo
6641,L53820,L,301.4,310.4,1334,43.2,133,0,0,0,0,0,0,0,0.0007510823,Baixo
6642,L53821,L,301.5,310.5,1702,28.7,135,0,0,0,0,0,0,0,6.5616763e-07,Baixo
6643,L53822,L,301.6,310.6,1431,37.5,137,0,0,0,0,0,0,0,1.29640075e-05,Baixo
6644,M21503,M,301.5,310.5,1308,60.5,139,0,0,0,0,0,0,0,0.00029811842,Baixo
6645,L53824,L,301.5,310.6,1565,43.9,142,0,0,0,0,0,0,0,2.091313e-07,Baixo
6646,M21505,M,301.5,310.4,1486,39.6,144,0,0,0,0,0,0,0,3.9127355e-07,Baixo
6647,L53826,L,301.5,310.5,1479,34.2,147,0,0,0,0,0,0,0,1.9691154e-06,Baixo
6648,L53827,L,301.5,310.5,1927,22.4,149,0,0,0,0,0,0,0,5.611173e-07,Baixo
6649,L53828,L,301.5,310.4,1488,41.1,151,0,0,0,0,0,0,0,2.5000518e-06,Baixo
6650,M21509,M,301.5,310.4,1350,54.9,153,0,0,0,0,0,0,0,0.0030976818,Baixo
6651,L53830,L,301.6,310.4,1561,35.3,156,0,0,0,0,0,0,0,3.2059899e-07,Baixo
6652,M21511,M,301.5,310.4,1276,55.6,158,0,0,0,0,0,0,0,0.0052541816,Baixo
6653,H36066,H,301.5,310.4,1580,35.7,161,0,0,0,0,0,0,0,3.3801825e-07,Baixo
6654,M21513,M,301.4,310.3,1610,29.1,166,0,0,0,0,0,0,0,5.4749494e-06,Baixo
6655,L53834,L,301.4,310.3,2203,16.6,169,0,0,0,0,0,0,0,1.3095286e-05,Baixo
6656,L53835,L,301.4,310.3,1639,32.7,171,0,0,0,0,0,0,0,2.3427735e-07,Baixo
6657,M21516,M,301.4,310.4,1553,44.7,173,0,0,0,0,0,0,0,1.2871695e-06,Baixo
6658,L53837,L,301.4,310.3,1374,47.6,176,0,0,0,0,0,0,0,0.019763017,Baixo
6659,L53838,L,301.4,310.4,1430,50.9,178,0,0,0,0,0,0,0,7.010587e-06,Baixo
6660,L53839,L,301.3,310.3,1626,31.3,180,0,0,0,0,0,0,0,2.4158085e-08,Baixo
6661,H36074,H,301.4,310.5,1421,43.8,182,0,0,0,0,0,0,0,9.162732e-07,Baixo
6662,M21521,M,301.3,310.4,1501,39.8,187,0,0,0,0,0,0,0,7.233728e-07,Baixo
6663,M21522,M,301.3,310.4,2093,18.7,190,0,0,0,0,0,0,0,0.00028954542,Baixo
6664,L53843,L,301.3,310.4,1504,47.2,193,0,0,0,0,0,0,0,6.8191025e-06,Baixo
6665,L53844,L,301.3,310.4,1538,38.4,195,0,0,0,0,0,0,0,2.4662788e-05,Baixo
6666,L53845,L,301.3,310.4,1440,41.5,197,0,0,0,0,0,0,0,2.2888053e-05,Baixo
6667,L53846,L,301.3,310.4,1414,51.4,199,0,0,0,0,0,0,0,9.997502e-05,Baixo
6668,H36081,H,301.4,310.5,1536,39.9,201,0,0,0,0,0,0,0,3.3284077e-06,Baixo
6669,L53848,L,301.4,310.5,1476,39.2,206,0,0,0,0,0,0,0,0.0058441344,Baixo
6670,L53849,L,301.4,310.5,1571,33.9,208,0,0,0,0,0,0,0,4.7768393e-05,Baixo
6671,L53850,L,301.5,310.6,1998,20.2,210,0,0,0,0,0,0,0,0.0021369124,Baixo
6672,L53851,L,301.5,310.6,1357,42.1,212,0,0,0,0,0,0,0,0.0009401593,Baixo
6673,L53852,L,301.6,310.7,1424,50.5,214,0,0,0,0,0,0,0,0.24431801,Baixo
6674,L53853,L,301.6,310.7,1380,51.8,216,1,0,0,0,1,0,1,0.7956772,Alto
6675,L53854,L,301.5,310.7,1618,35.5,218,0,0,0,0,0,0,0,0.005192288,Baixo
6676,L53855,L,301.5,310.6,1579,28.0,220,0,0,0,0,0,0,0,0.0015007049,Baixo
6677,L53856,L,301.5,310.7,1423,44.0,222,0,0,0,0,0,0,0,0.00021475562,Baixo
6678,L53857,L,301.5,310.7,1435,38.5,224,0,0,0,0,0,0,0,0.0015635005,Baixo
6679,M21538,M,301.5,310.7,1336,65.6,0,1,0,0,1,0,0,1,0.966003,Crítico
6680,L53859,L,301.6,310.8,1392,42.4,3,0,0,0,0,0,0,0,1.8627074e-05,Baixo
6681,L53860,L,301.5,310.8,1417,49.7,5,0,0,0,0,0,0,0,2.4679444e-05,Baixo
6682,L53861,L,301.4,310.7,1425,45.1,7,0,0,0,0,0,0,0,2.6889149e-05,Baixo
6683,L53862,L,301.5,310.8,1512,38.9,9,0,0,0,0,0,0,0,4.2016554e-06,Baixo
6684,L53863,L,301.5,310.9,1318,50.6,11,0,0,0,0,0,0,0,0.0022808164,Baixo
6685,L53864,L,301.6,310.9,1538,40.4,13,0,0,0,0,0,0,0,1.0468057e-05,Baixo
6686,L53865,L,301.6,310.9,1532,43.6,15,0,0,0,0,0,0,0,6.445327e-05,Baixo
6687,L53866,L,301.7,311.0,1715,24.8,17,0,0,0,0,0,0,0,1.6945144e-07,Baixo
6688,L53867,L,301.7,311.0,1700,28.7,19,0,0,0,0,0,0,0,6.976946e-08,Baixo
6689,L53868,L,301.7,311.0,1548,40.3,21,0,0,0,0,0,0,0,3.366331e-05,Baixo
6690,L53869,L,301.7,311.0,1546,43.0,23,0,0,0,0,0,0,0,1.2030417e-06,Baixo
6691,L53870,L,301.7,311.0,1343,49.2,25,0,0,0,0,0,0,0,0.00011085721,Baixo
6692,M21551,M,301.7,311.0,1510,47.8,27,0,0,0,0,0,0,0,4.1904562e-07,Baixo
6693,M21552,M,301.8,311.0,1839,23.6,30,0,0,0,0,0,0,0,1.3887457e-06,Baixo
6694,M21553,M,301.8,311.0,1756,26.7,33,0,0,0,0,0,0,0,4.810686e-07,Baixo
6695,M21554,M,301.7,310.9,1300,62.7,36,0,0,0,0,0,0,0,0.0181287,Baixo
6696,M21555,M,301.7,311.0,1311,55.8,39,0,0,0,0,0,0,0,0.0001235421,Baixo
6697,L53876,L,301.7,310.9,1636,31.3,42,0,0,0,0,0,0,0,3.1634306e-07,Baixo
6698,L53877,L,301.6,310.9,1643,34.1,44,0,0,0,0,0,0,0,6.0697043e-06,Baixo
6699,L53878,L,301.6,310.8,1418,44.7,46,0,0,0,0,0,0,0,2.8722224e-07,Baixo
6700,M21559,M,301.7,310.8,1516,40.4,48,0,0,0,0,0,0,0,5.20874e-07,Baixo
6701,H36114,H,301.6,310.9,1419,50.2,51,0,0,0,0,0,0,0,1.0968853e-06,Baixo
6702,L53881,L,301.6,310.9,1623,34.1,56,0,0,0,0,0,0,0,3.6122888e-08,Baixo
6703,M21562,M,301.6,310.8,1664,32.0,58,0,0,0,0,0,0,0,4.961784e-07,Baixo
6704,M21563,M,301.5,310.7,1744,28.2,61,0,0,0,0,0,0,0,1.4814282e-06,Baixo
6705,M21564,M,301.5,310.7,1510,36.0,64,0,0,0,0,0,0,0,7.6238125e-06,Baixo
6706,M21565,M,301.5,310.6,1382,58.1,67,0,0,0,0,0,0,0,8.181937e-06,Baixo
6707,L53886,L,301.4,310.6,1381,46.1,70,0,0,0,0,0,0,0,0.00022140352,Baixo
6708,L53887,L,301.3,310.6,1556,39.0,72,0,0,0,0,0,0,0,3.3951602e-07,Baixo
6709,M21568,M,301.4,310.6,1464,37.4,74,0,0,0,0,0,0,0,0.00025491428,Baixo
6710,L53889,L,301.4,310.6,1481,37.6,77,0,0,0,0,0,0,0,6.252598e-05,Baixo
6711,L53890,L,301.5,310.7,1323,49.7,79,0,0,0,0,0,0,0,2.5193374e-05,Baixo
6712,L53891,L,301.5,310.7,1426,46.1,81,0,0,0,0,0,0,0,5.2222117e-06,Baixo
6713,H36126,H,301.4,310.7,1516,36.4,83,0,0,0,0,0,0,0,4.3263112e-06,Baixo
6714,L53893,L,301.3,310.6,1416,45.2,88,0,0,0,0,0,0,0,2.1124815e-06,Baixo
6715,L53894,L,301.3,310.6,1440,53.8,90,0,0,0,0,0,0,0,1.2353174e-05,Baixo
6716,L53895,L,301.3,310.6,1576,30.4,92,0,0,0,0,0,0,0,1.5971507e-05,Baixo
6717,L53896,L,301.3,310.6,1387,53.6,94,0,0,0,0,0,0,0,1.4214227e-05,Baixo
6718,M21577,M,301.4,310.6,1464,48.6,96,0,0,0,0,0,0,0,2.69252e-06,Baixo
6719,L53898,L,301.4,310.6,2137,18.0,99,0,0,0,0,0,0,0,3.5046155e-06,Baixo
6720,M21579,M,301.4,310.6,1431,40.6,101,0,0,0,0,0,0,0,1.4965211e-06,Baixo
6721,L53900,L,301.3,310.6,1458,48.0,104,0,0,0,0,0,0,0,1.6438527e-05,Baixo
6722,L53901,L,301.4,310.7,1280,61.0,106,0,0,0,0,0,0,0,0.0102511365,Baixo
6723,L53902,L,301.4,310.7,1657,28.7,108,0,0,0,0,0,0,0,1.4919773e-05,Baixo
6724,M21583,M,301.4,310.6,1565,36.1,110,0,0,0,0,0,0,0,5.499768e-07,Baixo
6725,L53904,L,301.3,310.6,1560,36.8,113,0,0,0,0,0,0,0,5.38799e-07,Baixo
6726,M21585,M,301.5,310.7,1359,47.1,115,0,0,0,0,0,0,0,0.0010772173,Baixo
6727,L53906,L,301.5,310.8,1500,41.0,118,0,0,0,0,0,0,0,1.8410083e-05,Baixo
6728,L53907,L,301.5,310.8,1785,25.5,120,0,0,0,0,0,0,0,3.065892e-05,Baixo
6729,L53908,L,301.5,310.9,1891,23.2,122,0,0,0,0,0,0,0,9.5102854e-07,Baixo
6730,H36143,H,301.5,310.9,1524,40.4,124,0,0,0,0,0,0,0,1.4761419e-05,Baixo
6731,M21590,M,301.6,311.0,1431,42.3,129,0,0,0,0,0,0,0,9.235336e-07,Baixo
6732,L53911,L,301.6,310.9,1385,51.2,132,0,0,0,0,0,0,0,0.00020986628,Baixo
6733,L53912,L,301.7,311.0,1503,44.8,134,0,0,0,0,0,0,0,8.9108034e-05,Baixo
6734,M21593,M,301.7,311.0,1311,46.8,136,0,0,0,0,0,0,0,0.0004001485,Baixo
6735,M21594,M,301.6,310.9,1575,40.1,139,0,0,0,0,0,0,0,3.3600613e-06,Baixo
6736,L53915,L,301.6,311.0,1485,40.1,142,0,0,0,0,0,0,0,1.135057e-06,Baixo
6737,L53916,L,301.7,311.0,1527,42.2,144,0,0,0,0,0,0,0,2.7424326e-07,Baixo
6738,M21597,M,301.7,311.0,1537,33.5,146,0,0,0,0,0,0,0,1.2790562e-07,Baixo
6739,H36152,H,301.8,311.1,1463,50.1,149,0,0,0,0,0,0,0,8.823251e-07,Baixo
6740,L53919,L,301.7,311.2,1482,43.6,154,0,0,0,0,0,0,0,1.3169163e-05,Baixo
6741,L53920,L,301.8,311.2,1417,55.9,156,0,0,0,0,0,0,0,1.8845203e-05,Baixo
6742,M21601,M,301.7,311.1,1506,39.5,158,0,0,0,0,0,0,0,3.9654623e-07,Baixo
6743,H36156,H,301.7,311.2,1639,30.0,161,0,0,0,0,0,0,0,4.2848008e-08,Baixo
6744,L53923,L,301.7,311.2,1418,38.0,166,0,0,0,0,0,0,0,2.297126e-06,Baixo
6745,M21604,M,301.7,311.0,1298,58.1,168,0,0,0,0,0,0,0,0.0013086549,Baixo
6746,M21605,M,301.8,311.1,1395,44.6,171,0,0,0,0,0,0,0,5.2837595e-06,Baixo
6747,M21606,M,301.7,311.1,1578,40.5,174,0,0,0,0,0,0,0,3.4405887e-06,Baixo
6748,M21607,M,301.8,311.1,1597,29.8,177,0,0,0,0,0,0,0,5.532643e-06,Baixo
6749,H36162,H,301.7,311.0,2016,19.3,180,0,0,0,0,0,0,0,6.289671e-07,Baixo
6750,L53929,L,301.7,311.0,1585,35.9,185,0,0,0,0,0,0,0,3.6579768e-06,Baixo
6751,M21610,M,301.7,311.0,1505,44.0,187,0,0,0,0,0,0,0,1.4124746e-05,Baixo
6752,M21611,M,301.7,311.0,1505,37.1,190,0,0,0,0,0,0,0,1.0124505e-06,Baixo
6753,L53932,L,301.6,310.9,1706,29.5,193,0,0,0,0,0,0,0,3.374762e-05,Baixo
6754,L53933,L,301.6,310.9,1385,50.7,195,0,0,0,0,0,0,0,0.0026121442,Baixo
6755,L53934,L,301.8,311.1,1495,36.9,197,0,0,0,0,0,0,0,2.940718e-05,Baixo
6756,M21615,M,301.8,311.1,1663,31.6,199,0,0,0,0,0,0,0,6.698832e-07,Baixo
6757,L53936,L,301.8,311.2,1840,26.6,202,0,0,0,0,0,0,0,1.655853e-05,Baixo
6758,L53937,L,301.8,311.2,1822,26.2,204,0,0,0,0,0,0,0,0.0004445566,Baixo
6759,L53938,L,301.7,311.1,1644,32.8,206,0,0,0,0,0,0,0,0.0007018452,Baixo
6760,L53939,L,301.7,311.0,1441,44.3,208,1,1,0,0,0,0,1,0.0022765528,Baixo
6761,L53940,L,301.5,310.9,1451,40.6,0,0,0,0,0,0,0,0,8.056337e-05,Baixo
6762,L53941,L,301.5,310.9,1400,50.8,2,0,0,0,0,0,0,0,0.00031708318,Baixo
6763,L53942,L,301.4,310.8,1362,53.2,4,0,0,0,0,0,0,0,0.0012658281,Baixo
6764,M21623,M,301.4,310.8,1782,26.5,6,0,0,0,0,0,0,0,3.4557418e-06,Baixo
6765,L53944,L,301.4,310.9,1536,38.3,9,0,0,0,0,0,0,0,3.3429962e-05,Baixo
6766,L53945,L,301.5,310.9,1580,32.3,11,0,0,0,0,0,0,0,4.054663e-06,Baixo
6767,M21626,M,301.4,311.0,1427,43.2,13,0,0,0,0,0,0,0,1.1330686e-07,Baixo
6768,L53947,L,301.3,310.9,1509,41.7,16,0,0,0,0,0,0,0,2.188455e-05,Baixo
6769,H36182,H,301.3,310.8,1434,39.5,18,0,0,0,0,0,0,0,2.6411471e-06,Baixo
6770,L53949,L,301.2,310.8,1392,52.6,23,0,0,0,0,0,0,0,5.3525923e-06,Baixo
6771,M21630,M,301.3,310.8,1509,40.1,25,0,0,0,0,0,0,0,1.4546797e-06,Baixo
6772,M21631,M,301.2,310.7,1962,22.5,28,0,0,0,0,0,0,0,0.00010650572,Baixo
6773,L53952,L,301.3,310.7,1536,39.3,31,0,0,0,0,0,0,0,1.3531966e-06,Baixo
6774,L53953,L,301.3,310.8,1381,47.9,33,0,0,0,0,0,0,0,3.884667e-06,Baixo
6775,H36188,H,301.2,310.7,1747,27.3,35,0,0,0,0,0,0,0,3.9781316e-06,Baixo
6776,L53955,L,301.2,310.6,1670,30.0,40,0,0,0,0,0,0,0,1.3398288e-06,Baixo
6777,L53956,L,301.3,310.6,1451,47.5,42,0,0,0,0,0,0,0,1.6095768e-06,Baixo
6778,L53957,L,301.2,310.7,1951,21.3,44,0,0,0,0,0,0,0,9.779116e-06,Baixo
6779,M21638,M,301.3,310.7,1819,25.5,46,0,0,0,0,0,0,0,1.9025563e-05,Baixo
6780,M21639,M,301.3,310.8,1372,54.2,49,0,0,0,0,0,0,0,1.5933125e-05,Baixo
6781,L53960,L,301.3,310.8,1560,38.5,52,0,0,0,0,0,0,0,4.409961e-06,Baixo
6782,M21641,M,301.3,310.8,1494,35.3,54,0,0,0,0,0,0,0,2.0764337e-07,Baixo
6783,L53962,L,301.3,310.8,1531,53.4,57,0,0,0,0,0,0,0,4.401155e-05,Baixo
6784,L53963,L,301.3,310.8,1450,46.9,59,0,0,0,0,0,0,0,6.160634e-07,Baixo
6785,M21644,M,301.3,310.7,1391,52.5,61,0,0,0,0,0,0,0,7.941378e-06,Baixo
6786,L53965,L,301.2,310.6,1389,45.3,64,0,0,0,0,0,0,0,3.125164e-06,Baixo
6787,L53966,L,301.2,310.6,1409,50.9,66,0,0,0,0,0,0,0,1.5447062e-06,Baixo
6788,H36201,H,301.1,310.6,1388,58.5,68,0,0,0,0,0,0,0,9.879095e-06,Baixo
6789,M21648,M,301.1,310.6,1410,43.9,73,0,0,0,0,0,0,0,3.541216e-06,Baixo
6790,M21649,M,301.1,310.5,1646,30.7,76,0,0,0,0,0,0,0,5.9133513e-06,Baixo
6791,M21650,M,301.1,310.7,2219,16.7,79,0,0,0,0,0,0,0,0.001138424,Baixo
6792,L53971,L,301.2,310.7,1551,41.2,82,0,0,0,0,0,0,0,1.8187962e-06,Baixo
6793,L53972,L,301.2,310.6,1811,24.0,84,0,0,0,0,0,0,0,2.069194e-06,Baixo
6794,L53973,L,301.3,310.7,1608,31.4,86,0,0,0,0,0,0,0,8.70111e-07,Baixo
6795,L53974,L,301.3,310.8,1428,55.2,88,0,0,0,0,0,0,0,1.0537478e-05,Baixo
6796,L53975,L,301.4,310.8,1477,50.4,90,0,0,0,0,0,0,0,2.6560856e-06,Baixo
6797,M21656,M,301.3,310.7,1300,58.3,92,0,0,0,0,0,0,0,0.0006827784,Baixo
6798,M21657,M,301.2,310.7,1615,34.9,95,0,0,0,0,0,0,0,6.0925595e-06,Baixo
6799,L53978,L,301.2,310.7,1676,32.4,98,0,0,0,0,0,0,0,3.9736244e-07,Baixo
6800,M21659,M,301.1,310.7,2636,12.2,100,1,0,0,1,0,0,1,0.9944067,Crítico
6801,M21660,M,301.1,310.6,1310,48.8,103,0,0,0,0,0,0,0,9.504097e-05,Baixo
6802,L53981,L,301.1,310.7,1334,48.2,106,0,0,0,0,0,0,0,0.00013976902,Baixo
6803,M21662,M,301.1,310.7,1621,31.0,108,0,0,0,0,0,0,0,5.379477e-07,Baixo
6804,M21663,M,301.1,310.7,1367,43.4,111,0,0,0,0,0,0,0,0.00018620907,Baixo
6805,L53984,L,301.0,310.6,1588,33.7,114,0,0,0,0,0,0,0,4.8565613e-07,Baixo
6806,M21665,M,301.0,310.7,1497,37.6,116,0,0,0,0,0,0,0,6.486532e-06,Baixo
6807,L53986,L,301.1,310.8,1608,32.9,119,0,0,0,0,0,0,0,8.02815e-08,Baixo
6808,L53987,L,301.0,310.8,1549,41.4,121,0,0,0,0,0,0,0,5.9605654e-06,Baixo
6809,L53988,L,301.0,310.7,1391,45.0,123,0,0,0,0,0,0,0,6.306829e-06,Baixo
6810,L53989,L,300.9,310.8,1490,38.1,125,0,0,0,0,0,0,0,5.6322756e-06,Baixo
6811,L53990,L,301.0,310.7,1727,34.5,127,0,0,0,0,0,0,0,7.179304e-07,Baixo
6812,L53991,L,300.9,310.6,1504,46.4,129,0,0,0,0,0,0,0,6.6510092e-06,Baixo
6813,L53992,L,300.9,310.6,1350,53.8,131,0,0,0,0,0,0,0,1.8511102e-05,Baixo
6814,M21673,M,300.9,310.7,1420,43.0,133,0,0,0,0,0,0,0,1.2313279e-06,Baixo
6815,H36228,H,300.8,310.6,1465,44.1,136,0,0,0,0,0,0,0,5.279661e-07,Baixo
6816,L53995,L,300.9,310.7,1427,44.1,141,0,0,0,0,0,0,0,1.2975012e-06,Baixo
6817,L53996,L,300.9,310.7,1477,43.2,143,0,0,0,0,0,0,0,6.3499954e-07,Baixo
6818,M21677,M,301.0,310.7,1493,48.1,145,0,0,0,0,0,0,0,5.026178e-06,Baixo
6819,M21678,M,301.0,310.7,1657,29.9,148,0,0,0,0,0,0,0,8.043122e-06,Baixo
6820,L53999,L,300.9,310.7,1359,46.0,151,0,0,0,0,0,0,0,7.84441e-05,Baixo
6821,L54000,L,300.8,310.6,1551,34.5,153,0,0,0,0,0,0,0,1.18488806e-07,Baixo
6822,M21681,M,300.8,310.6,1545,37.5,155,0,0,0,0,0,0,0,5.1977884e-05,Baixo
6823,M21682,M,300.9,310.6,1709,29.2,158,0,0,0,0,0,0,0,6.472021e-07,Baixo
6824,M21683,M,300.9,310.7,1268,56.3,161,0,0,0,0,0,0,0,1.8021032e-05,Baixo
6825,L54004,L,300.9,310.7,1740,25.3,164,0,0,0,0,0,0,0,4.2401112e-07,Baixo
6826,L54005,L,301.0,310.9,1828,25.1,166,0,0,0,0,0,0,0,6.225998e-06,Baixo
6827,L54006,L,301.0,310.9,1822,21.6,168,0,0,0,0,0,0,0,3.347453e-06,Baixo
6828,M21687,M,301.0,310.9,1515,41.8,170,0,0,0,0,0,0,0,8.274104e-06,Baixo
6829,L54008,L,301.0,310.9,1392,52.9,173,0,0,0,0,0,0,0,0.00022262151,Baixo
6830,H36243,H,300.9,310.9,1474,35.7,175,0,0,0,0,0,0,0,3.6840087e-05,Baixo
6831,M21690,M,301.0,310.9,1359,53.4,180,0,0,0,0,0,0,0,0.00024942125,Baixo
6832,L54011,L,301.1,311.0,1565,52.3,183,0,0,0,0,0,0,0,5.2161845e-06,Baixo
6833,M21692,M,301.1,311.1,1384,42.5,185,0,0,0,0,0,0,0,4.2566353e-06,Baixo
6834,L54013,L,301.1,311.1,1387,53.1,188,0,0,0,0,0,0,0,3.3974236e-05,Baixo
6835,L54014,L,301.1,311.0,1378,51.1,190,0,0,0,0,0,0,0,0.0019602543,Baixo
6836,L54015,L,301.0,310.9,1809,25.7,192,0,0,0,0,0,0,0,4.5601346e-06,Baixo
6837,H36250,H,301.1,311.0,1339,52.8,194,0,0,0,0,0,0,0,1.8853578e-05,Baixo
6838,M21697,M,301.0,311.0,1423,38.6,199,0,0,0,0,0,0,0,9.4204215e-06,Baixo
6839,L54018,L,301.1,311.1,1570,41.6,202,0,0,0,0,0,0,0,6.177965e-06,Baixo
6840,L54019,L,301.2,311.2,1558,34.1,204,0,0,0,0,0,0,0,1.8821962e-05,Baixo
6841,L54020,L,301.1,311.1,1799,21.7,206,0,0,0,0,0,0,0,0.00032253796,Baixo
6842,M21701,M,301.1,311.2,1591,35.0,208,0,0,0,0,0,0,0,0.0012565007,Baixo
6843,L54022,L,301.2,311.2,1635,29.6,211,0,0,0,0,0,0,0,0.001071519,Baixo
6844,L54023,L,301.3,311.3,1509,42.5,213,0,0,0,0,0,0,0,0.0014639986,Baixo
6845,M21704,M,301.3,311.4,1838,23.2,215,0,0,0,0,0,0,0,0.006484662,Baixo
6846,M21705,M,301.3,311.5,1648,32.4,0,0,0,0,0,0,0,0,3.6924864e-06,Baixo
6847,M21706,M,301.2,311.5,1498,49.5,3,0,0,0,0,0,0,0,5.5231594e-06,Baixo
6848,L54027,L,301.2,311.4,1757,28.0,6,0,0,0,0,0,0,0,1.6167136e-06,Baixo
6849,M21708,M,301.1,311.3,1389,53.3,8,0,0,0,0,0,0,0,5.4849136e-07,Baixo
6850,L54029,L,301.1,311.3,1498,37.6,11,0,0,0,0,0,0,0,2.1770771e-05,Baixo
6851,M21710,M,301.0,311.2,1521,35.8,13,0,0,0,0,0,0,0,1.788687e-06,Baixo
6852,M21711,M,301.0,311.2,1394,41.3,16,0,0,0,0,0,0,0,4.73773e-06,Baixo
6853,H36266,H,301.0,311.2,1602,32.7,19,0,0,0,0,0,0,0,6.4733925e-08,Baixo
6854,L54033,L,300.9,311.1,1417,40.7,24,0,0,0,0,0,0,0,1.3570542e-06,Baixo
6855,L54034,L,301.0,311.2,1511,42.9,26,0,0,0,0,0,0,0,6.990545e-06,Baixo
6856,M21715,M,301.1,311.3,1654,30.7,28,0,0,0,0,0,0,0,6.986107e-07,Baixo
6857,M21716,M,301.1,311.3,1836,22.8,31,0,0,0,0,0,0,0,2.6658616e-05,Baixo
6858,L54037,L,301.1,311.3,1622,35.6,34,0,0,0,0,0,0,0,2.5451507e-06,Baixo
6859,L54038,L,301.0,311.2,1467,45.4,36,0,0,0,0,0,0,0,7.12993e-06,Baixo
6860,M21719,M,301.1,311.3,1909,22.7,38,0,0,0,0,0,0,0,6.3104508e-06,Baixo
6861,L54040,L,301.1,311.2,1910,20.2,41,0,0,0,0,0,0,0,4.1144187e-05,Baixo
6862,H36275,H,301.1,311.3,2207,16.6,43,0,0,0,0,0,0,0,9.9560075e-06,Baixo
6863,M21722,M,301.1,311.2,1384,49.4,48,0,0,0,0,0,0,0,3.23246e-07,Baixo
6864,L54043,L,301.1,311.3,1630,29.5,51,0,0,0,0,0,0,0,8.137636e-06,Baixo
6865,L54044,L,301.1,311.3,1268,60.0,53,0,0,0,0,0,0,0,7.5555577e-06,Baixo
6866,L54045,L,301.1,311.4,1531,38.7,55,0,0,0,0,0,0,0,1.9101682e-05,Baixo
6867,M21726,M,301.0,311.3,1454,41.5,57,0,0,0,0,0,0,0,3.5711514e-07,Baixo
6868,L54047,L,301.0,311.3,1342,50.9,60,0,0,0,0,0,0,0,3.860871e-06,Baixo
6869,L54048,L,301.0,311.2,1363,46.3,62,0,0,0,0,0,0,0,0.00073611835,Baixo
6870,L54049,L,301.0,311.2,1412,42.1,64,0,0,0,0,0,0,0,2.8189984e-06,Baixo
6871,H36284,H,301.0,311.3,1597,39.2,66,0,0,0,0,0,0,0,5.2338437e-06,Baixo
6872,L54051,L,301.0,311.3,1349,47.0,71,0,0,0,0,0,0,0,7.521123e-06,Baixo
6873,L54052,L,301.0,311.3,1472,35.3,73,0,0,0,0,0,0,0,3.370874e-06,Baixo
6874,L54053,L,301.0,311.4,1478,39.5,75,0,0,0,0,0,0,0,5.278315e-06,Baixo
6875,H36288,H,300.9,311.3,1295,58.9,77,0,0,0,0,0,0,0,1.291407e-05,Baixo
6876,M21735,M,300.8,311.2,1592,32.9,82,0,0,0,0,0,0,0,1.8944404e-06,Baixo
6877,L54056,L,300.8,311.2,1430,54.4,85,0,0,0,0,0,0,0,2.2384575e-05,Baixo
6878,M21737,M,300.8,311.2,1488,40.1,87,0,0,0,0,0,0,0,1.5291376e-05,Baixo
6879,H36292,H,300.9,311.2,1518,35.0,90,0,0,0,0,0,0,0,2.128786e-06,Baixo
6880,H36293,H,300.8,311.2,2237,17.0,95,0,0,0,0,0,0,0,3.7286205e-05,Baixo
6881,M21740,M,300.9,311.3,1801,24.6,100,0,0,0,0,0,0,0,5.0022554e-05,Baixo
6882,L54061,L,301.0,311.4,1573,37.6,103,0,0,0,0,0,0,0,4.36609e-05,Baixo
6883,L54062,L,300.9,311.4,2073,21.4,105,0,0,0,0,0,0,0,4.3341906e-06,Baixo
6884,L54063,L,300.9,311.3,1953,19.4,107,0,0,0,0,0,0,0,4.6960715e-05,Baixo
6885,L54064,L,300.8,311.2,1492,39.0,109,0,0,0,0,0,0,0,3.1872474e-05,Baixo
6886,L54065,L,300.8,311.2,1397,48.7,111,0,0,0,0,0,0,0,1.2230863e-05,Baixo
6887,M21746,M,300.8,311.3,1465,43.2,113,0,0,0,0,0,0,0,3.5951638e-07,Baixo
6888,L54067,L,300.8,311.3,1782,26.9,116,0,0,0,0,0,0,0,4.2871043e-06,Baixo
6889,M21748,M,300.9,311.4,1434,45.4,118,0,0,0,0,0,0,0,1.7354531e-06,Baixo
6890,H36303,H,300.9,311.4,1387,42.7,121,0,0,0,0,0,0,0,3.7036696e-07,Baixo
6891,M21750,M,300.9,311.4,1532,41.5,126,0,0,0,0,0,0,0,2.3863257e-07,Baixo
6892,L54071,L,300.9,311.5,1505,41.1,129,0,0,0,0,0,0,0,6.9068706e-06,Baixo
6893,L54072,L,301.0,311.6,1440,43.3,131,0,0,0,0,0,0,0,1.0505915e-06,Baixo
6894,L54073,L,301.0,311.6,1470,43.4,133,0,0,0,0,0,0,0,1.6727711e-06,Baixo
6895,L54074,L,301.1,311.7,1408,46.3,135,0,0,0,0,0,0,0,8.379153e-06,Baixo
6896,M21755,M,301.0,311.6,1357,45.6,137,0,0,0,0,0,0,0,9.040331e-06,Baixo
6897,M21756,M,301.0,311.6,1454,40.0,140,0,0,0,0,0,0,0,1.8964377e-06,Baixo
6898,L54077,L,301.0,311.6,1352,63.5,143,0,0,0,0,0,0,0,0.16609657,Baixo
6899,M21758,M,301.0,311.6,1448,43.9,145,0,0,0,0,0,0,0,4.204395e-07,Baixo
6900,L54079,L,300.9,311.6,1671,33.5,148,0,0,0,0,0,0,0,3.8236502e-07,Baixo
6901,L54080,L,301.0,311.7,1670,31.3,150,0,0,0,0,0,0,0,5.415669e-07,Baixo
6902,L54081,L,301.0,311.7,1547,34.5,152,0,0,0,0,0,0,0,1.97279e-06,Baixo
6903,L54082,L,301.0,311.6,1461,40.6,154,0,0,0,0,0,0,0,6.10772e-06,Baixo
6904,M21763,M,301.0,311.6,1609,35.8,156,0,0,0,0,0,0,0,1.7601568e-06,Baixo
6905,M21764,M,300.9,311.5,1704,31.3,159,0,0,0,0,0,0,0,2.9324914e-07,Baixo
6906,M21765,M,301.0,311.5,1550,34.9,162,0,0,0,0,0,0,0,7.211375e-06,Baixo
6907,M21766,M,301.0,311.5,1530,43.9,165,0,0,0,0,0,0,0,1.5080411e-07,Baixo
6908,L54087,L,300.9,311.3,1449,40.2,168,0,0,0,0,0,0,0,3.5241417e-06,Baixo
6909,L54088,L,300.9,311.3,1613,32.7,170,0,0,0,0,0,0,0,3.7686516e-07,Baixo
6910,L54089,L,300.8,311.2,1376,48.1,172,0,0,0,0,0,0,0,5.591483e-05,Baixo
6911,L54090,L,300.8,311.2,1434,45.6,174,0,0,0,0,0,0,0,4.64496e-06,Baixo
6912,L54091,L,300.8,311.1,1480,41.1,176,0,0,0,0,0,0,0,1.3580637e-05,Baixo
6913,M21772,M,300.8,311.2,1634,31.9,178,0,0,0,0,0,0,0,2.6725122e-06,Baixo
6915,H36328,H,300.9,311.3,1668,28.9,183,0,0,0,0,0,0,0,1.8302663e-06,Baixo
6916,L54095,L,301.0,311.4,1484,36.2,188,0,0,0,0,0,0,0,3.671292e-05,Baixo
6917,M21776,M,300.9,311.3,1603,31.8,190,0,0,0,0,0,0,0,7.2584717e-06,Baixo
6918,L54097,L,301.0,311.4,1481,37.5,193,0,0,0,0,0,0,0,5.2337247e-05,Baixo
6919,L54098,L,301.0,311.5,1559,31.8,195,0,0,0,0,0,0,0,1.0953321e-05,Baixo
6920,L54099,L,301.0,311.5,1444,39.8,197,0,0,0,0,0,0,0,0.00010312886,Baixo
6921,M21780,M,301.2,311.6,1423,48.0,199,0,0,0,0,0,0,0,1.6043296e-06,Baixo
6922,L54101,L,301.1,311.6,1432,48.1,202,0,0,0,0,0,0,0,4.429489e-06,Baixo
6923,L54102,L,301.2,311.7,1463,48.3,204,0,0,0,0,0,0,0,9.3011375e-05,Baixo
6924,L54103,L,301.2,311.7,1433,49.3,206,0,0,0,0,0,0,0,0.001377589,Baixo
6925,L54104,L,301.2,311.6,1461,52.9,208,1,0,0,0,1,0,1,0.85429215,Crítico
6926,M21785,M,301.1,311.6,1266,55.5,210,0,0,0,0,0,0,0,0.23684333,Baixo
6927,H36340,H,301.1,311.6,1417,53.4,0,0,0,0,0,0,0,0,8.4044854e-07,Baixo
6928,L54107,L,301.1,311.6,1488,43.4,5,0,0,0,0,0,0,0,5.2656924e-07,Baixo
6929,L54108,L,301.1,311.7,1816,24.5,7,0,0,0,0,0,0,0,9.44051e-08,Baixo
6930,M21789,M,301.0,311.6,1301,55.0,9,0,0,0,0,0,0,0,3.8527097e-07,Baixo
6931,M21790,M,300.9,311.5,1836,21.8,12,0,0,0,0,0,0,0,3.723009e-06,Baixo
6932,M21791,M,300.8,311.4,1521,39.9,15,0,0,0,0,0,0,0,3.2510619e-07,Baixo
6933,L54112,L,300.8,311.4,1322,67.2,18,1,0,0,1,0,0,1,0.92488796,Crítico
6934,L54113,L,300.8,311.4,1492,40.6,20,0,0,0,0,0,0,0,9.700046e-06,Baixo
6935,L54114,L,300.8,311.4,1536,40.9,22,0,0,0,0,0,0,0,1.7805111e-06,Baixo
6936,L54115,L,300.7,311.2,1878,24.3,24,0,0,0,0,0,0,0,2.454067e-05,Baixo
6937,L54116,L,300.6,311.1,1471,40.7,26,0,0,0,0,0,0,0,9.2173696e-07,Baixo
6938,H36351,H,300.6,311.1,1452,40.2,28,0,0,0,0,0,0,0,3.3200496e-07,Baixo
6939,L54118,L,300.7,311.2,1452,44.4,33,0,0,0,0,0,0,0,3.8489634e-06,Baixo
6940,M21799,M,300.7,311.3,1348,53.0,35,0,0,0,0,0,0,0,3.224959e-07,Baixo
6941,H36354,H,300.8,311.4,1453,44.6,38,0,0,0,0,0,0,0,7.797819e-08,Baixo
6942,L54121,L,300.8,311.4,1316,57.6,43,0,0,0,0,0,0,0,4.4132128e-05,Baixo
6943,M21802,M,300.8,311.4,1732,26.9,45,0,0,0,0,0,0,0,1.1450934e-06,Baixo
6944,L54123,L,300.7,311.3,1522,35.2,48,0,0,0,0,0,0,0,2.9328935e-06,Baixo
6945,M21804,M,300.7,311.3,1487,39.8,50,0,0,0,0,0,0,0,1.9537028e-07,Baixo
6946,M21805,M,300.8,311.4,1852,22.2,53,0,0,0,0,0,0,0,1.3863162e-06,Baixo
6947,L54126,L,300.7,311.2,1486,46.8,56,0,0,0,0,0,0,0,1.445956e-07,Baixo
6948,M21807,M,300.7,311.3,1562,37.1,58,0,0,0,0,0,0,0,1.0929873e-06,Baixo
6949,L54128,L,300.7,311.2,1457,51.4,61,0,0,0,0,0,0,0,7.4028953e-06,Baixo
6950,M21809,M,300.7,311.2,1769,26.5,63,0,0,0,0,0,0,0,2.2508339e-06,Baixo
6951,H36364,H,300.7,311.3,1374,53.1,66,0,0,0,0,0,0,0,5.6380493e-05,Baixo
6952,L54131,L,300.8,311.3,1524,43.5,71,0,0,0,0,0,0,0,8.994992e-07,Baixo
6953,L54132,L,300.8,311.3,1498,40.2,73,0,0,0,0,0,0,0,3.7362117e-06,Baixo
6954,L54133,L,300.8,311.3,1462,41.4,75,0,0,0,0,0,0,0,2.7750134e-06,Baixo
6955,M21814,M,300.8,311.2,1429,52.3,77,0,0,0,0,0,0,0,1.7000162e-06,Baixo
6956,L54135,L,300.7,311.2,1399,47.9,80,0,0,0,0,0,0,0,3.9747792e-06,Baixo
6957,M21816,M,300.8,311.2,1434,39.1,82,0,0,0,0,0,0,0,1.6774167e-06,Baixo
6958,L54137,L,300.7,311.1,1324,52.2,85,0,0,0,0,0,0,0,0.00014716995,Baixo
6959,L54138,L,300.6,311.0,1563,40.7,87,0,0,0,0,0,0,0,7.241707e-07,Baixo
6960,L54139,L,300.6,311.0,1543,34.7,89,0,0,0,0,0,0,0,1.8608857e-06,Baixo
6962,M21821,M,300.7,311.0,1378,41.2,93,0,0,0,0,0,0,0,5.326598e-05,Baixo
6963,M21822,M,300.7,311.1,1373,49.9,96,0,0,0,0,0,0,0,2.6154003e-05,Baixo
6964,H36377,H,300.7,311.0,1981,19.9,99,0,0,0,0,0,0,0,2.0581396e-05,Baixo
6965,M21824,M,300.7,311.0,1263,52.3,104,0,0,0,0,0,0,0,1.8001501e-05,Baixo
6966,L54145,L,300.7,311.0,1312,52.1,107,0,0,0,0,0,0,0,1.2943835e-05,Baixo
6967,L54146,L,300.7,311.0,1969,20.7,109,0,0,0,0,0,0,0,9.802769e-06,Baixo
6968,M21827,M,300.8,311.2,1365,51.7,111,0,0,0,0,0,0,0,3.0473444e-05,Baixo
6969,L54148,L,300.9,311.2,1789,25.5,114,0,0,0,0,0,0,0,4.1732355e-07,Baixo
6970,M21829,M,300.8,311.1,1583,32.1,116,0,0,0,0,0,0,0,2.7291733e-07,Baixo
6971,L54150,L,300.7,311.0,1436,44.9,119,0,0,0,0,0,0,0,1.9610027e-06,Baixo
6972,M21831,M,300.7,311.0,1559,42.8,121,0,0,0,0,0,0,0,7.388207e-07,Baixo
6973,L54152,L,300.7,311.0,1377,49.9,124,0,0,0,0,0,0,0,5.682652e-06,Baixo
6974,L54153,L,300.7,311.0,1462,41.9,126,0,0,0,0,0,0,0,4.938515e-06,Baixo
6975,L54154,L,300.7,311.0,1318,48.2,128,0,0,0,0,0,0,0,5.792389e-06,Baixo
6976,M21835,M,300.7,311.0,1378,51.6,130,0,0,0,0,0,0,0,2.3749319e-05,Baixo
6977,L54156,L,300.6,310.9,1344,46.7,133,0,0,0,0,0,0,0,8.0946165e-06,Baixo
6978,L54157,L,300.7,311.1,2377,14.3,135,0,0,0,0,0,0,0,0.026157709,Baixo
6979,L54158,L,300.7,311.1,1427,50.3,137,0,0,0,0,0,0,0,2.5664804e-06,Baixo
6980,L54159,L,300.9,311.2,1353,60.4,139,0,0,0,0,0,0,0,4.7417743e-05,Baixo
6981,L54160,L,300.8,311.3,1505,45.5,141,0,0,0,0,0,0,0,5.4414477e-06,Baixo
6982,H36395,H,300.8,311.2,1612,32.5,143,0,0,0,0,0,0,0,6.019094e-08,Baixo
6983,L54162,L,300.7,311.1,1440,43.0,148,0,0,0,0,0,0,0,8.500108e-07,Baixo
6984,M21843,M,300.7,311.0,1334,53.9,150,0,0,0,0,0,0,0,1.998103e-05,Baixo
6985,M21844,M,300.7,311.0,1706,25.0,153,0,0,0,0,0,0,0,1.4893587e-05,Baixo
6986,H36399,H,300.8,311.1,1698,24.8,156,0,0,0,0,0,0,0,5.332882e-07,Baixo
6987,L54166,L,300.7,311.1,1688,30.7,161,0,0,0,0,0,0,0,2.008398e-05,Baixo
6988,L54167,L,300.7,311.1,2437,13.8,163,0,0,0,0,0,0,0,0.8758854,Crítico
6989,L54168,L,300.7,311.1,1478,46.8,165,0,0,0,0,0,0,0,6.792162e-06,Baixo
6990,M21849,M,300.7,311.1,1608,35.3,167,0,0,0,0,0,0,0,6.8400236e-06,Baixo
6991,L54170,L,300.7,311.1,2478,13.4,170,1,0,0,1,0,0,1,0.92079276,Crítico
6992,L54171,L,300.8,311.1,1509,33.4,172,0,0,0,0,0,0,0,1.5931249e-06,Baixo
6993,L54172,L,300.7,311.0,1596,36.9,174,0,0,0,0,0,0,0,1.150417e-07,Baixo
6994,M21853,M,300.7,311.0,1740,25.6,176,0,0,0,0,0,0,0,3.9482366e-05,Baixo
6995,L54174,L,300.6,310.8,1375,53.2,179,0,0,0,0,0,0,0,8.222369e-05,Baixo
6996,M21855,M,300.6,310.7,1705,31.2,181,0,0,0,0,0,0,0,2.606755e-06,Baixo
6997,M21856,M,300.5,310.6,1621,32.0,184,0,0,0,0,0,0,0,4.041541e-06,Baixo
6998,M21857,M,300.6,310.7,1566,38.2,187,0,0,0,0,0,0,0,1.3278817e-05,Baixo
6999,M21858,M,300.6,310.7,1388,42.9,190,0,0,0,0,0,0,0,3.0050662e-05,Baixo
7000,M21859,M,300.6,310.7,1457,36.7,193,0,0,0,0,0,0,0,8.724103e-06,Baixo
7001,M21860,M,300.6,310.6,1463,45.5,196,0,0,0,0,0,0,0,1.28030315e-05,Baixo
7002,L54181,L,300.5,310.5,1564,38.2,199,0,0,0,0,0,0,0,0.00026849512,Baixo
7003,H36416,H,300.5,310.6,1411,47.2,201,0,0,0,0,0,0,0,2.062893e-05,Baixo
7004,L54183,L,300.5,310.6,1540,46.7,206,0,0,0,0,0,0,0,0.0035326905,Baixo
7005,L54184,L,300.5,310.6,1950,20.3,208,0,0,0,0,0,0,0,0.0012125896,Baixo
7006,M21865,M,300.6,310.7,1339,52.9,0,0,0,0,0,0,0,0,2.1641828e-05,Baixo
7007,H36420,H,300.6,310.6,1419,39.6,3,0,0,0,0,0,0,0,1.0430501e-06,Baixo
7008,L54187,L,300.5,310.6,1499,45.2,8,0,0,0,0,0,0,0,2.9559499e-06,Baixo
7009,L54188,L,300.5,310.6,1368,49.6,10,0,0,0,0,0,0,0,1.4813908e-05,Baixo
7010,L54189,L,300.5,310.5,1536,36.2,12,0,0,0,0,0,0,0,6.0133902e-06,Baixo
7011,M21870,M,300.5,310.5,1469,42.9,14,0,0,0,0,0,0,0,3.707564e-07,Baixo
7012,L54191,L,300.5,310.5,2633,12.2,17,1,0,0,1,0,0,1,0.37827322,Moderado
7013,L54192,L,300.4,310.4,1298,61.4,19,0,0,0,0,0,0,0,0.00023680927,Baixo
7014,M21873,M,300.4,310.4,1544,36.3,21,0,0,0,0,0,0,0,8.417793e-07,Baixo
7015,H36428,H,300.5,310.5,1403,47.7,24,0,0,0,0,0,0,0,1.5136607e-06,Baixo
7016,L54195,L,300.5,310.5,1452,42.9,29,0,0,0,0,0,0,0,1.4791876e-06,Baixo
7017,L54196,L,300.6,310.5,1509,43.1,31,0,0,0,0,0,0,0,1.6622151e-07,Baixo
7018,M21877,M,300.7,310.6,1474,37.0,33,0,0,0,0,0,0,0,1.502546e-06,Baixo
7019,M21878,M,300.7,310.7,1377,46.7,36,0,0,0,0,0,0,0,7.5665107e-06,Baixo
7020,L54199,L,300.8,310.8,1741,27.1,39,0,0,0,0,0,0,0,1.2283652e-05,Baixo
7021,L54200,L,300.8,310.8,1460,53.8,41,0,0,0,0,0,0,0,1.8408451e-05,Baixo
7022,H36435,H,300.7,310.6,1631,32.6,43,0,0,0,0,0,0,0,7.0173044e-08,Baixo
7023,L54202,L,300.7,310.5,1561,33.2,48,0,0,0,0,0,0,0,2.4378585e-07,Baixo
7024,M21883,M,300.7,310.6,1572,38.5,50,0,0,0,0,0,0,0,2.508798e-06,Baixo
7025,L54204,L,300.6,310.6,2127,18.7,53,0,0,0,0,0,0,0,1.3681785e-05,Baixo
7026,H36439,H,300.6,310.6,1448,44.7,55,0,0,0,0,0,0,0,1.4681537e-07,Baixo
7027,L54206,L,300.6,310.7,1543,39.6,60,0,0,0,0,0,0,0,3.9415277e-06,Baixo
7028,L54207,L,300.6,310.6,1508,34.8,62,0,0,0,0,0,0,0,3.8121118e-07,Baixo
7029,M21888,M,300.6,310.6,1403,50.4,64,0,0,0,0,0,0,0,8.3176354e-07,Baixo
7030,L54209,L,300.6,310.6,1454,39.7,67,0,0,0,0,0,0,0,8.8648073e-07,Baixo
7031,L54210,L,300.7,310.8,1772,27.3,69,0,0,0,0,0,0,0,2.5699173e-05,Baixo
7032,L54211,L,300.7,310.8,1479,49.1,71,0,0,0,0,0,0,0,1.663723e-05,Baixo
7033,L54212,L,300.7,310.9,1723,31.0,73,0,0,0,0,0,0,0,3.0139263e-05,Baixo
7034,M21893,M,300.7,310.8,1469,46.4,75,0,0,0,0,0,0,0,3.1604136e-06,Baixo
7035,H36448,H,300.6,310.6,1830,26.2,78,0,0,0,0,0,0,0,2.7142664e-06,Baixo
7036,L54215,L,300.6,310.6,1497,38.2,83,0,0,0,0,0,0,0,6.7177575e-06,Baixo
7037,L54216,L,300.7,310.6,1540,52.7,85,0,0,0,0,0,0,0,1.598702e-05,Baixo
7038,L54217,L,300.6,310.6,1514,39.5,87,0,0,0,0,0,0,0,1.1288335e-05,Baixo
7039,L54218,L,300.7,310.6,1654,34.2,89,0,0,0,0,0,0,0,1.3272183e-06,Baixo
7040,H36453,H,300.6,310.5,1519,37.0,91,0,0,0,0,0,0,0,5.050539e-06,Baixo
7041,L54220,L,300.7,310.6,1720,30.3,96,0,0,0,0,0,0,0,1.586818e-05,Baixo
7042,L54221,L,300.6,310.5,1470,37.7,98,0,0,0,0,0,0,0,1.4364725e-05,Baixo
7043,L54222,L,300.6,310.5,1642,29.9,100,0,0,0,0,0,0,0,2.2736767e-06,Baixo
7044,M21903,M,300.7,310.6,2006,19.1,102,0,0,0,0,0,0,0,0.0019922669,Baixo
7045,M21904,M,300.7,310.6,1505,35.6,105,0,0,0,0,0,0,0,2.7399462e-06,Baixo
7046,M21905,M,300.7,310.6,1609,27.6,108,0,0,0,0,0,0,0,1.0687292e-05,Baixo
7047,M21906,M,300.7,310.5,1863,22.2,111,0,0,0,0,0,0,0,1.3900076e-05,Baixo
7048,L54227,L,300.6,310.4,1401,42.6,114,0,0,0,0,0,0,0,3.3036304e-06,Baixo
7049,L54228,L,300.6,310.4,2007,19.8,116,0,0,0,0,0,0,0,2.7847565e-05,Baixo
7050,L54229,L,300.6,310.4,1494,47.3,118,0,0,0,0,0,0,0,1.9588347e-06,Baixo
7051,L54230,L,300.6,310.4,1457,47.7,120,0,0,0,0,0,0,0,8.416628e-07,Baixo
7052,L54231,L,300.6,310.4,1556,37.7,122,0,0,0,0,0,0,0,8.9453e-06,Baixo
7053,H36466,H,300.6,310.4,1510,42.8,124,0,0,0,0,0,0,0,5.008455e-08,Baixo
7054,H36467,H,300.7,310.5,1567,38.7,129,0,0,0,0,0,0,0,7.671435e-07,Baixo
7055,H36468,H,300.7,310.5,1476,43.1,134,0,0,0,0,0,0,0,1.7108009e-07,Baixo
7056,L54235,L,300.8,310.6,1663,30.6,139,0,0,0,0,0,0,0,5.1098486e-06,Baixo
7057,M21916,M,300.8,310.5,1409,50.6,141,0,0,0,0,0,0,0,9.779626e-07,Baixo
7058,L54237,L,300.8,310.6,1666,36.2,144,0,0,0,0,0,0,0,2.787772e-07,Baixo
7059,L54238,L,300.7,310.6,1520,45.9,146,0,0,0,0,0,0,0,1.4330737e-06,Baixo
7060,L54239,L,300.6,310.5,1644,33.8,148,0,0,0,0,0,0,0,4.0654476e-07,Baixo
7061,H36474,H,300.6,310.4,1479,35.6,150,0,0,0,0,0,0,0,2.5348897e-06,Baixo
7062,L54241,L,300.6,310.4,1446,49.7,155,0,0,0,0,0,0,0,1.4864095e-06,Baixo
7063,M21922,M,300.6,310.4,1407,51.1,157,0,0,0,0,0,0,0,4.244529e-07,Baixo
7064,L54243,L,300.7,310.4,1234,51.7,160,0,0,0,0,0,0,0,5.0770974e-05,Baixo
7065,M21924,M,300.8,310.5,1696,29.7,162,0,0,0,0,0,0,0,1.2194967e-06,Baixo
7066,L54245,L,300.8,310.6,1384,52.9,165,0,0,0,0,0,0,0,6.557763e-06,Baixo
7067,M21926,M,300.8,310.7,1572,36.2,167,0,0,0,0,0,0,0,3.3093994e-07,Baixo
7068,M21927,M,300.8,310.7,1386,42.1,170,0,0,0,0,0,0,0,1.4172508e-06,Baixo
7069,L54248,L,300.8,310.7,1461,42.8,173,0,0,0,0,0,0,0,3.0230137e-06,Baixo
7070,L54249,L,300.8,310.7,1525,39.4,175,0,0,0,0,0,0,0,2.9378539e-06,Baixo
7071,L54250,L,300.7,310.7,1333,61.0,177,0,0,0,0,0,0,0,0.0060416865,Baixo
7072,H36485,H,300.7,310.6,1505,40.6,179,0,0,0,0,0,0,0,2.1860315e-06,Baixo
7073,M21932,M,300.7,310.6,1439,41.7,184,0,0,0,0,0,0,0,2.201591e-06,Baixo
7074,L54253,L,300.7,310.6,1491,43.2,187,0,0,0,0,0,0,0,6.2329964e-06,Baixo
7075,M21934,M,300.7,310.6,1488,39.2,189,0,0,0,0,0,0,0,2.60115e-06,Baixo
7076,L54255,L,300.7,310.5,1536,47.4,192,0,0,0,0,0,0,0,8.533344e-07,Baixo
7077,L54256,L,300.7,310.5,1960,21.0,194,0,0,0,0,0,0,0,5.11672e-05,Baixo
7078,M21937,M,300.7,310.5,1594,31.0,196,0,0,0,0,0,0,0,5.8078866e-05,Baixo
7079,L54258,L,300.7,310.5,1357,52.6,199,0,0,0,0,0,0,0,0.015107191,Baixo
7080,L54259,L,300.7,310.5,1445,41.1,201,0,0,0,0,0,0,0,6.2911095e-05,Baixo
7081,L54260,L,300.7,310.4,1543,47.3,203,0,0,0,0,0,0,0,0.000111823465,Baixo
7082,L54261,L,300.7,310.4,1366,52.6,205,0,0,0,0,0,0,0,0.8924053,Crítico
7083,L54262,L,300.7,310.3,1458,40.0,207,0,0,0,0,0,0,0,0.010224098,Baixo
7084,L54263,L,300.7,310.4,1416,61.8,209,1,0,0,1,1,0,2,0.9993691,Crítico
7085,L54264,L,300.6,310.3,1794,24.4,211,0,0,0,0,0,0,0,3.0408419e-05,Baixo
7086,L54265,L,300.6,310.3,1484,41.0,213,0,0,0,0,0,0,0,0.047422502,Baixo
7087,L54266,L,300.6,310.4,2514,13.4,215,0,0,0,0,0,0,0,0.9995677,Crítico
7088,L54267,L,300.6,310.3,1648,30.5,217,1,1,0,0,0,0,1,0.0051505286,Baixo
7089,M21948,M,300.6,310.3,1614,32.7,0,0,0,0,0,0,0,0,2.3836174e-06,Baixo
7090,L54269,L,300.6,310.2,1622,34.1,3,0,0,0,0,0,0,0,1.8095095e-07,Baixo
7091,M21950,M,300.6,310.2,1478,40.1,5,0,0,0,0,0,0,0,9.07092e-07,Baixo
7092,L54271,L,300.6,310.2,1318,51.0,8,0,0,0,0,0,0,0,0.00059968134,Baixo
7093,L54272,L,300.7,310.2,1493,35.9,10,0,0,0,0,0,0,0,2.9423766e-06,Baixo
7094,H36507,H,300.7,310.3,1369,50.7,12,0,0,0,0,0,0,0,8.8645706e-05,Baixo
7095,L54274,L,300.6,310.2,1447,45.9,17,0,0,0,0,0,0,0,1.9752071e-05,Baixo
7096,L54275,L,300.6,310.1,1485,49.9,19,0,0,0,0,0,0,0,2.0148314e-06,Baixo
7097,L54276,L,300.6,310.2,1489,47.8,21,0,0,0,0,0,0,0,8.183171e-07,Baixo
7098,M21957,M,300.6,310.2,1233,52.3,23,0,0,0,0,0,0,0,6.0611506e-05,Baixo
7099,L54278,L,300.7,310.2,1642,32.6,26,0,0,0,0,0,0,0,1.3283424e-07,Baixo
7100,M21959,M,300.7,310.2,1373,44.1,28,0,0,0,0,0,0,0,0.00013184999,Baixo
7101,L54280,L,300.7,310.2,1569,32.8,31,0,0,0,0,0,0,0,7.1213486e-07,Baixo
7102,L54281,L,300.8,310.2,1850,22.8,33,0,0,0,0,0,0,0,2.0694988e-07,Baixo
7103,M21962,M,300.8,310.3,1494,42.2,35,0,0,0,0,0,0,0,2.2645804e-07,Baixo
7104,H36517,H,300.8,310.3,1777,30.1,38,0,0,0,0,0,0,0,4.6831718e-07,Baixo
7105,L54284,L,300.9,310.4,1454,43.1,43,0,0,0,0,0,0,0,1.6499907e-06,Baixo
7106,L54285,L,300.9,310.4,1536,34.2,45,0,0,0,0,0,0,0,3.1710363e-07,Baixo
7107,L54286,L,300.8,310.5,1482,39.0,47,0,0,0,0,0,0,0,1.6895218e-06,Baixo
7108,H36521,H,300.9,310.5,1512,41.2,49,0,0,0,0,0,0,0,8.4452284e-07,Baixo
7109,M21968,M,300.8,310.5,1511,35.8,54,0,0,0,0,0,0,0,5.414029e-06,Baixo
7110,L54289,L,300.9,310.5,1599,40.5,57,0,0,0,0,0,0,0,5.356895e-07,Baixo
7111,M21970,M,300.8,310.4,1518,36.0,59,0,0,0,0,0,0,0,3.288564e-06,Baixo
7112,M21971,M,300.8,310.4,1450,39.4,62,0,0,0,0,0,0,0,6.5734225e-06,Baixo
7113,L54292,L,300.9,310.4,1427,47.0,65,0,0,0,0,0,0,0,1.23451655e-05,Baixo
7114,L54293,L,300.9,310.4,1561,32.7,67,0,0,0,0,0,0,0,5.5928695e-07,Baixo
7115,H36528,H,300.9,310.4,1457,43.8,69,0,0,0,0,0,0,0,1.8174703e-07,Baixo
7116,M21975,M,301.0,310.6,1460,53.6,74,0,0,0,0,0,0,0,6.812559e-05,Baixo
7117,L54296,L,301.0,310.5,1601,33.2,77,0,0,0,0,0,0,0,4.2646747e-07,Baixo
7118,L54297,L,300.9,310.5,1570,40.1,79,0,0,0,0,0,0,0,7.463885e-07,Baixo
7119,L54298,L,300.9,310.5,1565,35.9,81,0,0,0,0,0,0,0,9.0300944e-07,Baixo
7120,L54299,L,301.0,310.5,1378,44.4,83,0,0,0,0,0,0,0,0.00021591195,Baixo
7121,L54300,L,300.9,310.5,2288,16.1,85,0,0,0,0,0,0,0,0.00019625244,Baixo
7122,M21981,M,300.9,310.4,1375,44.7,87,0,0,0,0,0,0,0,6.102916e-05,Baixo
7123,L54302,L,300.9,310.4,1788,27.8,90,0,0,0,0,0,0,0,1.6131129e-06,Baixo
7124,M21983,M,300.9,310.4,1576,40.4,92,0,0,0,0,0,0,0,6.9957205e-06,Baixo
7125,M21984,M,300.8,310.3,1868,24.5,95,0,0,0,0,0,0,0,0.0004247961,Baixo
7126,L54305,L,300.7,310.1,1261,56.6,98,0,0,0,0,0,0,0,0.006818589,Baixo
7127,M21986,M,300.6,310.0,1542,33.9,100,0,0,0,0,0,0,0,3.7446407e-06,Baixo
7128,L54307,L,300.6,310.0,1438,53.8,103,0,0,0,0,0,0,0,3.598919e-05,Baixo
7129,L54308,L,300.6,310.0,1511,36.9,105,0,0,0,0,0,0,0,9.038451e-07,Baixo
7130,L54309,L,300.6,310.0,1635,31.0,107,0,0,0,0,0,0,0,3.6083745e-07,Baixo
7131,L54310,L,300.6,309.9,1428,48.8,109,0,0,0,0,0,0,0,1.1609612e-05,Baixo
7132,M21991,M,300.5,309.8,1410,44.4,111,0,0,0,0,0,0,0,0.00022649483,Baixo
7133,L54312,L,300.5,309.9,1423,47.9,114,0,0,0,0,0,0,0,1.530954e-05,Baixo
7134,M21993,M,300.5,309.9,1552,41.3,116,0,0,0,0,0,0,0,8.552037e-06,Baixo
7135,M21994,M,300.5,310.0,1406,50.2,119,0,0,0,0,0,0,0,1.9945128e-06,Baixo
7136,L54315,L,300.5,309.9,1443,48.3,122,0,0,0,0,0,0,0,6.7689e-05,Baixo
7137,M21996,M,300.5,309.9,1343,63.7,124,0,0,0,0,0,0,0,0.33993945,Moderado
7138,M21997,M,300.6,310.0,1486,41.2,127,0,0,0,0,0,0,0,1.3154038e-06,Baixo
7139,L54318,L,300.6,310.1,1297,50.0,130,0,0,0,0,0,0,0,4.1674164e-05,Baixo
7140,L54319,L,300.6,310.1,1495,42.3,132,0,0,0,0,0,0,0,7.611235e-07,Baixo
7141,L54320,L,300.5,309.9,1382,46.5,134,0,0,0,0,0,0,0,0.00022655033,Baixo
7142,M22001,M,300.4,309.8,1356,44.4,136,0,0,0,0,0,0,0,0.0014478823,Baixo
7143,H36556,H,300.3,309.7,1452,41.5,139,0,0,0,0,0,0,0,3.2120845e-06,Baixo
7144,H36557,H,300.3,309.7,1582,30.8,144,0,0,0,0,0,0,0,1.4666649e-06,Baixo
7145,M22004,M,300.4,309.8,1517,40.3,149,0,0,0,0,0,0,0,2.9609325e-06,Baixo
7146,L54325,L,300.5,310.0,1413,44.5,152,0,0,0,0,0,0,0,3.3857941e-06,Baixo
7147,L54326,L,300.4,309.9,1496,31.8,154,0,0,0,0,0,0,0,2.3090479e-06,Baixo
7148,L54327,L,300.3,309.8,1466,41.2,156,0,0,0,0,0,0,0,4.0133377e-06,Baixo
7149,M22008,M,300.3,309.8,1617,40.8,158,0,0,0,0,0,0,0,2.049332e-05,Baixo
7150,L54329,L,300.2,309.8,1506,41.8,161,0,0,0,0,0,0,0,2.730858e-07,Baixo
7151,L54330,L,300.2,309.8,1401,49.3,163,0,0,0,0,0,0,0,8.666439e-06,Baixo
7152,H36565,H,300.2,309.9,1906,22.9,165,0,0,0,0,0,0,0,6.471434e-05,Baixo
7153,L54332,L,300.2,309.9,1566,36.4,170,0,0,0,0,0,0,0,2.4650458e-06,Baixo
7154,L54333,L,300.2,310.0,1493,47.3,172,0,0,0,0,0,0,0,1.8651534e-06,Baixo
7155,L54334,L,300.3,310.1,1483,39.9,174,0,0,0,0,0,0,0,1.7424815e-06,Baixo
7156,M22015,M,300.2,309.9,1569,31.2,176,0,0,0,0,0,0,0,2.2484007e-06,Baixo
7157,M22016,M,300.2,310.0,1664,30.7,179,0,0,0,0,0,0,0,9.237423e-06,Baixo
7158,L54337,L,300.2,310.0,1486,40.1,182,0,0,0,0,0,0,0,6.27607e-07,Baixo
7159,L54338,L,300.2,310.0,1389,53.6,184,0,0,0,0,0,0,0,4.8530796e-06,Baixo
7160,L54339,L,300.1,310.0,1511,41.7,186,0,0,0,0,0,0,0,6.3596804e-07,Baixo
7161,M22020,M,300.2,310.1,1485,40.5,188,0,0,0,0,0,0,0,7.809249e-07,Baixo
7162,L54341,L,300.2,310.2,1440,42.9,191,0,0,0,0,0,0,0,1.3281274e-06,Baixo
7163,L54342,L,300.2,310.2,1378,43.9,193,0,0,0,0,0,0,0,1.4961648e-05,Baixo
7164,M22023,M,300.1,310.1,1501,39.3,195,0,0,0,0,0,0,0,1.1178273e-05,Baixo
7165,M22024,M,300.2,310.1,1474,44.0,198,0,0,0,0,0,0,0,2.017831e-06,Baixo
7166,L54345,L,300.2,310.1,1392,47.9,201,0,0,0,0,0,0,0,0.001213222,Baixo
7167,M22026,M,300.3,310.2,1429,44.7,203,0,0,0,0,0,0,0,0.002632449,Baixo
7168,L54347,L,300.3,310.3,1362,60.3,206,1,0,0,0,1,0,1,0.9997154,Crítico
7169,L54348,L,300.3,310.3,1704,29.5,0,0,0,0,0,0,0,0,5.9899803e-06,Baixo
7170,L54349,L,300.3,310.2,1492,52.3,2,0,0,0,0,0,0,0,1.9802376e-06,Baixo
7171,M22030,M,300.3,310.2,1442,39.5,4,0,0,0,0,0,0,0,1.4794946e-05,Baixo
7172,M22031,M,300.2,310.2,1438,51.5,7,0,0,0,0,0,0,0,2.279666e-07,Baixo
7173,M22032,M,300.1,310.1,1402,46.6,10,0,0,0,0,0,0,0,9.13964e-06,Baixo
7174,L54353,L,300.1,310.1,1684,30.8,13,0,0,0,0,0,0,0,7.857441e-06,Baixo
7175,L54354,L,300.2,310.2,1530,48.5,15,0,0,0,0,0,0,0,4.252827e-07,Baixo
7176,L54355,L,300.1,310.1,1569,43.5,17,0,0,0,0,0,0,0,1.8608134e-07,Baixo
7177,L54356,L,300.1,310.1,1650,31.6,19,0,0,0,0,0,0,0,8.6494616e-08,Baixo
7178,L54357,L,300.2,310.2,1415,49.6,21,0,0,0,0,0,0,0,1.1953325e-06,Baixo
7179,L54358,L,300.2,310.2,1600,31.5,23,0,0,0,0,0,0,0,7.172453e-07,Baixo
7180,L54359,L,300.2,310.1,1523,42.3,25,0,0,0,0,0,0,0,8.5448946e-08,Baixo
7181,M22040,M,300.2,310.2,1628,30.3,27,0,0,0,0,0,0,0,6.5589615e-05,Baixo
7182,L54361,L,300.2,310.3,1331,52.1,30,0,0,0,0,0,0,0,0.00016553278,Baixo
7183,L54362,L,300.3,310.3,2158,16.8,32,0,0,0,0,0,0,0,3.6356423e-06,Baixo
7184,L54363,L,300.2,310.3,1445,50.9,34,0,0,0,0,0,0,0,1.3686072e-06,Baixo
7185,M22044,M,300.2,310.3,1593,36.1,36,0,0,0,0,0,0,0,1.6894253e-07,Baixo
7186,L54365,L,300.3,310.4,1672,29.2,39,0,0,0,0,0,0,0,3.5476692e-06,Baixo
7187,M22046,M,300.4,310.5,1644,31.4,41,0,0,0,0,0,0,0,8.466083e-08,Baixo
7188,L54367,L,300.4,310.5,1402,54.3,44,0,0,0,0,0,0,0,2.0776056e-06,Baixo
7189,L54368,L,300.4,310.4,1286,56.8,46,0,0,0,0,0,0,0,1.5768406e-05,Baixo
7190,L54369,L,300.4,310.4,1486,46.3,48,0,0,0,0,0,0,0,8.18435e-07,Baixo
7191,L54370,L,300.3,310.3,1345,46.3,50,0,0,0,0,0,0,0,3.225899e-05,Baixo
7192,L54371,L,300.3,310.3,1629,34.1,52,0,0,0,0,0,0,0,5.3736155e-08,Baixo
7193,M22052,M,300.2,310.2,1429,43.8,54,0,0,0,0,0,0,0,2.125742e-07,Baixo
7194,L54373,L,300.1,310.1,1306,64.7,57,0,0,0,0,0,0,0,0.26594758,Baixo
7195,L54374,L,300.1,310.1,1380,52.6,59,0,0,0,0,0,0,0,7.1284617e-06,Baixo
7196,M22055,M,300.1,310.1,1443,49.3,61,0,0,0,0,0,0,0,2.4448439e-06,Baixo
7197,H36610,H,300.1,310.1,1426,42.7,64,0,0,0,0,0,0,0,9.56892e-07,Baixo
7198,L54377,L,300.0,310.0,1486,41.8,69,0,0,0,0,0,0,0,8.128508e-07,Baixo
7199,M22058,M,300.0,309.9,1530,34.5,71,0,0,0,0,0,0,0,2.1075657e-06,Baixo
7200,L54379,L,300.0,309.9,1507,41.4,74,0,0,0,0,0,0,0,1.9400686e-06,Baixo
7201,L54380,L,300.0,309.9,1608,33.4,76,0,0,0,0,0,0,0,7.0918674e-07,Baixo
7202,L54381,L,300.0,309.8,1474,40.6,78,0,0,0,0,0,0,0,1.1384534e-06,Baixo
7203,L54382,L,300.0,309.7,1326,61.9,80,0,0,0,0,0,0,0,0.0005093376,Baixo
7204,M22063,M,299.8,309.6,1434,48.0,82,0,0,0,0,0,0,0,3.8948497e-06,Baixo
7205,L54384,L,299.8,309.6,1526,41.7,85,0,0,0,0,0,0,0,5.0328354e-06,Baixo
7206,L54385,L,299.8,309.7,1483,39.6,87,0,0,0,0,0,0,0,1.8643158e-06,Baixo
7207,L54386,L,299.8,309.7,1457,51.9,89,0,0,0,0,0,0,0,2.966782e-05,Baixo
7208,M22067,M,299.7,309.6,1540,34.4,91,0,0,0,0,0,0,0,9.599325e-06,Baixo
7209,L54388,L,299.8,309.7,1707,29.1,94,0,0,0,0,0,0,0,1.4025844e-05,Baixo
7210,L54389,L,299.8,309.7,1624,34.2,96,0,0,0,0,0,0,0,2.4454425e-07,Baixo
7211,M22070,M,299.8,309.6,1331,50.2,98,0,0,0,0,0,0,0,0.00010131942,Baixo
7212,L54391,L,299.8,309.7,1431,40.3,101,0,0,0,0,0,0,0,5.2903947e-06,Baixo
7213,M22072,M,299.8,309.7,1705,28.5,103,0,0,0,0,0,0,0,1.1029284e-05,Baixo
7214,M22073,M,299.8,309.8,1427,45.2,106,0,0,0,0,0,0,0,1.5111757e-05,Baixo
7215,M22074,M,299.9,309.8,1625,41.2,109,0,0,0,0,0,0,0,4.877457e-06,Baixo
7216,L54395,L,299.9,309.8,1477,47.7,112,0,0,0,0,0,0,0,1.7280674e-06,Baixo
7217,M22076,M,300.0,309.9,1651,28.1,114,0,0,0,0,0,0,0,2.380603e-05,Baixo
7218,L54397,L,299.9,309.8,1716,28.2,117,0,0,0,0,0,0,0,1.654232e-05,Baixo
7219,H36632,H,299.9,309.8,1400,48.7,119,0,0,0,0,0,0,0,0.00011049384,Baixo
7220,M22079,M,299.8,309.7,1556,37.7,124,0,0,0,0,0,0,0,3.850538e-06,Baixo
7221,L54400,L,299.8,309.7,1429,42.6,127,0,0,0,0,0,0,0,2.2961535e-06,Baixo
7222,H36635,H,299.7,309.6,1433,49.6,129,0,0,0,0,0,0,0,7.373767e-06,Baixo
7223,M22082,M,299.8,309.7,1320,61.7,134,0,0,0,0,0,0,0,0.00013047784,Baixo
7224,L54403,L,299.8,309.6,1374,51.6,137,0,0,0,0,0,0,0,0.000114314724,Baixo
7225,L54404,L,299.8,309.6,1598,31.0,139,0,0,0,0,0,0,0,2.5120469e-06,Baixo
7226,M22085,M,299.8,309.7,1910,21.8,141,0,0,0,0,0,0,0,4.3325486e-05,Baixo
7227,L54406,L,299.7,309.6,1399,51.3,144,0,0,0,0,0,0,0,1.7893193e-05,Baixo
7228,L54407,L,299.7,309.6,1720,27.1,146,0,0,0,0,0,0,0,8.16986e-07,Baixo
7229,H36642,H,299.8,309.7,1368,47.4,148,0,0,0,0,0,0,0,3.423948e-05,Baixo
7230,L54409,L,299.8,309.8,1749,33.4,153,0,0,0,0,0,0,0,5.607936e-07,Baixo
7231,L54410,L,299.8,309.8,1542,39.4,155,0,0,0,0,0,0,0,3.450861e-06,Baixo
7232,L54411,L,299.8,309.9,1553,36.6,157,0,0,0,0,0,0,0,9.887548e-07,Baixo
7233,M22092,M,299.9,309.9,1639,42.1,159,0,0,0,0,0,0,0,3.534701e-06,Baixo
7234,L54413,L,299.9,310.0,1447,45.9,162,0,0,0,0,0,0,0,8.825355e-07,Baixo
7235,M22094,M,299.8,310.0,1397,48.1,164,0,0,0,0,0,0,0,1.0097025e-05,Baixo
7236,L54415,L,299.8,310.0,1361,53.8,167,0,0,0,0,0,0,0,2.5420664e-05,Baixo
7237,M22096,M,299.8,310.0,1460,37.1,169,0,0,0,0,0,0,0,5.1911746e-07,Baixo
7238,M22097,M,299.8,310.0,1632,33.7,172,0,0,0,0,0,0,0,1.482659e-07,Baixo
7239,L54418,L,299.8,310.0,1697,36.0,175,0,0,0,0,0,0,0,8.566915e-07,Baixo
7240,L54419,L,299.8,310.1,1553,42.0,177,0,0,0,0,0,0,0,8.512358e-07,Baixo
7241,M22100,M,299.9,310.1,1362,56.3,179,0,0,0,0,0,0,0,0.00014430609,Baixo
7242,M22101,M,299.9,310.0,1484,42.1,182,0,0,0,0,0,0,0,2.3464273e-07,Baixo
7243,H36656,H,299.9,310.1,1447,51.4,185,0,0,0,0,0,0,0,2.0837927e-06,Baixo
7244,M22103,M,300.0,310.2,1393,51.2,190,0,0,0,0,0,0,0,8.007006e-06,Baixo
7245,L54424,L,300.0,310.2,1760,26.9,193,0,0,0,0,0,0,0,2.217235e-05,Baixo
7246,L54425,L,300.0,310.1,1477,34.6,195,0,0,0,0,0,0,0,3.1188135e-06,Baixo
7247,L54426,L,299.9,310.1,1681,29.1,197,0,0,0,0,0,0,0,6.633747e-05,Baixo
7248,M22107,M,300.0,310.1,1314,53.5,199,0,0,0,0,0,0,0,0.00025398028,Baixo
7249,L54428,L,300.0,310.1,1762,28.0,202,0,0,0,0,0,0,0,6.902922e-05,Baixo
7250,L54429,L,299.9,310.0,1402,44.7,204,0,0,0,0,0,0,0,0.00014038572,Baixo
7251,M22110,M,300.1,310.2,1429,42.0,206,0,0,0,0,0,0,0,0.00034881968,Baixo
7252,M22111,M,300.2,310.3,1448,40.1,209,0,0,0,0,0,0,0,0.0017547306,Baixo
7253,H36666,H,300.2,310.4,1501,42.9,212,0,0,0,0,0,0,0,1.5251834e-05,Baixo
7254,L54433,L,300.3,310.5,1522,39.1,217,0,0,0,0,0,0,0,0.015888816,Baixo
7255,L54434,L,300.3,310.4,1493,37.5,219,0,0,0,0,0,0,0,0.027091729,Baixo
7256,M22115,M,300.2,310.3,1704,29.4,221,0,0,0,0,0,0,0,0.02603706,Baixo
7257,H36670,H,300.2,310.3,1408,42.5,0,0,0,0,0,0,0,0,4.349789e-06,Baixo
7258,L54437,L,300.2,310.4,1518,41.8,5,0,0,0,0,0,0,0,5.440984e-07,Baixo
7259,L54438,L,300.3,310.4,1742,25.9,7,0,0,0,0,0,0,0,1.6649677e-06,Baixo
7260,M22119,M,300.4,310.5,1500,43.0,9,0,0,0,0,0,0,0,1.2464183e-07,Baixo
7261,L54440,L,300.4,310.5,2424,14.5,12,0,0,0,0,0,0,0,0.0006389618,Baixo
7262,L54441,L,300.4,310.5,1818,25.1,14,0,0,0,0,0,0,0,9.1776786e-07,Baixo
7263,M22122,M,300.4,310.6,1545,35.6,16,0,0,0,0,0,0,0,1.9896133e-06,Baixo
7264,L54443,L,300.4,310.6,1429,46.9,19,0,0,0,0,0,0,0,1.2675148e-06,Baixo
7265,M22124,M,300.4,310.6,1448,44.9,21,0,0,0,0,0,0,0,6.9727747e-07,Baixo
7266,L54445,L,300.4,310.6,1384,48.7,24,0,0,0,0,0,0,0,5.471619e-06,Baixo
7267,L54446,L,300.4,310.5,1578,32.8,26,0,0,0,0,0,0,0,2.8317865e-07,Baixo
7268,L54447,L,300.5,310.5,1695,26.7,28,0,0,0,0,0,0,0,1.8464518e-06,Baixo
7269,L54448,L,300.5,310.6,1543,36.2,30,0,0,0,0,0,0,0,3.2841576e-06,Baixo
7270,M22129,M,300.4,310.5,1540,33.4,32,0,0,0,0,0,0,0,3.1307346e-07,Baixo
7271,L54450,L,300.2,310.4,1808,25.8,35,0,0,0,0,0,0,0,1.056849e-06,Baixo
7272,M22131,M,300.3,310.4,1293,49.7,37,0,0,0,0,0,0,0,1.378773e-06,Baixo
7273,L54452,L,300.2,310.3,1202,59.5,40,0,0,0,0,0,0,0,9.927355e-05,Baixo
7274,M22133,M,300.2,310.3,1704,29.2,42,0,0,0,0,0,0,0,3.443553e-06,Baixo
7275,M22134,M,300.2,310.3,1478,38.1,45,0,0,0,0,0,0,0,2.4511003e-06,Baixo
7276,L54455,L,300.2,310.3,1514,38.7,48,0,0,0,0,0,0,0,8.1943e-07,Baixo
7277,M22136,M,300.1,310.3,1350,48.8,50,0,0,0,0,0,0,0,5.913199e-06,Baixo
7278,L54457,L,300.1,310.2,1475,54.2,53,0,0,0,0,0,0,0,2.317126e-06,Baixo
7279,H36692,H,300.0,310.1,1714,28.7,55,0,0,0,0,0,0,0,1.4759522e-07,Baixo
7280,L54459,L,300.0,310.1,1465,40.9,60,0,0,0,0,0,0,0,9.560429e-07,Baixo
7281,L54460,L,299.9,310.2,1288,69.6,62,1,0,0,1,0,0,1,0.84713787,Crítico
7282,L54461,L,300.0,310.2,1675,29.7,64,0,0,0,0,0,0,0,5.617133e-06,Baixo
7283,L54462,L,300.0,310.2,1486,36.4,66,0,0,0,0,0,0,0,1.3690471e-06,Baixo
7284,M22143,M,300.0,310.2,1443,58.7,68,0,0,0,0,0,0,0,0.22162063,Baixo
7285,M22144,M,300.1,310.3,1345,57.1,71,0,0,0,0,0,0,0,2.8278591e-05,Baixo
7286,M22145,M,300.2,310.4,1202,61.7,74,0,0,0,0,0,0,0,4.7164292e-05,Baixo
7287,M22146,M,300.1,310.4,1480,37.1,77,0,0,0,0,0,0,0,9.533833e-07,Baixo
7288,M22147,M,300.2,310.4,1530,35.7,80,0,0,0,0,0,0,0,2.518838e-06,Baixo
7289,M22148,M,300.2,310.6,1983,20.8,83,0,0,0,0,0,0,0,3.0565563e-05,Baixo
7290,L54469,L,300.3,310.6,1433,53.8,86,0,0,0,0,0,0,0,1.9317033e-06,Baixo
7291,L54470,L,300.3,310.6,1806,24.4,88,0,0,0,0,0,0,0,1.2876095e-05,Baixo
7292,L54471,L,300.2,310.5,1416,46.7,90,0,0,0,0,0,0,0,1.8653456e-06,Baixo
7293,M22152,M,300.1,310.4,1556,38.1,92,0,0,0,0,0,0,0,2.3307439e-05,Baixo
7294,L54473,L,300.1,310.5,1627,29.2,95,0,0,0,0,0,0,0,2.0728123e-06,Baixo
7295,L54474,L,300.1,310.6,1809,24.3,97,0,0,0,0,0,0,0,3.6716178e-06,Baixo
7296,M22155,M,300.1,310.5,1329,57.4,99,0,0,0,0,0,0,0,2.938582e-05,Baixo
7297,H36710,H,300.0,310.4,1881,21.9,102,0,0,0,0,0,0,0,1.6249261e-06,Baixo
7298,L54477,L,300.1,310.5,1500,39.8,107,0,0,0,0,0,0,0,2.9073573e-07,Baixo
7299,L54478,L,300.1,310.5,1532,36.0,109,0,0,0,0,0,0,0,9.117371e-07,Baixo
7300,L54479,L,300.1,310.5,1492,50.9,111,0,0,0,0,0,0,0,3.235686e-07,Baixo
7301,L54480,L,300.2,310.6,1431,42.3,113,0,0,0,0,0,0,0,6.203998e-07,Baixo
7302,L54481,L,300.1,310.4,1554,39.4,115,0,0,0,0,0,0,0,1.2614564e-06,Baixo
7303,L54482,L,300.1,310.5,1494,44.2,117,0,0,0,0,0,0,0,4.877904e-07,Baixo
7304,L54483,L,300.1,310.6,1374,45.4,119,0,0,0,0,0,0,0,2.8498014e-05,Baixo
7305,L54484,L,300.1,310.5,1394,44.3,121,0,0,0,0,0,0,0,1.7438048e-06,Baixo
7306,M22165,M,300.0,310.5,1790,25.7,123,0,0,0,0,0,0,0,6.6742323e-06,Baixo
7307,L54486,L,300.1,310.5,1356,45.8,126,0,0,0,0,0,0,0,3.0048568e-06,Baixo
7308,M22167,M,300.0,310.4,1385,52.1,128,0,0,0,0,0,0,0,3.8335043e-06,Baixo
7309,L54488,L,300.0,310.4,1333,49.1,131,0,0,0,0,0,0,0,6.5764007e-06,Baixo
7310,L54489,L,300.0,310.4,1505,44.9,133,0,0,0,0,0,0,0,3.0724303e-07,Baixo
7311,L54490,L,300.0,310.5,1606,33.5,135,0,0,0,0,0,0,0,3.4407944e-07,Baixo
7312,H36725,H,300.0,310.5,1558,36.7,137,0,0,0,0,0,0,0,2.0727065e-07,Baixo
7313,L54492,L,300.0,310.5,1412,52.4,142,0,0,0,0,0,0,0,1.6125853e-06,Baixo
7314,L54493,L,299.9,310.4,1408,38.4,144,0,0,0,0,0,0,0,5.069814e-07,Baixo
7315,L54494,L,299.9,310.3,1268,53.3,146,0,0,0,0,0,0,0,7.459491e-06,Baixo
7316,L54495,L,299.9,310.4,1470,50.0,148,0,0,0,0,0,0,0,5.3888552e-06,Baixo
7317,L54496,L,299.9,310.4,1497,47.0,150,0,0,0,0,0,0,0,5.4066896e-07,Baixo
7318,L54497,L,299.9,310.3,1638,29.1,152,0,0,0,0,0,0,0,2.3718735e-06,Baixo
7319,H36732,H,299.9,310.3,1535,43.9,154,0,0,0,0,0,0,0,7.354338e-07,Baixo
7320,L54499,L,299.8,310.2,1654,32.7,159,0,0,0,0,0,0,0,3.2872583e-07,Baixo
7321,H36734,H,299.8,310.2,1411,49.7,161,0,0,0,0,0,0,0,2.1344336e-08,Baixo
7322,L54501,L,299.8,310.2,1911,23.5,166,0,0,0,0,0,0,0,4.9084418e-05,Baixo
7323,H36736,H,299.8,310.2,1573,33.3,168,0,0,0,0,0,0,0,1.9776124e-08,Baixo
7324,L54503,L,299.9,310.2,1479,46.3,173,0,0,0,0,0,0,0,4.5519228e-06,Baixo
7325,M22184,M,299.9,310.4,1820,26.6,175,0,0,0,0,0,0,0,2.7694296e-06,Baixo
7326,L54505,L,299.9,310.4,1419,45.7,178,0,0,0,0,0,0,0,4.4597817e-07,Baixo
7327,M22186,M,299.9,310.5,1335,52.9,180,0,0,0,0,0,0,0,1.7130963e-06,Baixo
7328,M22187,M,299.9,310.5,1576,39.4,183,0,0,0,0,0,0,0,1.322147e-07,Baixo
7329,L54508,L,300.0,310.5,1517,42.2,186,0,0,0,0,0,0,0,2.3524635e-07,Baixo
7330,M22189,M,299.9,310.4,1576,34.3,188,0,0,0,0,0,0,0,1.2687266e-06,Baixo
7331,H36744,H,299.8,310.2,1537,36.6,191,0,0,0,0,0,0,0,2.5422617e-06,Baixo
7332,L54511,L,299.8,310.3,1524,34.2,196,0,0,0,0,0,0,0,3.3865323e-05,Baixo
7333,M22192,M,299.8,310.3,1805,23.7,198,0,0,0,0,0,0,0,3.1331558e-05,Baixo
7334,M22193,M,299.9,310.4,1367,53.3,201,0,0,0,0,0,0,0,0.0010384178,Baixo
7335,L54514,L,299.8,310.4,1694,30.3,204,0,0,0,0,0,0,0,0.0021931264,Baixo
7336,L54515,L,299.9,310.4,1328,49.9,206,0,0,0,0,0,0,0,0.0007800605,Baixo
7337,H36750,H,299.9,310.5,1549,42.8,208,0,0,0,0,0,0,0,6.209986e-05,Baixo
7338,L54517,L,299.9,310.5,1539,32.8,213,0,0,0,0,0,0,0,0.040131666,Baixo
7339,L54518,L,299.8,310.5,1496,38.8,215,0,0,0,0,0,0,0,0.011035006,Baixo
7340,L54519,L,299.8,310.4,1579,36.4,0,0,0,0,0,0,0,0,1.6597266e-07,Baixo
7341,L54520,L,299.7,310.3,1386,46.6,2,0,0,0,0,0,0,0,3.5293895e-05,Baixo
7342,L54521,L,299.7,310.3,1505,37.7,4,0,0,0,0,0,0,0,9.380653e-06,Baixo
7343,M22202,M,299.7,310.3,1661,34.5,6,0,0,0,0,0,0,0,7.730054e-07,Baixo
7344,L54523,L,299.6,310.2,1468,48.0,9,0,0,0,0,0,0,0,1.5446075e-06,Baixo
7345,L54524,L,299.6,310.1,1384,49.8,11,0,0,0,0,0,0,0,1.0634668e-05,Baixo
7346,L54525,L,299.6,310.2,1381,60.5,13,0,0,0,0,0,0,0,0.000101550206,Baixo
7347,L54526,L,299.6,310.2,1469,47.0,15,0,0,0,0,0,0,0,2.4553772e-06,Baixo
7348,L54527,L,299.6,310.2,1627,36.6,17,0,0,0,0,0,0,0,8.3697806e-08,Baixo
7349,H36762,H,299.7,310.3,1462,40.4,19,0,0,0,0,0,0,0,1.6558343e-07,Baixo
7350,L54529,L,299.7,310.2,1633,36.5,24,0,0,0,0,0,0,0,1.589428e-07,Baixo
7351,L54530,L,299.7,310.2,1469,39.5,26,0,0,0,0,0,0,0,6.7743906e-07,Baixo
7352,L54531,L,299.7,310.2,1458,43.4,28,0,0,0,0,0,0,0,4.808576e-07,Baixo
7353,M22212,M,299.7,310.2,1440,42.8,30,0,0,0,0,0,0,0,7.7956247e-07,Baixo
7354,L54533,L,299.8,310.3,1687,30.4,33,0,0,0,0,0,0,0,3.7088305e-06,Baixo
7355,M22214,M,299.7,310.3,1429,47.7,35,0,0,0,0,0,0,0,3.0219536e-07,Baixo
7356,L54535,L,299.6,310.2,1588,34.1,38,0,0,0,0,0,0,0,1.3441068e-07,Baixo
7357,L54536,L,299.6,310.2,1333,51.2,40,0,0,0,0,0,0,0,3.2668228e-05,Baixo
7358,L54537,L,299.6,310.1,1487,42.9,42,0,0,0,0,0,0,0,1.4306251e-07,Baixo
7359,M22218,M,299.5,310.1,1659,31.5,44,0,0,0,0,0,0,0,7.4508144e-08,Baixo
7360,M22219,M,299.4,310.0,1512,43.2,47,0,0,0,0,0,0,0,3.441542e-08,Baixo
7361,L54540,L,299.5,310.1,1585,35.2,50,0,0,0,0,0,0,0,3.3558866e-08,Baixo
7362,L54541,L,299.5,310.0,1502,38.5,52,0,0,0,0,0,0,0,2.7355418e-07,Baixo
7363,L54542,L,299.5,310.0,1594,35.1,54,0,0,0,0,0,0,0,2.1751e-08,Baixo
7364,L54543,L,299.5,310.0,1412,48.9,56,0,0,0,0,0,0,0,1.146877e-06,Baixo
7365,L54544,L,299.5,309.9,1402,51.7,58,0,0,0,0,0,0,0,7.409951e-06,Baixo
7366,L54545,L,299.6,310.1,2057,20.4,60,0,0,0,0,0,0,0,4.991986e-05,Baixo
7367,H36780,H,299.6,310.1,1531,36.8,62,0,0,0,0,0,0,0,3.9580684e-07,Baixo
7368,M22227,M,299.5,310.1,1359,61.1,67,0,0,0,0,0,0,0,0.022467732,Baixo
7369,M22228,M,299.6,310.2,1620,30.0,70,0,0,0,0,0,0,0,6.8290537e-06,Baixo
7370,M22229,M,299.6,310.1,1646,29.6,73,0,0,0,0,0,0,0,7.5491266e-06,Baixo
7371,M22230,M,299.6,310.1,1455,46.1,76,0,0,0,0,0,0,0,9.533102e-06,Baixo
7372,L54551,L,299.6,310.2,1512,44.0,79,0,0,0,0,0,0,0,1.4780976e-06,Baixo
7373,L54552,L,299.6,310.2,1473,42.7,81,0,0,0,0,0,0,0,8.1771725e-07,Baixo
7374,L54553,L,299.6,310.1,1553,38.0,83,0,0,0,0,0,0,0,1.4323142e-05,Baixo
7375,L54554,L,299.5,310.0,1379,50.4,85,0,0,0,0,0,0,0,0.00019353085,Baixo
7376,M22235,M,299.4,309.9,1567,40.6,87,0,0,0,0,0,0,0,2.1715095e-06,Baixo
7377,L54556,L,299.5,310.0,1481,43.1,90,0,0,0,0,0,0,0,1.0053891e-06,Baixo
7378,L54557,L,299.5,310.0,1349,52.7,92,0,0,0,0,0,0,0,0.00031306708,Baixo
7379,L54558,L,299.5,310.0,1388,52.4,94,0,0,0,0,0,0,0,3.567159e-05,Baixo
7380,M22239,M,299.6,310.1,1357,48.7,96,0,0,0,0,0,0,0,0.00023431382,Baixo
7381,L54560,L,299.6,310.2,1743,24.8,99,0,0,0,0,0,0,0,1.1457955e-05,Baixo
7382,L54561,L,299.7,310.3,1495,43.1,101,0,0,0,0,0,0,0,5.695292e-07,Baixo
7383,L54562,L,299.8,310.4,1698,28.3,103,0,0,0,0,0,0,0,1.786528e-05,Baixo
7384,M22243,M,299.7,310.4,1410,44.5,105,0,0,0,0,0,0,0,2.119221e-06,Baixo
7385,L54564,L,299.7,310.4,1614,36.2,108,0,0,0,0,0,0,0,5.5626344e-07,Baixo
7386,M22245,M,299.8,310.5,1375,53.9,110,0,0,0,0,0,0,0,3.9225702e-05,Baixo
7387,M22246,M,299.8,310.6,1574,31.8,113,0,0,0,0,0,0,0,9.173426e-07,Baixo
7388,H36801,H,299.8,310.6,1423,44.6,116,0,0,0,0,0,0,0,4.97564e-07,Baixo
7389,M22248,M,299.8,310.6,1694,31.3,121,0,0,0,0,0,0,0,5.5280213e-07,Baixo
7390,L54569,L,299.8,310.6,1707,32.5,124,0,0,0,0,0,0,0,1.6925684e-07,Baixo
7391,M22250,M,299.7,310.5,1490,41.2,126,0,0,0,0,0,0,0,3.129714e-07,Baixo
7392,L54571,L,299.7,310.6,1675,31.3,129,0,0,0,0,0,0,0,8.443528e-07,Baixo
7393,M22252,M,299.7,310.5,1492,39.3,131,0,0,0,0,0,0,0,4.7563992e-07,Baixo
7394,M22253,M,299.7,310.5,1594,35.4,134,0,0,0,0,0,0,0,6.2271573e-07,Baixo
7395,L54574,L,299.7,310.6,1479,38.0,137,0,0,0,0,0,0,0,3.065303e-06,Baixo
7396,M22255,M,299.7,310.6,1572,38.0,139,0,0,0,0,0,0,0,1.1411514e-06,Baixo
7397,L54576,L,299.7,310.6,1616,35.1,142,0,0,0,0,0,0,0,8.735373e-07,Baixo
7398,L54577,L,299.7,310.6,1737,26.1,144,0,0,0,0,0,0,0,2.726917e-05,Baixo
7399,M22258,M,299.7,310.7,1498,37.8,146,0,0,0,0,0,0,0,3.2478747e-06,Baixo
7400,L54579,L,299.6,310.6,1642,35.1,149,0,0,0,0,0,0,0,4.4679467e-07,Baixo
7401,M22260,M,299.6,310.6,1633,34.2,151,0,0,0,0,0,0,0,1.4352635e-06,Baixo
7402,L54581,L,299.8,310.8,1409,51.9,154,0,0,0,0,0,0,0,5.508818e-07,Baixo
7403,M22262,M,299.8,310.8,1463,43.5,156,0,0,0,0,0,0,0,2.1263786e-07,Baixo
7404,L54583,L,299.8,310.8,1376,48.6,159,0,0,0,0,0,0,0,2.5679692e-06,Baixo
7405,L54584,L,299.8,310.8,1553,32.2,161,0,0,0,0,0,0,0,4.2064e-07,Baixo
7406,M22265,M,299.8,310.8,1530,35.2,163,0,0,0,0,0,0,0,1.2647931e-06,Baixo
7407,L54586,L,299.8,310.9,1545,40.7,166,0,0,0,0,0,0,0,3.0697202e-06,Baixo
7408,H36821,H,299.8,310.9,1427,47.2,168,0,0,0,0,0,0,0,3.8078568e-07,Baixo
7409,L54588,L,299.9,310.9,1292,51.1,173,0,0,0,0,0,0,0,3.3164717e-06,Baixo
7410,L54589,L,299.8,310.9,2084,17.6,175,0,0,0,0,0,0,0,0.0002645469,Baixo
7411,L54590,L,299.9,311.0,1747,27.6,177,0,0,0,0,0,0,0,5.391899e-06,Baixo
7412,L54591,L,300.0,311.1,1425,47.8,179,0,0,0,0,0,0,0,3.4362594e-07,Baixo
7413,L54592,L,300.0,311.0,1637,33.6,181,0,0,0,0,0,0,0,2.5901048e-07,Baixo
7414,M22273,M,300.1,311.1,1616,35.2,183,0,0,0,0,0,0,0,1.0189715e-06,Baixo
7415,L54594,L,300.1,311.1,1619,33.4,186,0,0,0,0,0,0,0,4.4610592e-06,Baixo
7416,L54595,L,300.1,311.2,1489,39.1,188,0,0,0,0,0,0,0,4.9103605e-06,Baixo
7417,M22276,M,300.1,311.2,1452,42.4,190,0,0,0,0,0,0,0,4.148946e-07,Baixo
7418,M22277,M,300.1,311.3,1495,41.0,193,0,0,0,0,0,0,0,1.3386104e-06,Baixo
7419,M22278,M,300.2,311.4,1427,39.7,196,0,0,0,0,0,0,0,4.3126515e-06,Baixo
7420,L54599,L,300.1,311.4,1572,36.2,199,0,0,0,0,0,0,0,6.64503e-06,Baixo
7421,L54600,L,300.1,311.3,1547,40.0,201,0,0,0,0,0,0,0,3.158057e-05,Baixo
7422,M22281,M,300.1,311.4,1342,48.5,203,0,0,0,0,0,0,0,0.0003639587,Baixo
7423,L54602,L,300.0,311.2,1351,44.1,206,0,0,0,0,0,0,0,1.5809239e-05,Baixo
7424,L54603,L,300.0,311.3,1407,47.3,208,0,0,0,0,0,0,0,0.043913815,Baixo
7425,M22284,M,300.1,311.4,1575,29.8,210,0,0,0,0,0,0,0,0.22440815,Baixo
7426,M22285,M,300.0,311.4,1791,24.1,213,0,0,0,0,0,0,0,0.0013624816,Baixo
7427,M22286,M,300.0,311.4,1692,29.0,216,1,1,0,0,0,0,1,0.008617434,Baixo
7428,L54607,L,300.0,311.4,1634,31.9,0,0,0,0,0,0,0,0,2.6623164e-07,Baixo
7429,M22288,M,300.0,311.4,1864,23.3,2,0,0,0,0,0,0,0,0.00025292792,Baixo
7430,L54609,L,300.0,311.4,1590,33.6,5,0,0,0,0,0,0,0,1.100518e-06,Baixo
7431,M22290,M,300.0,311.4,1384,46.1,7,0,0,0,0,0,0,0,1.0655311e-06,Baixo
7432,M22291,M,300.0,311.4,1352,61.8,10,0,0,0,0,0,0,0,0.00013933907,Baixo
7433,L54612,L,300.1,311.4,1484,43.1,13,0,0,0,0,0,0,0,2.1394781e-07,Baixo
7434,M22293,M,300.1,311.4,1913,21.9,15,0,0,0,0,0,0,0,4.2224265e-06,Baixo
7435,L54614,L,300.0,311.4,1508,38.2,18,0,0,0,0,0,0,0,7.862996e-06,Baixo
7436,L54615,L,299.9,311.3,1504,40.7,20,0,0,0,0,0,0,0,2.0744953e-06,Baixo
7437,L54616,L,300.0,311.4,1487,41.2,22,0,0,0,0,0,0,0,7.177544e-07,Baixo
7438,L54617,L,299.8,311.3,1727,30.0,24,0,0,0,0,0,0,0,7.0792844e-06,Baixo
7439,L54618,L,299.9,311.3,1647,27.5,26,0,0,0,0,0,0,0,1.8717927e-06,Baixo
7440,L54619,L,300.0,311.3,1493,41.4,28,0,0,0,0,0,0,0,6.357006e-07,Baixo
7441,L54620,L,300.0,311.4,1655,29.6,30,0,0,0,0,0,0,0,7.306016e-06,Baixo
7442,M22301,M,299.9,311.4,1337,54.8,32,0,0,0,0,0,0,0,2.4278268e-06,Baixo
7443,L54622,L,300.0,311.5,1601,36.9,35,0,0,0,0,0,0,0,4.2116022e-07,Baixo
7444,H36857,H,300.1,311.6,1589,37.9,37,0,0,0,0,0,0,0,1.8583324e-07,Baixo
7445,L54624,L,300.2,311.7,1286,55.1,42,0,0,0,0,0,0,0,1.09649e-06,Baixo
7446,L54625,L,300.2,311.7,1553,41.3,44,0,0,0,0,0,0,0,2.0002146e-07,Baixo
7447,L54626,L,300.2,311.8,1379,51.0,46,0,0,0,0,0,0,0,2.1445889e-05,Baixo
7448,M22307,M,300.3,311.9,1677,30.8,48,0,0,0,0,0,0,0,2.4974042e-06,Baixo
7449,L54628,L,300.3,311.8,1488,38.4,51,0,0,0,0,0,0,0,5.715888e-06,Baixo
7450,L54629,L,300.3,311.8,1418,45.9,53,0,0,0,0,0,0,0,4.897813e-07,Baixo
7451,L54630,L,300.3,311.8,1451,41.0,55,0,0,0,0,0,0,0,4.3068627e-07,Baixo
7452,L54631,L,300.3,311.8,1508,43.1,57,0,0,0,0,0,0,0,1.4214239e-06,Baixo
7453,L54632,L,300.3,311.7,1579,33.6,59,0,0,0,0,0,0,0,1.6282876e-06,Baixo
7454,H36867,H,300.3,311.7,1432,47.7,61,0,0,0,0,0,0,0,3.867681e-08,Baixo
7455,L54634,L,300.2,311.6,1446,47.3,66,0,0,0,0,0,0,0,8.5681893e-07,Baixo
7456,M22315,M,300.2,311.7,1597,39.5,68,0,0,0,0,0,0,0,2.1007679e-07,Baixo
7457,M22316,M,300.2,311.7,1397,50.2,71,0,0,0,0,0,0,0,5.3810933e-08,Baixo
7458,L54637,L,300.1,311.6,1530,36.6,74,0,0,0,0,0,0,0,5.531117e-07,Baixo
7459,M22318,M,300.1,311.6,1433,51.4,76,0,0,0,0,0,0,0,1.0734858e-06,Baixo
7460,L54639,L,300.0,311.5,1591,32.0,79,0,0,0,0,0,0,0,1.7109902e-07,Baixo
7461,L54640,L,300.0,311.5,1445,41.6,81,0,0,0,0,0,0,0,2.4171466e-06,Baixo
7462,L54641,L,300.0,311.5,1749,28.3,83,0,0,0,0,0,0,0,1.3643366e-06,Baixo
7463,L54642,L,300.0,311.3,1703,30.4,85,0,0,0,0,0,0,0,3.584646e-05,Baixo
7464,H36877,H,300.1,311.4,1518,46.9,87,0,0,0,0,0,0,0,1.563651e-06,Baixo
7465,L54644,L,300.1,311.3,1535,42.3,92,0,0,0,0,0,0,0,6.4625294e-07,Baixo
7466,M22325,M,300.1,311.4,1390,52.1,94,0,0,0,0,0,0,0,2.3115927e-06,Baixo
7467,H36880,H,300.3,311.6,1801,23.6,97,0,0,0,0,0,0,0,2.634883e-07,Baixo
7468,H36881,H,300.3,311.6,1463,41.6,102,0,0,0,0,0,0,0,7.849271e-08,Baixo
7469,L54648,L,300.3,311.6,1560,37.7,107,0,0,0,0,0,0,0,2.1872513e-06,Baixo
7470,L54649,L,300.3,311.6,1607,33.5,109,0,0,0,0,0,0,0,6.8742895e-07,Baixo
7471,L54650,L,300.4,311.6,1332,54.6,111,0,0,0,0,0,0,0,3.5849719e-06,Baixo
7472,L54651,L,300.3,311.7,1365,53.3,113,0,0,0,0,0,0,0,4.673952e-05,Baixo
7473,M22332,M,300.3,311.6,1617,32.5,115,0,0,0,0,0,0,0,1.1902845e-05,Baixo
7474,M22333,M,300.3,311.6,1304,62.8,118,0,0,0,0,0,0,0,0.00017304973,Baixo
7475,L54654,L,300.3,311.7,1989,22.3,121,0,0,0,0,0,0,0,1.919571e-05,Baixo
7476,H36889,H,300.3,311.6,1339,53.4,123,0,0,0,0,0,0,0,3.7019464e-07,Baixo
7477,L54656,L,300.2,311.5,1492,41.8,128,0,0,0,0,0,0,0,8.157739e-07,Baixo
7478,M22337,M,300.1,311.3,1518,40.2,130,0,0,0,0,0,0,0,3.1801852e-07,Baixo
7479,L54658,L,300.1,311.3,1479,39.5,133,0,0,0,0,0,0,0,2.4092274e-06,Baixo
7480,M22339,M,300.1,311.3,1523,34.1,135,0,0,0,0,0,0,0,7.690576e-07,Baixo
7481,M22340,M,300.2,311.4,1570,35.3,138,0,0,0,0,0,0,0,4.8491427e-07,Baixo
7482,H36895,H,300.2,311.4,1506,36.1,141,0,0,0,0,0,0,0,3.8200236e-07,Baixo
7483,M22342,M,300.2,311.6,1510,47.5,146,0,0,0,0,0,0,0,2.3970802e-07,Baixo
7484,L54663,L,300.2,311.6,1671,28.8,149,0,0,0,0,0,0,0,8.320492e-07,Baixo
7485,M22344,M,300.3,311.6,1312,53.4,151,0,0,0,0,0,0,0,5.100643e-07,Baixo
7486,L54665,L,300.3,311.6,1595,38.8,154,0,0,0,0,0,0,0,5.9295244e-06,Baixo
7487,L54666,L,300.3,311.7,1635,31.8,156,0,0,0,0,0,0,0,3.299844e-07,Baixo
7488,L54667,L,300.3,311.7,1707,33.6,158,0,0,0,0,0,0,0,1.6779413e-06,Baixo
7490,M22349,M,300.2,311.6,1751,28.0,162,0,0,0,0,0,0,0,2.2670945e-06,Baixo
7491,M22350,M,300.4,311.8,1707,30.0,165,0,0,0,0,0,0,0,3.210982e-06,Baixo
7492,L54671,L,300.4,311.8,1320,57.9,168,0,0,0,0,0,0,0,0.00021330874,Baixo
7493,M22352,M,300.3,311.7,1319,51.4,170,0,0,0,0,0,0,0,1.1926216e-05,Baixo
7494,L54673,L,300.2,311.7,1448,54.2,173,0,0,0,0,0,0,0,2.541919e-05,Baixo
7495,L54674,L,300.2,311.8,1436,48.2,175,0,0,0,0,0,0,0,2.3957828e-06,Baixo
7496,L54675,L,300.3,311.9,1609,34.0,177,0,0,0,0,0,0,0,1.9060802e-06,Baixo
7497,L54676,L,300.2,311.8,1464,44.5,179,0,0,0,0,0,0,0,4.9594e-07,Baixo
7498,M22357,M,300.3,311.8,1483,45.1,181,0,0,0,0,0,0,0,2.24414e-06,Baixo
7499,M22358,M,300.2,311.8,1748,28.5,184,0,0,0,0,0,0,0,2.404212e-05,Baixo
7500,L54679,L,300.3,311.8,1746,26.3,187,0,0,0,0,0,0,0,2.0052861e-05,Baixo
7501,L54680,L,300.2,311.8,1410,51.4,189,0,0,0,0,0,0,0,1.6958911e-05,Baixo
7502,L54681,L,300.2,311.7,1640,30.8,191,0,0,0,0,0,0,0,3.7205256e-05,Baixo
7503,H36916,H,300.3,311.7,1655,29.9,193,0,0,0,0,0,0,0,2.260111e-06,Baixo
7504,M22363,M,300.3,311.7,1646,28.9,198,0,0,0,0,0,0,0,3.1327196e-05,Baixo
7505,L54684,L,300.4,311.8,1589,42.0,201,0,0,0,0,0,0,0,4.7514884e-05,Baixo
7506,L54685,L,300.5,311.9,1546,39.4,203,0,0,0,0,0,0,0,0.0008707643,Baixo
7507,L54686,L,300.5,311.9,1511,41.8,205,0,0,0,0,0,0,0,0.01947393,Baixo
7508,L54687,L,300.5,311.9,1750,28.3,207,0,0,0,0,0,0,0,0.025815874,Baixo
7509,M22368,M,300.5,311.9,1730,27.5,209,0,0,0,0,0,0,0,0.027388306,Baixo
7510,L54689,L,300.6,311.9,1372,60.1,212,1,0,0,0,1,0,1,0.9999989,Crítico
7511,L54690,L,300.5,311.8,1524,38.9,214,1,1,0,0,0,0,1,0.037005924,Baixo
7512,L54691,L,300.4,311.8,1601,36.1,0,0,0,0,0,0,0,0,1.353083e-06,Baixo
7513,M22372,M,300.5,311.8,1636,34.4,2,0,0,0,0,0,0,0,1.215098e-06,Baixo
7514,L54693,L,300.4,311.8,2261,14.9,5,0,0,0,0,0,0,0,0.00012698586,Baixo
7515,L54694,L,300.4,311.8,1636,32.3,7,0,0,0,0,0,0,0,1.3658845e-06,Baixo
7516,M22375,M,300.4,311.9,1335,58.3,9,0,0,0,0,0,0,0,0.0024153383,Baixo
7517,M22376,M,300.3,311.7,1236,57.5,12,0,0,0,0,0,0,0,1.5110846e-06,Baixo
7518,L54697,L,300.3,311.7,1445,47.3,15,0,0,0,0,0,0,0,1.6181265e-07,Baixo
7519,L54698,L,300.2,311.5,1500,40.8,17,0,0,0,0,0,0,0,5.492922e-07,Baixo
7520,L54699,L,300.2,311.6,1999,21.0,19,0,0,0,0,0,0,0,9.2398557e-07,Baixo
7521,L54700,L,300.2,311.6,1529,35.5,21,0,0,0,0,0,0,0,2.8446077e-06,Baixo
7522,M22381,M,300.2,311.6,1467,40.7,23,0,0,0,0,0,0,0,3.8949284e-07,Baixo
7523,L54702,L,300.1,311.5,1334,54.0,26,0,0,0,0,0,0,0,6.114604e-07,Baixo
7524,M22383,M,300.1,311.5,1343,46.2,28,0,0,0,0,0,0,0,2.0473477e-07,Baixo
7525,L54704,L,300.2,311.5,1639,31.1,31,0,0,0,0,0,0,0,2.0799696e-07,Baixo
7526,H36939,H,300.1,311.5,1383,49.1,33,0,0,0,0,0,0,0,1.4292887e-07,Baixo
7527,L54706,L,300.1,311.4,1660,31.4,38,0,0,0,0,0,0,0,2.9630377e-07,Baixo
7528,L54707,L,300.1,311.3,1470,45.2,40,0,0,0,0,0,0,0,7.517577e-07,Baixo
7529,M22388,M,300.1,311.3,1748,26.6,42,0,0,0,0,0,0,0,1.2239393e-06,Baixo
7530,L54709,L,300.1,311.4,1467,35.7,45,0,0,0,0,0,0,0,2.2685997e-06,Baixo
7531,M22390,M,300.1,311.4,1617,39.3,47,0,0,0,0,0,0,0,9.3022e-08,Baixo
7532,H36945,H,300.1,311.4,1377,56.7,50,0,0,0,0,0,0,0,2.6276084e-06,Baixo
7533,M22392,M,300.0,311.3,1629,32.1,55,0,0,0,0,0,0,0,1.2837428e-07,Baixo
7534,L54713,L,300.0,311.2,1504,37.9,58,0,0,0,0,0,0,0,5.086396e-07,Baixo
7535,L54714,L,300.0,311.2,1418,47.3,60,0,0,0,0,0,0,0,2.2916831e-07,Baixo
7536,L54715,L,300.0,311.2,1629,31.7,62,0,0,0,0,0,0,0,6.499062e-07,Baixo
7537,L54716,L,300.1,311.3,2579,12.5,64,1,0,0,1,0,0,1,0.9888393,Crítico
7538,L54717,L,300.1,311.3,1305,64.7,66,0,0,0,0,0,0,0,0.5156937,Moderado
7539,M22398,M,300.2,311.4,1450,38.5,68,0,0,0,0,0,0,0,2.6482496e-07,Baixo
7540,L54719,L,300.2,311.3,1487,36.9,71,0,0,0,0,0,0,0,1.9939594e-06,Baixo
7541,M22400,M,300.2,311.3,1587,31.2,73,0,0,0,0,0,0,0,1.2231527e-06,Baixo
7542,M22401,M,300.3,311.5,1528,40.9,76,0,0,0,0,0,0,0,3.875088e-07,Baixo
7543,M22402,M,300.4,311.6,1401,49.9,79,0,0,0,0,0,0,0,4.976342e-07,Baixo
7544,L54723,L,300.3,311.5,1446,45.0,82,0,0,0,0,0,0,0,2.8229583e-06,Baixo
7545,L54724,L,300.2,311.4,1425,44.2,84,0,0,0,0,0,0,0,5.078597e-07,Baixo
7546,L54725,L,300.2,311.4,1891,22.6,86,0,0,0,0,0,0,0,1.279544e-05,Baixo
7547,H36960,H,300.2,311.5,1454,42.8,88,0,0,0,0,0,0,0,3.422964e-07,Baixo
7548,L54727,L,300.1,311.4,1430,40.9,93,0,0,0,0,0,0,0,1.2467398e-06,Baixo
7549,L54728,L,300.2,311.4,1495,43.6,95,0,0,0,0,0,0,0,2.4480792e-07,Baixo
7550,L54729,L,300.3,311.4,1544,41.6,97,0,0,0,0,0,0,0,9.810078e-07,Baixo
7551,M22410,M,300.3,311.4,1554,34.3,99,0,0,0,0,0,0,0,1.411186e-05,Baixo
7552,M22411,M,300.2,311.3,1491,37.3,102,0,0,0,0,0,0,0,6.4314827e-06,Baixo
7553,L54732,L,300.3,311.3,1525,40.7,105,0,0,0,0,0,0,0,3.730366e-06,Baixo
7554,L54733,L,300.3,311.3,1505,39.6,107,0,0,0,0,0,0,0,2.9960665e-06,Baixo
7555,M22414,M,300.3,311.4,1371,50.2,109,0,0,0,0,0,0,0,4.5804713e-06,Baixo
7556,L54735,L,300.3,311.3,1332,60.5,112,0,0,0,0,0,0,0,6.218603e-05,Baixo
7557,L54736,L,300.3,311.4,1471,37.0,114,0,0,0,0,0,0,0,1.3747343e-06,Baixo
7558,M22417,M,300.4,311.5,1750,27.3,116,0,0,0,0,0,0,0,4.61681e-06,Baixo
7559,M22418,M,300.3,311.4,1386,48.1,119,0,0,0,0,0,0,0,2.767988e-06,Baixo
7560,M22419,M,300.4,311.4,1355,56.2,122,0,0,0,0,0,0,0,1.2241913e-05,Baixo
7561,M22420,M,300.3,311.3,1377,53.8,125,0,0,0,0,0,0,0,3.4992274e-05,Baixo
7562,L54741,L,300.3,311.1,1388,49.4,128,0,0,0,0,0,0,0,1.8897019e-06,Baixo
7563,M22422,M,300.3,311.1,1350,58.7,130,0,0,0,0,0,0,0,1.2932494e-05,Baixo
7564,M22423,M,300.4,311.2,1831,23.4,133,0,0,0,0,0,0,0,2.4698093e-05,Baixo
7565,M22424,M,300.3,311.2,1381,65.2,136,1,0,0,1,0,0,1,0.98149145,Crítico
7566,M22425,M,300.3,311.2,1783,25.6,139,0,0,0,0,0,0,0,1.1692323e-05,Baixo
7567,L54746,L,300.3,311.0,1613,34.7,142,0,0,0,0,0,0,0,1.0159915e-06,Baixo
7568,M22427,M,300.2,311.0,2370,14.7,144,0,0,0,0,0,0,0,0.0021919517,Baixo
7569,L54748,L,300.2,311.0,1627,33.7,147,0,0,0,0,0,0,0,1.76226e-07,Baixo
7570,L54749,L,300.2,311.0,1255,71.8,149,1,0,0,1,0,0,1,0.78146094,Alto
7571,H36984,H,300.2,311.0,1777,27.5,151,0,0,0,0,0,0,0,8.379003e-07,Baixo
7572,L54751,L,300.3,311.1,1606,30.9,156,0,0,0,0,0,0,0,3.8950056e-06,Baixo
7573,L54752,L,300.3,311.1,1676,28.6,158,0,0,0,0,0,0,0,1.0350831e-06,Baixo
7574,L54753,L,300.3,311.1,1605,37.1,160,0,0,0,0,0,0,0,3.847562e-07,Baixo
7575,L54754,L,300.4,311.1,1487,37.4,162,0,0,0,0,0,0,0,7.2910494e-05,Baixo
7576,L54755,L,300.4,311.2,1471,46.5,164,0,0,0,0,0,0,0,1.4239544e-05,Baixo
7577,M22436,M,300.3,311.1,1477,44.2,166,0,0,0,0,0,0,0,1.1402441e-06,Baixo
7578,L54757,L,300.4,311.2,1530,32.0,169,0,0,0,0,0,0,0,1.8031267e-06,Baixo
7579,L54758,L,300.4,311.2,1673,28.9,171,0,0,0,0,0,0,0,4.5780052e-05,Baixo
7580,L54759,L,300.4,311.2,1436,56.8,173,0,0,0,0,0,0,0,4.582832e-05,Baixo
7581,L54760,L,300.4,311.3,1495,51.2,175,0,0,0,0,0,0,0,6.6950656e-06,Baixo
7582,M22441,M,300.4,311.2,1366,56.1,177,0,0,0,0,0,0,0,0.00012857372,Baixo
7583,H36996,H,300.4,311.2,1489,45.3,180,0,0,0,0,0,0,0,1.4013042e-07,Baixo
7584,L54763,L,300.3,311.1,1480,46.6,185,0,0,0,0,0,0,0,1.5832361e-06,Baixo
7585,L54764,L,300.4,311.2,1472,37.3,187,0,0,0,0,0,0,0,6.299202e-05,Baixo
7586,L54765,L,300.4,311.1,1397,50.8,189,0,0,0,0,0,0,0,5.117827e-06,Baixo
7587,L54766,L,300.4,311.1,1589,35.5,191,0,0,0,0,0,0,0,6.6848193e-06,Baixo
7588,L54767,L,300.4,311.1,1405,54.1,193,0,0,0,0,0,0,0,8.132413e-05,Baixo
7589,L54768,L,300.4,311.1,2013,20.1,195,0,0,0,0,0,0,0,0.0005625112,Baixo
7590,L54769,L,300.4,311.0,1802,26.0,197,0,0,0,0,0,0,0,8.099266e-05,Baixo
7591,M22450,M,300.4,311.0,1433,46.1,199,0,0,0,0,0,0,0,0.00054574874,Baixo
7592,M22451,M,300.5,311.1,1296,61.3,202,1,0,0,0,1,0,1,0.7814908,Alto
7593,M22452,M,300.5,311.2,1551,36.6,205,0,0,0,0,0,0,0,0.036291074,Baixo
7594,L54773,L,300.5,311.2,1270,67.5,208,1,0,0,0,1,0,1,0.99999547,Crítico
7595,L54774,L,300.6,311.3,1531,38.5,0,0,0,0,0,0,0,0,4.240356e-06,Baixo
7596,H37009,H,300.5,311.2,1397,45.2,2,0,0,0,0,0,0,0,1.3157923e-07,Baixo
7597,L54776,L,300.5,311.1,1547,37.2,7,0,0,0,0,0,0,0,1.334291e-06,Baixo
7598,L54777,L,300.5,311.0,2074,18.9,9,0,0,0,0,0,0,0,1.4392576e-05,Baixo
7599,L54778,L,300.5,311.1,1491,42.6,11,0,0,0,0,0,0,0,1.3509052e-06,Baixo
7600,L54779,L,300.5,311.0,1759,28.3,13,0,0,0,0,0,0,0,5.3817206e-05,Baixo
7601,M22460,M,300.4,311.0,1595,35.4,15,0,0,0,0,0,0,0,1.5496461e-06,Baixo
7602,L54781,L,300.4,311.2,1351,62.0,18,0,0,0,0,0,0,0,0.0001055204,Baixo
7603,L54782,L,300.4,311.2,1705,28.7,20,0,0,0,0,0,0,0,2.6839853e-06,Baixo
7604,L54783,L,300.4,311.2,1406,43.6,22,0,0,0,0,0,0,0,3.8774203e-07,Baixo
7605,L54784,L,300.4,311.3,1639,34.6,24,0,0,0,0,0,0,0,9.99443e-06,Baixo
7606,H37019,H,300.4,311.3,2026,20.3,26,0,0,0,0,0,0,0,1.0819589e-06,Baixo
7607,M22466,M,300.4,311.3,1350,56.5,31,0,0,0,0,0,0,0,2.724669e-07,Baixo
7608,M22467,M,300.5,311.3,1468,41.1,34,0,0,0,0,0,0,0,2.0141858e-06,Baixo
7609,L54788,L,300.5,311.4,1642,27.1,37,0,0,0,0,0,0,0,1.4172359e-06,Baixo
7610,L54789,L,300.5,311.3,1490,41.8,39,0,0,0,0,0,0,0,3.6384688e-07,Baixo
7611,M22470,M,300.5,311.3,1507,43.4,41,0,0,0,0,0,0,0,2.1836324e-07,Baixo
7612,L54791,L,300.5,311.4,1611,32.7,44,0,0,0,0,0,0,0,4.651001e-07,Baixo
7613,M22472,M,300.5,311.4,1743,27.6,46,0,0,0,0,0,0,0,5.0399917e-06,Baixo
7614,L54793,L,300.5,311.3,1475,46.3,49,0,0,0,0,0,0,0,4.1847895e-07,Baixo
7615,L54794,L,300.5,311.4,1432,47.5,51,0,0,0,0,0,0,0,1.2208623e-07,Baixo
7616,L54795,L,300.5,311.4,1442,47.0,53,0,0,0,0,0,0,0,1.2476139e-06,Baixo
7617,M22476,M,300.6,311.4,1468,40.4,55,0,0,0,0,0,0,0,1.6639281e-07,Baixo
7618,L54797,L,300.5,311.4,1556,45.3,58,0,0,0,0,0,0,0,5.241478e-07,Baixo
7619,M22478,M,300.5,311.4,1312,51.4,60,0,0,0,0,0,0,0,6.6864055e-07,Baixo
7620,L54799,L,300.6,311.5,1459,47.0,63,0,0,0,0,0,0,0,3.1738211e-06,Baixo
7621,L54800,L,300.5,311.5,1651,36.9,65,0,0,0,0,0,0,0,5.740284e-07,Baixo
7622,L54801,L,300.5,311.5,1490,38.4,67,0,0,0,0,0,0,0,2.5885543e-06,Baixo
7623,M22482,M,300.6,311.6,1473,31.5,69,0,0,0,0,0,0,0,8.878524e-06,Baixo
7624,L54803,L,300.6,311.7,1734,29.9,72,0,0,0,0,0,0,0,2.3224798e-06,Baixo
7625,L54804,L,300.6,311.7,1507,45.5,74,0,0,0,0,0,0,0,2.658939e-07,Baixo
7626,L54805,L,300.6,311.7,1556,34.9,76,0,0,0,0,0,0,0,1.2056547e-06,Baixo
7627,H37040,H,300.5,311.6,1351,53.5,78,0,0,0,0,0,0,0,6.8223807e-07,Baixo
7628,L54807,L,300.5,311.7,1445,44.8,83,0,0,0,0,0,0,0,5.569712e-06,Baixo
7629,L54808,L,300.5,311.7,1619,32.7,85,0,0,0,0,0,0,0,5.0496624e-06,Baixo
7630,M22489,M,300.5,311.7,1269,64.0,87,0,0,0,0,0,0,0,0.0073870607,Baixo
7631,L54810,L,300.5,311.6,1534,37.7,90,0,0,0,0,0,0,0,2.9643286e-06,Baixo
7632,L54811,L,300.5,311.6,1444,49.3,92,0,0,0,0,0,0,0,6.6492516e-06,Baixo
7633,L54812,L,300.5,311.6,1744,26.8,94,0,0,0,0,0,0,0,2.816706e-06,Baixo
7634,L54813,L,300.4,311.5,1441,44.6,96,0,0,0,0,0,0,0,4.581612e-06,Baixo
7635,M22494,M,300.3,311.3,1506,40.7,98,0,0,0,0,0,0,0,7.3996266e-06,Baixo
7636,L54815,L,300.3,311.4,1526,38.5,101,0,0,0,0,0,0,0,4.4297553e-06,Baixo
7637,L54816,L,300.4,311.5,1704,29.7,103,0,0,0,0,0,0,0,2.3525697e-06,Baixo
7638,H37051,H,300.4,311.4,1445,52.4,105,0,0,0,0,0,0,0,8.532539e-07,Baixo
7639,L54818,L,300.5,311.5,1661,35.9,110,0,0,0,0,0,0,0,1.037539e-06,Baixo
7640,L54819,L,300.5,311.4,1466,41.8,112,0,0,0,0,0,0,0,1.4085571e-06,Baixo
7641,L54820,L,300.4,311.3,1608,35.1,114,0,0,0,0,0,0,0,6.800671e-07,Baixo
7642,M22501,M,300.4,311.4,1352,57.3,116,0,0,0,0,0,0,0,1.6734919e-05,Baixo
7643,M22502,M,300.4,311.4,1604,31.7,119,0,0,0,0,0,0,0,4.556696e-06,Baixo
7644,H37057,H,300.4,311.4,1427,50.7,122,0,0,0,0,0,0,0,2.4813554e-07,Baixo
7645,L54824,L,300.4,311.4,1424,44.6,127,0,0,0,0,0,0,0,3.2128122e-07,Baixo
7646,L54825,L,300.4,311.4,1662,29.3,129,0,0,0,0,0,0,0,1.0287915e-05,Baixo
7647,L54826,L,300.4,311.4,1936,23.9,131,0,0,0,0,0,0,0,0.00022161409,Baixo
7648,L54827,L,300.4,311.4,1728,31.7,133,0,0,0,0,0,0,0,6.258026e-07,Baixo
7649,L54828,L,300.4,311.4,1552,28.8,135,0,0,0,0,0,0,0,9.8558005e-05,Baixo
7650,H37063,H,300.4,311.5,1662,29.0,137,0,0,0,0,0,0,0,2.0227924e-06,Baixo
7651,L54830,L,300.3,311.4,1343,57.7,142,0,0,0,0,0,0,0,1.024045e-05,Baixo
7652,M22511,M,300.4,311.5,1476,32.6,144,0,0,0,0,0,0,0,8.886503e-06,Baixo
7653,L54832,L,300.3,311.4,1346,51.1,147,0,0,0,0,0,0,0,2.090626e-06,Baixo
7654,L54833,L,300.4,311.5,1492,44.6,149,0,0,0,0,0,0,0,2.7985683e-07,Baixo
7655,M22514,M,300.3,311.5,1540,41.5,151,0,0,0,0,0,0,0,2.1900441e-06,Baixo
7656,L54835,L,300.4,311.5,1596,32.5,154,0,0,0,0,0,0,0,4.209842e-06,Baixo
7657,L54836,L,300.5,311.6,1541,47.8,156,0,0,0,0,0,0,0,8.891682e-06,Baixo
7658,L54837,L,300.5,311.6,1661,30.0,158,0,0,0,0,0,0,0,1.2283523e-06,Baixo
7659,M22518,M,300.4,311.6,1359,55.4,160,0,0,0,0,0,0,0,9.9659155e-06,Baixo
7660,L54839,L,300.5,311.6,1528,42.4,163,0,0,0,0,0,0,0,1.14200006e-07,Baixo
7661,M22520,M,300.5,311.6,1246,52.9,165,0,0,0,0,0,0,0,6.631506e-07,Baixo
7662,L54841,L,300.5,311.6,1575,32.5,168,0,0,0,0,0,0,0,8.650375e-07,Baixo
7663,M22522,M,300.5,311.6,1658,30.4,170,0,0,0,0,0,0,0,1.0501904e-05,Baixo
7664,L54843,L,300.5,311.6,1385,54.8,173,0,0,0,0,0,0,0,1.3585093e-05,Baixo
7665,H37078,H,300.5,311.7,1454,50.3,175,0,0,0,0,0,0,0,2.6091624e-07,Baixo
7666,L54845,L,300.5,311.6,1497,40.5,180,0,0,0,0,0,0,0,4.7319045e-06,Baixo
7667,M22526,M,300.6,311.7,1424,50.8,182,0,0,0,0,0,0,0,8.2473923e-07,Baixo
7668,L54847,L,300.6,311.7,1528,43.9,185,0,0,0,0,0,0,0,6.61844e-07,Baixo
7669,L54848,L,300.6,311.8,1539,37.0,187,0,0,0,0,0,0,0,1.2658473e-05,Baixo
7670,L54849,L,300.7,311.8,1336,58.4,189,1,0,0,0,1,0,1,0.92546517,Crítico
7671,L54850,L,300.5,311.6,1525,37.6,191,0,0,0,0,0,0,0,5.7886224e-05,Baixo
7672,M22531,M,300.5,311.6,1456,51.1,193,0,0,0,0,0,0,0,1.8994243e-06,Baixo
7673,M22532,M,300.5,311.7,2141,17.2,196,0,0,0,0,0,0,0,4.7897665e-05,Baixo
7674,M22533,M,300.5,311.6,1476,39.1,199,0,0,0,0,0,0,0,2.1032682e-05,Baixo
7675,L54854,L,300.5,311.6,1509,47.2,202,0,0,0,0,0,0,0,2.5186791e-05,Baixo
7676,L54855,L,300.5,311.6,1447,45.4,204,0,0,0,0,0,0,0,0.0009097071,Baixo
7677,L54856,L,300.6,311.7,1448,49.1,206,0,0,0,0,0,0,0,0.00012480085,Baixo
7678,L54857,L,300.6,311.7,1428,52.6,208,0,0,0,0,0,0,0,0.9957872,Crítico
7679,M22538,M,300.6,311.7,1389,52.1,210,0,0,0,0,0,0,0,0.07035456,Baixo
7680,L54859,L,300.7,311.7,1635,32.4,213,0,0,0,0,0,0,0,0.0015143371,Baixo
7681,L54860,L,300.7,311.7,1395,43.7,215,0,0,0,0,0,0,0,0.02887376,Baixo
7682,L54861,L,300.7,311.8,1443,43.7,217,0,0,0,0,0,0,0,0.039996017,Baixo
7683,M22542,M,300.7,311.7,1412,49.1,219,0,0,0,0,0,0,0,0.002328601,Baixo
7684,L54863,L,300.7,311.7,1524,43.5,222,0,0,0,0,0,0,0,0.00017246266,Baixo
7685,M22544,M,300.7,311.8,1407,42.4,224,0,0,0,0,0,0,0,0.00030416495,Baixo
7686,L54865,L,300.8,311.7,1397,43.5,227,0,0,0,0,0,0,0,5.386768e-05,Baixo
7687,M22546,M,300.7,311.7,1504,36.9,229,0,0,0,0,0,0,0,0.11726457,Baixo
7688,M22547,M,300.7,311.7,2097,18.9,232,1,1,0,0,0,0,1,0.3904595,Moderado
7689,L54868,L,300.6,311.7,1553,39.8,0,0,0,0,0,0,0,0,7.1329973e-06,Baixo
7690,L54869,L,300.6,311.7,1432,39.2,2,0,0,0,0,0,0,0,5.242638e-07,Baixo
7691,M22550,M,300.5,311.6,1577,36.5,4,0,0,0,0,0,0,0,1.5131106e-06,Baixo
7692,M22551,M,300.5,311.5,1370,56.1,7,0,0,0,0,0,0,0,6.802482e-06,Baixo
7693,H37106,H,300.5,311.6,1506,36.2,10,0,0,0,0,0,0,0,1.8620502e-06,Baixo
7694,L54873,L,300.6,311.6,1964,21.4,15,0,0,0,0,0,0,0,1.4407723e-05,Baixo
7695,H37108,H,300.6,311.7,1500,36.7,17,0,0,0,0,0,0,0,1.8150902e-07,Baixo
7696,L54875,L,300.6,311.7,1488,47.7,22,0,0,0,0,0,0,0,6.461697e-07,Baixo
7697,H37110,H,300.6,311.5,1282,60.2,24,0,0,0,0,0,0,0,3.734819e-07,Baixo
7698,L54877,L,300.5,311.4,1400,45.1,29,0,0,0,0,0,0,0,4.464234e-06,Baixo
7699,L54878,L,300.6,311.5,1419,38.6,31,0,0,0,0,0,0,0,1.0140488e-06,Baixo
7700,M22559,M,300.7,311.5,1441,40.6,33,0,0,0,0,0,0,0,2.7663071e-07,Baixo
7701,M22560,M,300.7,311.6,1348,62.5,36,0,0,0,0,0,0,0,0.00062290725,Baixo
7702,H37115,H,300.8,311.7,1468,38.7,39,0,0,0,0,0,0,0,5.3391005e-07,Baixo
7703,M22562,M,300.7,311.7,1701,30.8,44,0,0,0,0,0,0,0,7.6225756e-06,Baixo
7704,H37117,H,300.7,311.7,1864,23.6,47,0,0,0,0,0,0,0,1.8242599e-07,Baixo
7705,M22564,M,300.6,311.6,1630,31.8,52,0,0,0,0,0,0,0,2.8854716e-08,Baixo
7706,L54885,L,300.5,311.5,1316,49.7,55,0,0,0,0,0,0,0,1.0084467e-05,Baixo
7707,L54886,L,300.5,311.5,1708,31.2,57,0,0,0,0,0,0,0,6.4456176e-06,Baixo
7708,H37121,H,300.5,311.4,1679,27.5,59,0,0,0,0,0,0,0,1.4735795e-07,Baixo
7709,L54888,L,300.5,311.4,1709,32.3,64,0,0,0,0,0,0,0,3.4477462e-06,Baixo
7710,L54889,L,300.5,311.4,1445,41.5,66,0,0,0,0,0,0,0,1.209258e-05,Baixo
7711,M22570,M,300.5,311.4,1390,51.9,68,0,0,0,0,0,0,0,9.999301e-07,Baixo
7712,L54891,L,300.4,311.4,1309,55.5,71,0,0,0,0,0,0,0,7.970095e-06,Baixo
7713,L54892,L,300.5,311.5,1499,37.6,73,0,0,0,0,0,0,0,5.320286e-06,Baixo
7714,M22573,M,300.5,311.4,2072,18.8,75,0,0,0,0,0,0,0,0.00035865183,Baixo
7715,L54894,L,300.5,311.5,1487,43.0,78,0,0,0,0,0,0,0,5.13024e-07,Baixo
7716,L54895,L,300.5,311.5,1302,49.6,80,0,0,0,0,0,0,0,2.165531e-06,Baixo
7717,M22576,M,300.5,311.5,1378,48.2,82,0,0,0,0,0,0,0,4.187706e-06,Baixo
7718,L54897,L,300.5,311.6,1365,53.0,85,0,0,0,0,0,0,0,8.179514e-05,Baixo
7719,H37132,H,300.6,311.7,1427,44.6,87,0,0,0,0,0,0,0,5.2543648e-08,Baixo
7720,H37133,H,300.6,311.7,1535,33.3,92,0,0,0,0,0,0,0,1.9617678e-06,Baixo
7721,H37134,H,300.5,311.6,1476,41.7,97,0,0,0,0,0,0,0,1.5250494e-07,Baixo
7722,L54901,L,300.5,311.6,1425,42.4,102,0,0,0,0,0,0,0,5.3170527e-07,Baixo
7723,L54902,L,300.5,311.7,1409,54.7,104,0,0,0,0,0,0,0,4.5021048e-07,Baixo
7724,L54903,L,300.5,311.6,1730,30.2,106,0,0,0,0,0,0,0,2.1493412e-05,Baixo
7725,M22584,M,300.5,311.6,1454,41.4,108,0,0,0,0,0,0,0,8.4786865e-07,Baixo
7726,L54905,L,300.6,311.7,1744,26.9,111,0,0,0,0,0,0,0,6.10027e-07,Baixo
7727,M22586,M,300.8,311.9,1761,29.0,113,0,0,0,0,0,0,0,5.505341e-07,Baixo
7728,M22587,M,300.7,311.9,1657,30.9,116,0,0,0,0,0,0,0,6.720885e-05,Baixo
7729,L54908,L,300.7,311.8,1420,47.0,119,0,0,0,0,0,0,0,5.384923e-07,Baixo
7730,H37143,H,300.7,311.9,1329,59.2,121,0,0,0,0,0,0,0,0.00017808373,Baixo
7731,L54910,L,300.6,311.9,1472,44.2,126,0,0,0,0,0,0,0,8.3424294e-07,Baixo
7732,L54911,L,300.6,312.0,1566,30.1,128,0,0,0,0,0,0,0,4.5817037e-06,Baixo
7733,L54912,L,300.6,312.0,1430,42.7,130,0,0,0,0,0,0,0,3.5266854e-08,Baixo
7734,L54913,L,300.6,312.0,1481,40.9,132,0,0,0,0,0,0,0,2.3057405e-06,Baixo
7735,L54914,L,300.6,312.0,1670,29.4,134,0,0,0,0,0,0,0,3.6024953e-06,Baixo
7736,L54915,L,300.6,312.0,1406,55.1,136,0,0,0,0,0,0,0,7.6626753e-07,Baixo
7737,H37150,H,300.6,312.1,1354,46.9,138,0,0,0,0,0,0,0,3.054896e-06,Baixo
7738,M22597,M,300.5,312.0,1985,19.3,143,0,0,0,0,0,0,0,9.710698e-05,Baixo
7739,M22598,M,300.5,312.0,1263,60.8,146,0,0,0,0,0,0,0,2.9667483e-05,Baixo
7740,L54919,L,300.5,311.9,1576,31.1,149,0,0,0,0,0,0,0,3.9789247e-06,Baixo
7741,L54920,L,300.5,312.0,1453,45.1,151,0,0,0,0,0,0,0,3.859789e-07,Baixo
7742,L54921,L,300.5,312.0,1478,39.0,153,0,0,0,0,0,0,0,1.4152316e-06,Baixo
7743,M22602,M,300.5,311.9,1323,57.9,155,0,0,0,0,0,0,0,0.0003646547,Baixo
7744,L54923,L,300.5,311.9,1710,28.4,158,0,0,0,0,0,0,0,2.4432961e-06,Baixo
7745,L54924,L,300.4,311.7,1314,59.5,160,0,0,0,0,0,0,0,1.5470561e-05,Baixo
7746,L54925,L,300.4,311.7,1460,39.6,162,0,0,0,0,0,0,0,1.667822e-06,Baixo
7747,M22606,M,300.4,311.7,1508,45.4,164,0,0,0,0,0,0,0,7.020289e-07,Baixo
7748,M22607,M,300.5,311.8,1331,55.3,167,0,0,0,0,0,0,0,2.2360348e-06,Baixo
7749,L54928,L,300.4,311.7,1515,47.4,170,0,0,0,0,0,0,0,1.147528e-06,Baixo
7750,L54929,L,300.4,311.6,1674,33.0,172,0,0,0,0,0,0,0,1.6366072e-06,Baixo
7751,L54930,L,300.4,311.7,1444,51.2,174,0,0,0,0,0,0,0,2.8772445e-06,Baixo
7752,M22611,M,300.4,311.7,1398,42.6,176,0,0,0,0,0,0,0,1.0677956e-06,Baixo
7753,M22612,M,300.4,311.7,1832,24.2,179,0,0,0,0,0,0,0,6.7681445e-05,Baixo
7754,M22613,M,300.5,311.8,1591,42.0,182,0,0,0,0,0,0,0,1.5535823e-06,Baixo
7755,M22614,M,300.4,311.7,1478,39.9,185,0,0,0,0,0,0,0,6.3820386e-07,Baixo
7756,M22615,M,300.4,311.8,1362,47.6,188,0,0,0,0,0,0,0,8.059342e-05,Baixo
7757,L54936,L,300.5,311.8,1368,57.9,191,1,0,0,0,1,0,1,0.99799025,Crítico
7758,M22617,M,300.3,311.7,1723,28.3,193,0,0,0,0,0,0,0,9.616356e-05,Baixo
7759,L54938,L,300.4,311.8,1689,30.8,196,0,0,0,0,0,0,0,1.0929187e-05,Baixo
7760,L54939,L,300.4,311.8,1272,59.2,198,1,0,0,0,1,0,1,0.9825582,Crítico
7761,M22620,M,300.4,311.7,1511,33.0,200,0,0,0,0,0,0,0,0.00021498732,Baixo
7762,H37175,H,300.4,311.6,1715,30.8,203,0,0,0,0,0,0,0,0.0038342532,Baixo
7763,M22622,M,300.3,311.5,1400,43.8,0,0,0,0,0,0,0,0,1.2434862e-06,Baixo
7764,L54943,L,300.4,311.6,1200,76.6,3,1,0,0,1,0,0,1,0.04468312,Baixo
7765,M22624,M,300.4,311.7,1555,38.7,5,0,0,0,0,0,0,0,9.64093e-06,Baixo
7766,H37179,H,300.3,311.6,1427,56.2,8,0,0,0,0,0,0,0,1.462183e-05,Baixo
7767,L54946,L,300.3,311.4,1318,52.7,13,0,0,0,0,0,0,0,2.857074e-07,Baixo
7768,H37181,H,300.2,311.4,1319,54.6,15,0,0,0,0,0,0,0,9.8688986e-08,Baixo
7769,M22628,M,300.2,311.4,1960,20.9,20,0,0,0,0,0,0,0,1.1605317e-05,Baixo
7770,L54949,L,300.3,311.5,1552,38.9,23,0,0,0,0,0,0,0,3.3510014e-06,Baixo
7771,L54950,L,300.3,311.5,1548,32.2,25,0,0,0,0,0,0,0,1.4134029e-05,Baixo
7772,L54951,L,300.3,311.6,1709,29.5,27,0,0,0,0,0,0,0,3.1065922e-06,Baixo
7773,H37186,H,300.3,311.5,1464,41.0,29,0,0,0,0,0,0,0,4.26384e-08,Baixo
7774,L54953,L,300.3,311.4,1759,24.8,34,0,0,0,0,0,0,0,1.806851e-05,Baixo
7775,L54954,L,300.3,311.5,1634,31.9,36,0,0,0,0,0,0,0,6.00033e-07,Baixo
7776,L54955,L,300.3,311.5,1663,33.6,38,0,0,0,0,0,0,0,7.028959e-08,Baixo
7777,M22636,M,300.3,311.5,1445,47.3,40,0,0,0,0,0,0,0,1.1470607e-06,Baixo
7778,L54957,L,300.3,311.5,1695,25.6,43,0,0,0,0,0,0,0,3.4039593e-07,Baixo
7779,L54958,L,300.4,311.6,1517,39.0,45,0,0,0,0,0,0,0,1.2626599e-06,Baixo
7780,L54959,L,300.5,311.7,1811,26.8,47,0,0,0,0,0,0,0,1.0565295e-06,Baixo
7781,L54960,L,300.4,311.6,1815,23.5,49,0,0,0,0,0,0,0,8.484049e-07,Baixo
7782,L54961,L,300.4,311.7,1513,40.0,51,0,0,0,0,0,0,0,1.0015574e-06,Baixo
7783,M22642,M,300.4,311.6,1518,36.4,53,0,0,0,0,0,0,0,3.006996e-07,Baixo
7784,L54963,L,300.3,311.5,1667,28.8,56,0,0,0,0,0,0,0,1.394318e-06,Baixo
7785,L54964,L,300.3,311.5,1403,60.1,58,0,0,0,0,0,0,0,0.055477634,Baixo
7786,L54965,L,300.2,311.5,1383,42.1,60,0,0,0,0,0,0,0,7.427777e-07,Baixo
7787,L54966,L,300.3,311.5,1466,46.2,62,0,0,0,0,0,0,0,4.442498e-06,Baixo
7788,L54967,L,300.3,311.5,1378,47.5,64,0,0,0,0,0,0,0,5.6923385e-05,Baixo
7789,M22648,M,300.2,311.5,1547,40.9,66,0,0,0,0,0,0,0,2.7779845e-07,Baixo
7790,L54969,L,300.2,311.5,1495,38.5,69,0,0,0,0,0,0,0,1.482146e-06,Baixo
7791,L54970,L,300.1,311.4,1729,29.3,71,0,0,0,0,0,0,0,9.2774974e-07,Baixo
7792,L54971,L,300.1,311.4,1418,47.7,73,0,0,0,0,0,0,0,6.357175e-07,Baixo
7793,H37206,H,300.1,311.4,1485,40.4,75,0,0,0,0,0,0,0,4.0571386e-08,Baixo
7794,L54973,L,300.1,311.5,1434,40.8,80,0,0,0,0,0,0,0,2.2060667e-07,Baixo
7795,M22654,M,300.2,311.6,1415,55.8,82,0,0,0,0,0,0,0,4.4650886e-07,Baixo
7796,H37209,H,300.1,311.6,1674,29.6,85,0,0,0,0,0,0,0,3.2583266e-06,Baixo
7797,L54976,L,300.1,311.5,1454,52.4,90,0,0,0,0,0,0,0,1.167267e-05,Baixo
7798,L54977,L,300.0,311.4,1476,39.0,92,0,0,0,0,0,0,0,3.2247362e-06,Baixo
7799,L54978,L,300.0,311.5,1812,28.3,94,0,0,0,0,0,0,0,2.0575018e-05,Baixo
7800,L54979,L,300.0,311.4,1374,41.9,96,0,0,0,0,0,0,0,1.0433642e-05,Baixo
7801,M22660,M,300.1,311.4,1524,40.6,98,0,0,0,0,0,0,0,2.4813887e-06,Baixo
7802,L54981,L,300.0,311.4,1383,49.6,101,0,0,0,0,0,0,0,2.004591e-06,Baixo
7803,L54982,L,299.9,311.3,1429,58.2,103,0,0,0,0,0,0,0,0.0005805668,Baixo
7804,M22663,M,299.8,311.3,1517,41.2,105,0,0,0,0,0,0,0,1.5676212e-06,Baixo
7805,M22664,M,299.9,311.4,1480,44.9,108,0,0,0,0,0,0,0,4.5855273e-07,Baixo
7806,L54985,L,299.9,311.4,1706,28.8,111,0,0,0,0,0,0,0,2.3875646e-05,Baixo
7807,L54986,L,300.0,311.5,1349,48.6,113,0,0,0,0,0,0,0,9.0739995e-06,Baixo
7808,M22667,M,300.0,311.5,1451,49.0,115,0,0,0,0,0,0,0,6.427231e-07,Baixo
7809,L54988,L,299.9,311.4,1627,36.7,118,0,0,0,0,0,0,0,2.0681867e-07,Baixo
7810,M22669,M,300.0,311.4,1537,35.4,120,0,0,0,0,0,0,0,6.7375305e-07,Baixo
7811,L54990,L,300.1,311.5,2218,17.0,123,0,0,0,0,0,0,0,1.597853e-05,Baixo
7812,M22671,M,300.0,311.4,1466,39.0,125,0,0,0,0,0,0,0,3.999331e-06,Baixo
7813,L54992,L,300.0,311.5,1666,32.0,128,0,0,0,0,0,0,0,2.0471086e-06,Baixo
7814,L54993,L,300.0,311.5,1455,41.7,130,0,0,0,0,0,0,0,6.630393e-07,Baixo
7815,L54994,L,300.0,311.4,1927,24.6,132,0,0,0,0,0,0,0,0.00027951403,Baixo
7816,M22675,M,299.9,311.3,1703,28.4,134,0,0,0,0,0,0,0,1.5303149e-05,Baixo
7817,L54996,L,299.8,311.2,1533,35.9,137,0,0,0,0,0,0,0,9.990333e-06,Baixo
7818,H37231,H,299.8,311.3,1785,25.4,139,0,0,0,0,0,0,0,1.7823814e-06,Baixo
7819,L54998,L,299.8,311.2,2142,16.6,144,0,0,0,0,0,0,0,5.540676e-05,Baixo
7820,L54999,L,299.8,311.2,1369,46.2,146,0,0,0,0,0,0,0,5.4417746e-06,Baixo
7821,M22680,M,299.8,311.2,1706,29.2,148,0,0,0,0,0,0,0,9.92073e-07,Baixo
7822,L55001,L,299.9,311.3,1802,24.4,151,0,0,0,0,0,0,0,7.586631e-07,Baixo
7823,H37236,H,299.9,311.3,1413,41.8,153,0,0,0,0,0,0,0,3.4759591e-07,Baixo
7824,L55003,L,300.0,311.3,1484,53.2,158,0,0,0,0,0,0,0,3.952094e-05,Baixo
7825,L55004,L,299.9,311.3,1535,38.1,160,0,0,0,0,0,0,0,1.2577297e-05,Baixo
7826,M22685,M,299.9,311.2,1579,35.5,162,0,0,0,0,0,0,0,7.524821e-07,Baixo
7827,L55006,L,299.8,311.1,1300,64.2,165,0,0,0,0,0,0,0,0.854303,Crítico
7828,M22687,M,299.8,311.1,1452,44.3,167,0,0,0,0,0,0,0,1.1259951e-05,Baixo
7829,M22688,M,299.8,311.1,1562,35.7,170,0,0,0,0,0,0,0,7.445766e-06,Baixo
7830,L55009,L,299.8,311.2,1664,28.3,173,0,0,0,0,0,0,0,2.5883148e-05,Baixo
7831,H37244,H,299.9,311.2,1495,35.8,175,0,0,0,0,0,0,0,3.6292056e-07,Baixo
7832,M22691,M,300.0,311.4,1533,42.6,180,0,0,0,0,0,0,0,5.1349787e-07,Baixo
7833,L55012,L,300.0,311.4,1484,37.0,183,0,0,0,0,0,0,0,5.651355e-06,Baixo
7834,L55013,L,300.0,311.4,1604,38.7,185,0,0,0,0,0,0,0,4.5486504e-06,Baixo
7835,L55014,L,300.0,311.4,1483,45.6,187,0,0,0,0,0,0,0,6.4455567e-06,Baixo
7836,L55015,L,300.1,311.5,1549,34.7,189,0,0,0,0,0,0,0,3.1985044e-05,Baixo
7837,L55016,L,300.1,311.4,1604,35.0,191,0,0,0,0,0,0,0,1.3453024e-06,Baixo
7838,L55017,L,300.2,311.5,1685,31.0,193,0,0,0,0,0,0,0,3.084838e-05,Baixo
7839,L55018,L,300.2,311.6,1372,49.2,195,0,0,0,0,0,0,0,4.8797297e-05,Baixo
7840,L55019,L,300.3,311.6,1374,47.4,197,0,0,0,0,0,0,0,0.0001821261,Baixo
7841,L55020,L,300.2,311.6,1606,31.0,199,0,0,0,0,0,0,0,8.1094826e-05,Baixo
7842,L55021,L,300.1,311.5,1471,47.2,201,0,0,0,0,0,0,0,9.654179e-06,Baixo
7843,L55022,L,300.1,311.5,1659,31.1,203,0,0,0,0,0,0,0,0.00011653,Baixo
7844,M22703,M,300.1,311.7,1400,48.5,205,0,0,0,0,0,0,0,1.9342664e-05,Baixo
7845,L55024,L,300.1,311.7,1503,42.6,208,0,0,0,0,0,0,0,0.0006397177,Baixo
7846,L55025,L,300.2,311.8,1798,23.2,210,0,0,0,0,0,0,0,0.0027221618,Baixo
7847,M22706,M,300.2,311.6,1608,35.0,212,0,0,0,0,0,0,0,0.00011396068,Baixo
7848,L55027,L,300.2,311.6,1322,50.9,215,0,0,0,0,0,0,0,0.013440029,Baixo
7849,H37262,H,300.2,311.6,1547,37.7,217,0,0,0,0,0,0,0,0.73544776,Alto
7850,M22709,M,300.3,311.7,1374,47.9,222,1,1,0,0,0,0,1,0.0018713119,Baixo
7851,M22710,M,300.3,311.7,1447,36.8,0,0,0,0,0,0,0,0,2.9376885e-08,Baixo
7852,L55031,L,300.4,311.7,1373,47.2,3,0,0,0,0,0,0,0,5.2451464e-06,Baixo
7853,L55032,L,300.3,311.7,1515,37.5,5,0,0,0,0,0,0,0,1.2552601e-05,Baixo
7854,L55033,L,300.3,311.7,1317,56.5,7,0,0,0,0,0,0,0,8.9108494e-07,Baixo
7855,L55034,L,300.3,311.8,1551,37.2,9,0,0,0,0,0,0,0,2.6528653e-06,Baixo
7856,M22715,M,300.3,311.8,1592,32.1,11,0,0,0,0,0,0,0,2.7005897e-05,Baixo
7857,L55036,L,300.4,311.8,1433,42.2,14,0,0,0,0,0,0,0,2.591538e-06,Baixo
7858,L55037,L,300.5,311.9,1432,43.1,16,0,0,0,0,0,0,0,1.1481651e-06,Baixo
7859,L55038,L,300.5,311.9,1350,51.7,18,0,0,0,0,0,0,0,1.6590318e-06,Baixo
7860,M22719,M,300.5,311.9,1370,44.8,20,0,0,0,0,0,0,0,5.2916687e-07,Baixo
7861,L55040,L,300.5,312.0,1415,44.6,23,0,0,0,0,0,0,0,5.1472216e-07,Baixo
7862,L55041,L,300.5,312.0,1498,42.9,25,0,0,0,0,0,0,0,5.647437e-07,Baixo
7863,M22722,M,300.5,312.0,1382,54.1,27,0,0,0,0,0,0,0,7.888691e-06,Baixo
7864,M22723,M,300.5,311.9,1511,44.5,30,0,0,0,0,0,0,0,1.006813e-06,Baixo
7865,L55044,L,300.5,311.9,1330,59.5,33,0,0,0,0,0,0,0,9.712615e-05,Baixo
7866,L55045,L,300.5,311.9,1383,50.5,35,0,0,0,0,0,0,0,4.7408525e-06,Baixo
7867,L55046,L,300.5,311.9,1431,49.4,37,0,0,0,0,0,0,0,1.2031255e-06,Baixo
7868,L55047,L,300.5,312.0,1461,38.1,39,0,0,0,0,0,0,0,1.9212595e-05,Baixo
7870,M22729,M,300.5,312.0,1779,27.7,46,0,0,0,0,0,0,0,1.3914594e-06,Baixo
7871,M22730,M,300.6,312.1,1293,52.3,49,0,0,0,0,0,0,0,7.043762e-08,Baixo
7872,L55051,L,300.6,312.2,1308,54.7,52,0,0,0,0,0,0,0,5.274191e-07,Baixo
7873,L55052,L,300.6,312.3,1532,37.2,54,0,0,0,0,0,0,0,2.8685736e-07,Baixo
7874,L55053,L,300.7,312.4,1470,38.6,56,0,0,0,0,0,0,0,3.4149048e-06,Baixo
7875,L55054,L,300.7,312.3,1548,37.9,58,0,0,0,0,0,0,0,4.853889e-06,Baixo
7876,L55055,L,300.7,312.3,1898,24.0,60,0,0,0,0,0,0,0,5.029486e-06,Baixo
7877,H37290,H,300.7,312.2,1335,49.0,62,0,0,0,0,0,0,0,1.8529203e-06,Baixo
7878,L55057,L,300.7,312.3,1420,53.8,67,0,0,0,0,0,0,0,1.9071807e-07,Baixo
7879,L55058,L,300.7,312.3,1418,49.0,69,0,0,0,0,0,0,0,1.2026753e-07,Baixo
7880,M22739,M,300.8,312.3,1535,40.3,71,0,0,0,0,0,0,0,1.0466133e-06,Baixo
7881,H37294,H,300.7,312.4,1457,47.2,74,0,0,0,0,0,0,0,2.957343e-08,Baixo
7882,L55061,L,300.8,312.4,1493,39.1,79,0,0,0,0,0,0,0,5.1071784e-06,Baixo
7883,H37296,H,300.7,312.3,1670,27.3,81,0,0,0,0,0,0,0,1.3314485e-07,Baixo
7884,H37297,H,300.7,312.3,1446,45.4,86,0,0,0,0,0,0,0,1.4576013e-06,Baixo
7885,L55064,L,300.8,312.4,1465,59.1,91,1,0,0,1,0,0,1,0.04180962,Baixo
7886,L55065,L,300.7,312.3,1590,36.3,93,0,0,0,0,0,0,0,5.6800404e-06,Baixo
7887,M22746,M,300.6,312.2,2174,18.5,95,0,0,0,0,0,0,0,0.0008654382,Baixo
7888,L55067,L,300.7,312.4,1590,37.9,98,0,0,0,0,0,0,0,1.2140185e-05,Baixo
7889,L55068,L,300.7,312.3,1577,33.2,100,0,0,0,0,0,0,0,6.80075e-06,Baixo
7890,M22749,M,300.7,312.4,1371,61.7,102,0,0,0,0,0,0,0,0.010762588,Baixo
7891,L55070,L,300.8,312.4,1767,25.6,105,0,0,0,0,0,0,0,1.5137775e-06,Baixo
7892,L55071,L,300.8,312.5,1517,39.2,107,0,0,0,0,0,0,0,2.5837792e-06,Baixo
7893,M22752,M,300.9,312.6,1555,40.6,109,0,0,0,0,0,0,0,4.277858e-06,Baixo
7894,L55073,L,300.9,312.7,1416,43.8,112,0,0,0,0,0,0,0,2.8171604e-07,Baixo
7895,M22754,M,300.8,312.6,1588,35.6,114,0,0,0,0,0,0,0,1.0247924e-06,Baixo
7896,L55075,L,300.8,312.6,1422,50.0,117,0,0,0,0,0,0,0,7.7005643e-07,Baixo
7897,L55076,L,300.8,312.6,1376,53.6,119,0,0,0,0,0,0,0,4.956775e-06,Baixo
7898,L55077,L,300.8,312.5,1434,50.7,121,0,0,0,0,0,0,0,1.6460474e-06,Baixo
7899,L55078,L,300.8,312.5,1423,47.3,123,0,0,0,0,0,0,0,1.2513134e-07,Baixo
7900,L55079,L,300.9,312.4,1364,52.5,125,0,0,0,0,0,0,0,4.627111e-06,Baixo
7901,L55080,L,300.8,312.4,1825,23.8,127,0,0,0,0,0,0,0,2.5184204e-06,Baixo
7902,L55081,L,300.8,312.4,1365,44.5,129,0,0,0,0,0,0,0,1.1243619e-05,Baixo
7903,M22762,M,300.7,312.3,1430,47.2,131,0,0,0,0,0,0,0,1.5021074e-07,Baixo
7904,L55083,L,300.8,312.3,1435,44.8,134,0,0,0,0,0,0,0,2.3650334e-07,Baixo
7905,M22764,M,300.8,312.4,1811,25.1,136,0,0,0,0,0,0,0,1.8628228e-06,Baixo
7906,M22765,M,300.8,312.4,1465,43.7,139,0,0,0,0,0,0,0,1.3576597e-07,Baixo
7907,L55086,L,300.9,312.4,1372,51.0,142,0,0,0,0,0,0,0,5.549893e-05,Baixo
7908,L55087,L,300.8,312.3,1858,26.3,144,0,0,0,0,0,0,0,2.2216364e-06,Baixo
7909,L55088,L,300.7,312.3,1715,26.8,146,0,0,0,0,0,0,0,2.1251623e-07,Baixo
7910,L55089,L,300.7,312.2,1590,38.5,148,0,0,0,0,0,0,0,3.056665e-06,Baixo
7911,M22770,M,300.8,312.2,1664,25.7,150,0,0,0,0,0,0,0,2.448624e-06,Baixo
7912,L55091,L,300.7,312.1,1512,36.9,153,0,0,0,0,0,0,0,2.4450442e-06,Baixo
7913,L55092,L,300.7,312.1,1498,44.0,155,0,0,0,0,0,0,0,7.2268256e-07,Baixo
7914,L55093,L,300.7,312.1,1395,41.9,157,0,0,0,0,0,0,0,3.0186413e-07,Baixo
7915,H37328,H,300.7,312.1,1490,43.1,159,0,0,0,0,0,0,0,9.752602e-08,Baixo
7916,H37329,H,300.8,312.1,1527,35.1,164,0,0,0,0,0,0,0,6.9414654e-07,Baixo
7917,L55096,L,300.8,312.1,1512,37.1,169,0,0,0,0,0,0,0,1.0570213e-06,Baixo
7918,L55097,L,300.9,312.1,1474,42.4,171,0,0,0,0,0,0,0,2.5929444e-07,Baixo
7919,L55098,L,300.8,312.1,1505,41.3,173,0,0,0,0,0,0,0,2.3634807e-06,Baixo
7920,L55099,L,300.8,312.0,1496,40.0,175,0,0,0,0,0,0,0,4.382195e-06,Baixo
7921,L55100,L,300.8,312.0,1382,49.3,177,0,0,0,0,0,0,0,1.210475e-06,Baixo
7922,L55101,L,300.7,311.9,1419,47.7,179,0,0,0,0,0,0,0,5.6225826e-07,Baixo
7923,L55102,L,300.7,311.9,1462,39.7,181,0,0,0,0,0,0,0,1.9238338e-05,Baixo
7924,M22783,M,300.8,312.0,1450,45.0,183,0,0,0,0,0,0,0,1.059404e-06,Baixo
7925,H37338,H,300.7,311.9,1389,46.5,186,0,0,0,0,0,0,0,3.549412e-05,Baixo
7926,M22785,M,300.7,311.9,1697,28.2,191,0,0,0,0,0,0,0,0.000200867,Baixo
7927,L55106,L,300.7,311.9,1335,57.1,194,1,0,0,0,1,0,1,0.9980457,Crítico
7928,L55107,L,300.7,311.9,1476,42.0,196,0,0,0,0,0,0,0,5.7198636e-06,Baixo
7929,L55108,L,300.6,311.7,1497,43.6,198,0,0,0,0,0,0,0,2.3939554e-06,Baixo
7930,M22789,M,300.6,311.6,1669,29.2,200,0,0,0,0,0,0,0,5.3530723e-05,Baixo
7931,L55110,L,300.6,311.6,1455,48.0,203,0,0,0,0,0,0,0,0.0015186094,Baixo
7932,L55111,L,300.7,311.7,1499,38.4,205,0,0,0,0,0,0,0,0.0006191667,Baixo
7933,L55112,L,300.7,311.8,1478,41.9,207,0,0,0,0,0,0,0,0.0095827505,Baixo
7934,L55113,L,300.8,311.8,1928,21.8,209,0,0,0,0,0,0,0,0.008500706,Baixo
7935,M22794,M,300.8,311.9,1621,28.3,211,0,0,0,0,0,0,0,0.037535053,Baixo
7936,M22795,M,300.8,311.9,1356,44.3,214,0,0,0,0,0,0,0,0.030991321,Baixo
7937,L55116,L,300.8,311.7,1490,46.4,217,0,0,0,0,0,0,0,0.09623464,Baixo
7938,L55117,L,300.8,311.7,1578,31.4,219,0,0,0,0,0,0,0,0.01754488,Baixo
7939,L55118,L,300.8,311.7,1681,31.3,221,0,0,0,0,0,0,0,0.0046274355,Baixo
7940,L55119,L,300.8,311.8,1417,43.4,223,0,0,0,0,0,0,0,0.0006016045,Baixo
7941,M22800,M,300.7,311.7,1532,40.0,0,0,0,0,0,0,0,0,5.6108036e-07,Baixo
7942,M22801,M,300.7,311.7,1499,38.9,3,0,0,0,0,0,0,0,1.3170842e-07,Baixo
7943,L55122,L,300.8,311.7,1432,45.8,6,0,0,0,0,0,0,0,4.20764e-07,Baixo
7944,L55123,L,300.8,311.7,1753,29.0,8,0,0,0,0,0,0,0,1.11028875e-07,Baixo
7945,L55124,L,300.8,311.7,1414,49.0,10,0,0,0,0,0,0,0,9.837041e-07,Baixo
7946,L55125,L,300.8,311.7,1655,32.2,12,0,0,0,0,0,0,0,1.6965663e-06,Baixo
7947,L55126,L,300.8,311.6,1516,35.6,14,0,0,0,0,0,0,0,5.269502e-05,Baixo
7948,L55127,L,300.8,311.7,1426,45.5,16,0,0,0,0,0,0,0,3.763117e-07,Baixo
7949,L55128,L,300.8,311.7,1479,39.4,18,0,0,0,0,0,0,0,6.0201506e-07,Baixo
7950,M22809,M,300.7,311.5,1569,36.4,20,0,0,0,0,0,0,0,2.6888353e-07,Baixo
7951,L55130,L,300.8,311.6,1568,36.0,23,0,0,0,0,0,0,0,3.5442358e-07,Baixo
7952,M22811,M,300.9,311.8,1843,24.5,25,0,0,0,0,0,0,0,2.6504806e-06,Baixo
7953,M22812,M,300.9,311.9,1480,40.9,28,0,0,0,0,0,0,0,6.084751e-07,Baixo
7954,L55133,L,301.0,312.0,1447,36.8,31,0,0,0,0,0,0,0,6.0912407e-06,Baixo
7955,L55134,L,301.0,311.9,1454,41.9,33,0,0,0,0,0,0,0,4.3829014e-06,Baixo
7956,M22815,M,300.9,311.9,1310,56.1,35,0,0,0,0,0,0,0,1.4503698e-05,Baixo
7957,H37370,H,300.9,311.9,1513,38.0,38,0,0,0,0,0,0,0,6.7536257e-07,Baixo
7958,H37371,H,300.9,311.9,2140,16.5,43,0,0,0,0,0,0,0,5.5711394e-07,Baixo
7959,L55138,L,301.0,312.1,1377,49.9,48,0,0,0,0,0,0,0,1.8202556e-06,Baixo
7960,L55139,L,301.0,312.1,1585,32.3,50,0,0,0,0,0,0,0,7.584448e-08,Baixo
7961,H37374,H,301.1,312.2,1491,42.6,52,0,0,0,0,0,0,0,6.2720254e-08,Baixo
7962,L55141,L,301.0,312.2,1264,59.0,57,0,0,0,0,0,0,0,1.6338487e-05,Baixo
7963,L55142,L,301.0,312.2,1372,47.0,59,0,0,0,0,0,0,0,1.3867253e-05,Baixo
7964,L55143,L,301.0,312.2,1510,39.9,61,0,0,0,0,0,0,0,6.5655786e-06,Baixo
7965,L55144,L,300.9,312.1,1423,40.2,63,0,0,0,0,0,0,0,2.2519257e-07,Baixo
7966,L55145,L,301.1,312.3,1464,35.3,65,0,0,0,0,0,0,0,7.662254e-06,Baixo
7967,L55146,L,301.0,312.2,1602,35.9,67,0,0,0,0,0,0,0,3.2539172e-06,Baixo
7968,M22827,M,301.0,312.2,1629,32.6,69,0,0,0,0,0,0,0,9.931334e-06,Baixo
7969,L55148,L,300.9,312.2,1811,23.2,72,0,0,0,0,0,0,0,1.8874938e-06,Baixo
7970,L55149,L,300.9,312.1,1711,28.8,74,0,0,0,0,0,0,0,8.157069e-06,Baixo
7971,M22830,M,300.9,312.1,1297,48.6,76,0,0,0,0,0,0,0,7.240602e-07,Baixo
7972,L55151,L,301.0,312.1,1405,46.1,79,0,0,0,0,0,0,0,7.5940534e-06,Baixo
7973,L55152,L,301.1,312.2,1397,54.9,81,0,0,0,0,0,0,0,5.6906297e-06,Baixo
7974,L55153,L,301.1,312.3,1682,29.7,83,0,0,0,0,0,0,0,6.965273e-08,Baixo
7975,L55154,L,301.2,312.3,1528,38.4,85,0,0,0,0,0,0,0,7.819609e-06,Baixo
7976,M22835,M,301.2,312.3,1548,38.3,87,0,0,0,0,0,0,0,3.5150388e-06,Baixo
7977,H37390,H,301.2,312.4,1395,47.8,90,0,0,0,0,0,0,0,4.44071e-06,Baixo
7978,L55157,L,301.2,312.4,1378,59.0,95,0,0,0,0,0,0,0,0.014213397,Baixo
7979,L55158,L,301.2,312.4,1480,53.5,97,0,0,0,0,0,0,0,3.568432e-06,Baixo
7980,M22839,M,301.2,312.4,1428,36.6,99,0,0,0,0,0,0,0,6.941823e-07,Baixo
7981,M22840,M,301.2,312.4,1505,39.6,102,0,0,0,0,0,0,0,1.4092558e-06,Baixo
7982,L55161,L,301.0,312.3,1445,36.4,105,0,0,0,0,0,0,0,2.8323017e-05,Baixo
7983,L55162,L,301.0,312.3,1488,42.6,107,0,0,0,0,0,0,0,1.6336024e-06,Baixo
7984,L55163,L,301.0,312.2,1601,33.0,109,0,0,0,0,0,0,0,7.3805845e-06,Baixo
7985,L55164,L,301.0,312.3,1550,34.9,111,0,0,0,0,0,0,0,4.3611098e-07,Baixo
7986,L55165,L,301.0,312.2,1540,34.1,113,0,0,0,0,0,0,0,1.93512e-06,Baixo
7987,L55166,L,301.1,312.3,1587,34.5,115,0,0,0,0,0,0,0,1.4400375e-06,Baixo
7988,H37401,H,301.0,312.2,1489,40.3,117,0,0,0,0,0,0,0,2.546311e-07,Baixo
7989,L55168,L,301.1,312.3,1486,34.9,122,0,0,0,0,0,0,0,3.695442e-06,Baixo
7990,L55169,L,301.1,312.4,1430,37.9,124,0,0,0,0,0,0,0,3.118171e-06,Baixo
7991,M22850,M,301.1,312.4,1809,25.1,126,0,0,0,0,0,0,0,5.9403633e-06,Baixo
7992,L55171,L,301.1,312.3,1534,39.0,129,0,0,0,0,0,0,0,5.681346e-06,Baixo
7993,M22852,M,301.1,312.3,1852,25.9,131,0,0,0,0,0,0,0,1.0630297e-07,Baixo
7994,L55173,L,301.1,312.3,1595,31.9,134,0,0,0,0,0,0,0,2.1201752e-06,Baixo
7995,L55174,L,301.0,312.3,1424,43.5,136,0,0,0,0,0,0,0,1.1258148e-06,Baixo
7996,L55175,L,301.0,312.2,1776,28.8,138,0,0,0,0,0,0,0,8.262602e-07,Baixo
7997,M22856,M,301.0,312.2,1499,41.5,140,0,0,0,0,0,0,0,1.6112677e-06,Baixo
7998,M22857,M,301.0,312.2,2710,9.7,143,1,0,0,1,0,0,1,0.7304961,Alto
7999,L55178,L,300.9,312.1,1359,51.7,146,0,0,0,0,0,0,0,3.21768e-06,Baixo
8000,M22859,M,300.9,312.1,1617,31.0,148,0,0,0,0,0,0,0,7.669111e-06,Baixo
8001,M22860,M,300.8,312.0,1443,53.3,151,0,0,0,0,0,0,0,4.345206e-07,Baixo
8002,L55181,L,300.8,312.0,1374,50.2,154,0,0,0,0,0,0,0,2.6336887e-05,Baixo
8003,M22862,M,300.9,312.1,1851,23.0,156,0,0,0,0,0,0,0,3.8720478e-07,Baixo
8004,M22863,M,300.8,312.0,1274,67.3,159,0,0,0,0,0,0,0,0.5001958,Moderado
8005,L55184,L,300.9,312.0,1533,44.0,162,0,0,0,0,0,0,0,8.948677e-07,Baixo
8006,L55185,L,300.8,312.0,1477,37.3,164,0,0,0,0,0,0,0,1.2765086e-06,Baixo
8007,L55186,L,300.9,312.1,1462,46.0,166,0,0,0,0,0,0,0,2.8577683e-06,Baixo
8008,M22867,M,301.0,312.1,1664,28.4,168,0,0,0,0,0,0,0,8.7978344e-07,Baixo
8009,L55188,L,300.8,311.9,1414,41.1,171,0,0,0,0,0,0,0,5.609279e-07,Baixo
8010,H37423,H,300.9,312.0,2129,17.8,173,0,0,0,0,0,0,0,1.1293839e-06,Baixo
8011,L55190,L,300.8,311.8,1323,61.1,178,0,0,0,0,0,0,0,0.42227808,Moderado
8012,L55191,L,300.8,311.8,1427,43.3,180,0,0,0,0,0,0,0,8.508242e-07,Baixo
8013,M22872,M,300.9,312.0,1375,56.1,182,0,0,0,0,0,0,0,0.00026585386,Baixo
8014,M22873,M,300.9,312.0,1402,50.7,185,0,0,0,0,0,0,0,5.0240175e-07,Baixo
8015,L55194,L,300.9,312.0,1500,44.2,188,0,0,0,0,0,0,0,4.8245242e-06,Baixo
8016,M22875,M,301.0,312.0,1558,37.5,190,0,0,0,0,0,0,0,4.2048094e-05,Baixo
8017,M22876,M,300.9,312.0,1447,41.4,193,0,0,0,0,0,0,0,5.0380554e-06,Baixo
8018,L55197,L,301.0,312.0,1518,39.3,196,0,0,0,0,0,0,0,4.195997e-05,Baixo
8019,L55198,L,301.0,311.9,1889,23.5,198,0,0,0,0,0,0,0,0.021819605,Baixo
8020,L55199,L,301.0,312.1,1675,30.7,200,0,0,0,0,0,0,0,0.0011215733,Baixo
8021,H37434,H,300.9,312.0,1720,27.9,202,0,0,0,0,0,0,0,0.00015512711,Baixo
8022,M22881,M,301.0,312.0,1499,34.6,207,0,0,0,0,0,0,0,0.36142042,Moderado
8023,L55202,L,300.9,312.0,1441,43.8,210,0,0,0,0,0,0,0,0.009208696,Baixo
8024,H37437,H,300.9,312.0,1397,42.7,212,0,0,0,0,0,0,0,0.0015955742,Baixo
8025,L55204,L,300.9,312.0,1493,38.7,217,0,0,0,0,0,0,0,0.44297025,Moderado
8026,M22885,M,300.8,312.0,1422,50.7,219,0,0,0,0,0,0,0,0.021635737,Baixo
8027,L55206,L,300.7,311.9,1399,50.2,222,1,0,0,0,1,0,1,0.036510855,Baixo
8028,L55207,L,300.6,311.9,1425,44.9,224,0,0,0,0,0,0,0,0.018668344,Baixo
8029,L55208,L,300.6,311.8,1501,44.8,226,0,0,0,0,0,0,0,0.4922646,Moderado
8030,M22889,M,300.6,311.9,1629,35.3,0,0,0,0,0,0,0,0,2.3455323e-07,Baixo
8031,L55210,L,300.6,312.0,1490,42.2,3,0,0,0,0,0,0,0,1.4490554e-06,Baixo
8032,L55211,L,300.7,312.0,1550,32.4,5,0,0,0,0,0,0,0,9.056709e-06,Baixo
8033,L55212,L,300.8,312.0,1416,46.5,7,0,0,0,0,0,0,0,3.2507844e-06,Baixo
8034,L55213,L,300.7,311.9,1485,38.8,9,0,0,0,0,0,0,0,1.4932451e-06,Baixo
8035,L55214,L,300.7,311.8,1564,36.8,11,0,0,0,0,0,0,0,2.2507759e-06,Baixo
8036,L55215,L,300.7,311.7,1910,19.7,13,0,0,0,0,0,0,0,1.0796752e-05,Baixo
8037,L55216,L,300.7,311.7,1460,46.1,15,0,0,0,0,0,0,0,5.7664233e-06,Baixo
8038,L55217,L,300.7,311.8,1603,34.1,17,0,0,0,0,0,0,0,6.9244135e-07,Baixo
8039,L55218,L,300.7,311.8,1486,47.3,19,0,0,0,0,0,0,0,7.0983833e-07,Baixo
8040,L55219,L,300.8,311.9,1560,31.8,21,0,0,0,0,0,0,0,1.6110097e-06,Baixo
8041,L55220,L,300.8,311.9,1498,39.3,23,0,0,0,0,0,0,0,6.2316667e-07,Baixo
8042,H37455,H,300.8,311.9,1431,48.5,25,0,0,0,0,0,0,0,5.7088496e-08,Baixo
8043,L55222,L,300.8,311.9,1486,45.1,30,0,0,0,0,0,0,0,1.3617226e-06,Baixo
8044,L55223,L,300.7,311.9,1486,35.8,32,0,0,0,0,0,0,0,4.6666187e-06,Baixo
8045,L55224,L,300.7,311.8,1441,38.1,34,0,0,0,0,0,0,0,2.072735e-06,Baixo
8046,M22905,M,300.7,311.9,1366,55.1,36,0,0,0,0,0,0,0,3.7315613e-06,Baixo
8047,L55226,L,300.6,311.8,1471,41.4,39,0,0,0,0,0,0,0,2.317227e-07,Baixo
8048,L55227,L,300.6,311.9,1463,38.2,41,0,0,0,0,0,0,0,5.368896e-06,Baixo
8049,L55228,L,300.6,311.9,1413,41.3,43,0,0,0,0,0,0,0,1.4427221e-06,Baixo
8050,H37463,H,300.6,311.9,1604,30.5,45,0,0,0,0,0,0,0,7.823323e-06,Baixo
8051,L55230,L,300.7,312.0,1401,51.1,50,0,0,0,0,0,0,0,1.4818081e-06,Baixo
8052,L55231,L,300.6,311.8,1652,27.2,52,0,0,0,0,0,0,0,2.6751258e-07,Baixo
8053,L55232,L,300.5,311.9,1403,45.7,54,0,0,0,0,0,0,0,2.778088e-07,Baixo
8054,L55233,L,300.5,311.9,1887,21.7,56,0,0,0,0,0,0,0,2.6485172e-06,Baixo
8055,L55234,L,300.4,311.8,1405,47.9,58,0,0,0,0,0,0,0,1.1006723e-06,Baixo
8056,H37469,H,300.2,311.6,1496,41.1,60,0,0,0,0,0,0,0,9.0379885e-08,Baixo
8057,L55236,L,300.1,311.5,1499,43.4,65,0,0,0,0,0,0,0,3.065722e-07,Baixo
8058,L55237,L,300.2,311.5,1549,37.2,67,0,0,0,0,0,0,0,2.1274527e-06,Baixo
8059,L55238,L,300.3,311.6,1515,44.9,69,0,0,0,0,0,0,0,6.0808065e-07,Baixo
8060,L55239,L,300.2,311.6,1540,37.7,71,0,0,0,0,0,0,0,5.954821e-06,Baixo
8061,H37474,H,300.2,311.5,1426,44.3,73,0,0,0,0,0,0,0,7.0233295e-07,Baixo
8062,M22921,M,300.2,311.6,1465,41.4,78,0,0,0,0,0,0,0,2.032349e-07,Baixo
8063,M22922,M,300.3,311.6,1359,54.1,81,0,0,0,0,0,0,0,4.5199076e-06,Baixo
8064,M22923,M,300.3,311.7,1551,36.4,84,0,0,0,0,0,0,0,1.8951251e-06,Baixo
8065,L55244,L,300.5,311.8,1596,34.8,87,0,0,0,0,0,0,0,7.839201e-06,Baixo
8066,M22925,M,300.5,311.9,1670,26.3,89,0,0,0,0,0,0,0,1.35644705e-05,Baixo
8067,L55246,L,300.4,311.9,1868,21.3,92,0,0,0,0,0,0,0,5.590695e-06,Baixo
8068,M22927,M,300.6,312.0,1490,39.8,94,0,0,0,0,0,0,0,6.586134e-07,Baixo
8069,M22928,M,300.5,311.9,1676,35.2,97,0,0,0,0,0,0,0,2.4223987e-06,Baixo
8070,M22929,M,300.5,311.9,1875,22.1,100,0,0,0,0,0,0,0,1.3145836e-05,Baixo
8071,M22930,M,300.5,312.0,1867,23.0,103,0,0,0,0,0,0,0,0.00018221262,Baixo
8072,L55251,L,300.5,312.0,1646,29.5,106,0,0,0,0,0,0,0,2.9315065e-06,Baixo
8073,H37486,H,300.5,312.0,1375,43.2,108,0,0,0,0,0,0,0,6.3160205e-06,Baixo
8074,L55253,L,300.5,312.0,1558,36.7,113,0,0,0,0,0,0,0,1.02077665e-05,Baixo
8075,L55254,L,300.4,312.0,1631,34.9,115,0,0,0,0,0,0,0,3.4946866e-06,Baixo
8076,L55255,L,300.4,312.0,1366,43.0,117,0,0,0,0,0,0,0,6.833451e-06,Baixo
8077,L55256,L,300.3,311.8,1360,48.0,119,0,0,0,0,0,0,0,3.1962267e-05,Baixo
8078,L55257,L,300.3,311.8,1547,39.7,121,0,0,0,0,0,0,0,1.6252856e-06,Baixo
8079,L55258,L,300.3,311.7,1571,31.2,123,0,0,0,0,0,0,0,2.086742e-06,Baixo
8080,L55259,L,300.2,311.5,1528,36.1,125,0,0,0,0,0,0,0,0.0002233844,Baixo
8081,H37494,H,300.2,311.5,1432,43.6,127,0,0,0,0,0,0,0,8.11456e-08,Baixo
8082,L55261,L,300.2,311.6,1356,53.5,132,0,0,0,0,0,0,0,6.045424e-06,Baixo
8083,H37496,H,300.1,311.5,1422,46.2,134,0,0,0,0,0,0,0,2.4676729e-07,Baixo
8084,L55263,L,300.1,311.4,1438,42.2,139,0,0,0,0,0,0,0,1.3598003e-07,Baixo
8085,L55264,L,300.2,311.4,1483,44.4,141,0,0,0,0,0,0,0,8.431234e-07,Baixo
8086,L55265,L,300.2,311.4,1331,49.8,143,0,0,0,0,0,0,0,1.030062e-06,Baixo
8087,L55266,L,300.2,311.4,1463,37.5,145,0,0,0,0,0,0,0,1.2431408e-05,Baixo
8088,L55267,L,300.1,311.4,1446,40.6,147,0,0,0,0,0,0,0,3.1917736e-07,Baixo
8089,L55268,L,300.1,311.4,1356,45.7,149,0,0,0,0,0,0,0,2.01085e-06,Baixo
8090,L55269,L,300.1,311.3,1676,30.3,151,0,0,0,0,0,0,0,0.0001568483,Baixo
8091,L55270,L,300.1,311.4,1910,23.0,153,0,0,0,0,0,0,0,1.896969e-05,Baixo
8092,L55271,L,300.2,311.6,1375,56.9,155,0,0,0,0,0,0,0,8.387262e-05,Baixo
8093,M22952,M,300.2,311.6,1513,40.8,157,0,0,0,0,0,0,0,4.0303416e-07,Baixo
8094,L55273,L,300.2,311.6,1511,35.7,160,0,0,0,0,0,0,0,4.7331727e-07,Baixo
8095,H37508,H,300.2,311.6,1662,28.8,162,0,0,0,0,0,0,0,8.6536255e-07,Baixo
8096,L55275,L,300.2,311.7,1493,48.3,167,0,0,0,0,0,0,0,7.823479e-07,Baixo
8097,M22956,M,300.2,311.7,1555,37.4,169,0,0,0,0,0,0,0,6.2871795e-06,Baixo
8098,L55277,L,300.3,311.7,1452,41.5,172,0,0,0,0,0,0,0,2.6533888e-07,Baixo
8099,L55278,L,300.2,311.6,1500,39.0,174,0,0,0,0,0,0,0,1.3209537e-06,Baixo
8100,L55279,L,300.2,311.7,1603,30.5,176,0,0,0,0,0,0,0,2.086051e-05,Baixo
8101,L55280,L,300.3,311.7,1682,27.8,178,0,0,0,0,0,0,0,1.1175192e-06,Baixo
8102,L55281,L,300.3,311.8,1567,37.7,180,0,0,0,0,0,0,0,4.59307e-05,Baixo
8103,L55282,L,300.3,311.8,1413,46.0,182,0,0,0,0,0,0,0,3.0522315e-06,Baixo
8104,M22963,M,300.3,311.9,1429,41.6,184,0,0,0,0,0,0,0,3.0724098e-07,Baixo
8105,L55284,L,300.3,311.9,1692,31.5,187,0,0,0,0,0,0,0,4.8194845e-05,Baixo
8106,L55285,L,300.4,311.9,1476,48.7,189,0,0,0,0,0,0,0,1.5003814e-05,Baixo
8107,M22966,M,300.4,312.0,1596,30.4,191,0,0,0,0,0,0,0,4.8234477e-05,Baixo
8108,H37521,H,300.3,311.9,1390,49.0,194,0,0,0,0,0,0,0,1.0328189e-05,Baixo
8109,M22968,M,300.3,311.8,1607,33.7,199,0,0,0,0,0,0,0,0.00017615897,Baixo
8110,L55289,L,300.3,311.7,1821,26.3,202,0,0,0,0,0,0,0,6.378776e-05,Baixo
8111,H37524,H,300.3,311.8,2141,18.5,204,0,0,0,0,0,0,0,0.00012131343,Baixo
8112,M22971,M,300.4,311.8,1553,33.1,209,1,1,0,0,0,0,1,0.00013232748,Baixo
8113,M22972,M,300.4,311.8,1442,45.1,0,0,0,0,0,0,0,0,1.700926e-07,Baixo
8114,L55293,L,300.4,311.7,1459,45.6,3,0,0,0,0,0,0,0,8.3329115e-07,Baixo
8115,H37528,H,300.4,311.8,2496,13.5,5,0,0,0,0,0,0,0,0.99968994,Crítico
8116,L55295,L,300.4,311.8,1367,57.2,10,0,0,0,0,0,0,0,0.0029161477,Baixo
8117,L55296,L,300.3,311.8,2004,19.6,12,0,0,0,0,0,0,0,3.0718813e-06,Baixo
8118,L55297,L,300.3,311.7,1406,47.5,14,0,0,0,0,0,0,0,2.402511e-07,Baixo
8119,L55298,L,300.3,311.8,1548,33.0,16,0,0,0,0,0,0,0,5.9069975e-05,Baixo
8120,L55299,L,300.3,311.7,1333,55.2,18,0,0,0,0,0,0,0,2.2501182e-07,Baixo
8121,L55300,L,300.2,311.6,1767,26.4,20,0,0,0,0,0,0,0,5.7289304e-07,Baixo
8122,L55301,L,300.2,311.6,1827,27.0,22,0,0,0,0,0,0,0,1.1770772e-05,Baixo
8123,M22982,M,300.2,311.6,1533,46.4,24,0,0,0,0,0,0,0,5.118463e-07,Baixo
8124,H37537,H,300.2,311.5,1515,36.8,27,0,0,0,0,0,0,0,7.1220626e-08,Baixo
8125,L55304,L,300.2,311.4,1568,41.0,32,0,0,0,0,0,0,0,5.639757e-07,Baixo
8126,L55305,L,300.2,311.4,1452,47.8,34,0,0,0,0,0,0,0,3.213287e-07,Baixo
8127,L55306,L,300.2,311.4,1433,37.9,36,0,0,0,0,0,0,0,1.2296076e-06,Baixo
8128,M22987,M,300.1,311.3,1650,33.8,38,0,0,0,0,0,0,0,6.3666775e-08,Baixo
8129,L55308,L,300.1,311.4,1629,31.3,41,0,0,0,0,0,0,0,1.2613428e-07,Baixo
8130,L55309,L,300.0,311.3,1520,39.2,43,0,0,0,0,0,0,0,5.9353124e-07,Baixo
8131,H37544,H,300.0,311.2,1393,43.1,45,0,0,0,0,0,0,0,1.5543631e-07,Baixo
8132,H37545,H,299.9,311.2,1364,49.6,50,0,0,0,0,0,0,0,1.291494e-06,Baixo
8133,M22992,M,299.9,311.3,1389,50.0,55,0,0,0,0,0,0,0,2.1355054e-07,Baixo
8134,L55313,L,299.8,311.1,1466,46.1,58,0,0,0,0,0,0,0,1.5549281e-06,Baixo
8135,L55314,L,299.7,311.1,1650,32.4,60,0,0,0,0,0,0,0,5.067769e-07,Baixo
8136,L55315,L,299.6,311.0,1554,36.3,62,0,0,0,0,0,0,0,5.255628e-07,Baixo
8137,M22996,M,299.6,310.9,1474,39.7,64,0,0,0,0,0,0,0,1.5274817e-06,Baixo
8138,H37551,H,299.5,310.8,1600,32.4,67,0,0,0,0,0,0,0,5.8299683e-08,Baixo
8139,L55318,L,299.5,310.8,1356,54.9,72,0,0,0,0,0,0,0,1.8546103e-06,Baixo
8140,L55319,L,299.5,310.8,1571,38.2,74,0,0,0,0,0,0,0,1.3807429e-06,Baixo
8141,L55320,L,299.6,310.9,1658,28.0,76,0,0,0,0,0,0,0,0.00011398665,Baixo
8142,L55321,L,299.6,310.8,1393,49.9,78,0,0,0,0,0,0,0,1.3268273e-06,Baixo
8143,M23002,M,299.7,311.0,1448,49.8,80,0,0,0,0,0,0,0,8.545194e-07,Baixo
8144,L55323,L,299.7,310.9,1477,40.4,83,0,0,0,0,0,0,0,1.3806093e-05,Baixo
8145,M23004,M,299.7,311.0,1506,42.7,85,0,0,0,0,0,0,0,4.6244458e-07,Baixo
8146,M23005,M,299.7,310.9,1685,32.1,88,0,0,0,0,0,0,0,5.4856996e-06,Baixo
8147,L55326,L,299.6,310.9,1533,31.8,91,0,0,0,0,0,0,0,5.8679043e-06,Baixo
8148,L55327,L,299.5,310.8,1447,41.0,93,0,0,0,0,0,0,0,4.9366686e-06,Baixo
8149,M23008,M,299.5,310.7,1488,39.5,95,0,0,0,0,0,0,0,7.9966276e-07,Baixo
8150,M23009,M,299.6,310.8,1427,50.4,98,0,0,0,0,0,0,0,3.6887414e-07,Baixo
8151,M23010,M,299.5,310.7,1424,41.3,101,0,0,0,0,0,0,0,1.4117309e-06,Baixo
8152,L55331,L,299.5,310.7,1472,40.9,104,0,0,0,0,0,0,0,2.2550857e-06,Baixo
8153,L55332,L,299.5,310.7,1438,45.7,106,0,0,0,0,0,0,0,8.102209e-07,Baixo
8154,L55333,L,299.6,310.8,1507,42.4,108,0,0,0,0,0,0,0,2.616463e-07,Baixo
8155,L55334,L,299.6,310.7,1393,52.1,110,0,0,0,0,0,0,0,1.58998e-06,Baixo
8156,L55335,L,299.5,310.8,1283,52.4,112,0,0,0,0,0,0,0,6.2466194e-07,Baixo
8157,L55336,L,299.6,310.8,1644,30.9,114,0,0,0,0,0,0,0,2.2681314e-07,Baixo
8158,L55337,L,299.6,310.8,1498,46.9,116,0,0,0,0,0,0,0,9.1817753e-07,Baixo
8159,L55338,L,299.6,310.8,1400,40.8,118,0,0,0,0,0,0,0,1.4462015e-05,Baixo
8160,H37573,H,299.6,310.9,1679,31.2,120,0,0,0,0,0,0,0,7.784941e-07,Baixo
8161,M23020,M,299.7,311.1,1618,30.3,125,0,0,0,0,0,0,0,1.1211508e-05,Baixo
8162,H37575,H,299.6,311.0,1714,30.2,128,0,0,0,0,0,0,0,8.2213364e-07,Baixo
8163,L55342,L,299.6,311.0,1574,35.0,133,0,0,0,0,0,0,0,1.5901921e-06,Baixo
8164,L55343,L,299.7,311.1,1574,36.4,135,0,0,0,0,0,0,0,3.3591854e-07,Baixo
8165,L55344,L,299.6,310.9,1472,40.9,137,0,0,0,0,0,0,0,2.1578044e-06,Baixo
8166,L55345,L,299.6,311.0,1552,33.2,139,0,0,0,0,0,0,0,1.4425707e-06,Baixo
8167,L55346,L,299.7,311.1,1603,31.4,141,0,0,0,0,0,0,0,5.4963544e-07,Baixo
8168,H37581,H,299.7,311.1,1353,47.1,143,0,0,0,0,0,0,0,1.9481597e-06,Baixo
8169,L55348,L,299.7,311.1,1690,30.6,148,0,0,0,0,0,0,0,7.1721934e-07,Baixo
8170,M23029,M,299.8,311.2,1745,26.3,150,0,0,0,0,0,0,0,2.1616705e-05,Baixo
8171,L55350,L,299.9,311.3,1522,45.7,153,0,0,0,0,0,0,0,1.7818695e-05,Baixo
8172,H37585,H,300.0,311.4,1641,34.5,155,0,0,0,0,0,0,0,4.6367933e-08,Baixo
8173,L55352,L,299.9,311.4,1596,28.9,160,0,0,0,0,0,0,0,2.2562497e-06,Baixo
8174,H37587,H,299.9,311.4,1497,37.0,162,0,0,0,0,0,0,0,7.100239e-08,Baixo
8175,L55354,L,299.9,311.3,1371,52.3,167,0,0,0,0,0,0,0,7.1930085e-06,Baixo
8176,M23035,M,299.9,311.3,1445,41.2,169,0,0,0,0,0,0,0,3.7335117e-06,Baixo
8177,L55356,L,299.8,311.2,1564,40.0,172,0,0,0,0,0,0,0,1.7621018e-06,Baixo
8178,L55357,L,299.7,311.1,1439,44.9,174,0,0,0,0,0,0,0,6.979255e-07,Baixo
8179,L55358,L,299.7,311.2,1352,52.1,176,0,0,0,0,0,0,0,1.0083274e-06,Baixo
8180,L55359,L,299.8,311.3,1560,35.4,178,0,0,0,0,0,0,0,9.3854874e-07,Baixo
8181,M23040,M,299.7,311.2,1616,42.3,180,0,0,0,0,0,0,0,2.531592e-07,Baixo
8182,L55361,L,299.7,311.2,1835,23.7,183,0,0,0,0,0,0,0,2.1208538e-05,Baixo
8183,M23042,M,299.7,311.1,1649,32.7,185,0,0,0,0,0,0,0,7.3611127e-06,Baixo
8184,L55363,L,299.8,311.1,1452,47.3,188,0,0,0,0,0,0,0,8.790145e-06,Baixo
8185,L55364,L,299.8,311.1,2144,17.7,190,0,0,0,0,0,0,0,0.00022788247,Baixo
8186,L55365,L,299.7,311.1,1554,41.0,192,0,0,0,0,0,0,0,3.2474968e-06,Baixo
8187,L55366,L,299.7,311.0,1827,25.4,194,0,0,0,0,0,0,0,3.4987766e-05,Baixo
8188,L55367,L,299.6,310.9,1448,46.3,196,0,0,0,0,0,0,0,8.32653e-06,Baixo
8189,M23048,M,299.6,310.9,1530,38.8,198,0,0,0,0,0,0,0,0.0001303853,Baixo
8190,L55369,L,299.7,311.0,1983,21.0,201,0,0,0,0,0,0,0,0.001229516,Baixo
8191,M23050,M,299.7,310.9,1620,37.2,203,0,0,0,0,0,0,0,0.00019401808,Baixo
8192,M23051,M,299.6,310.9,1630,29.8,206,0,0,0,0,0,0,0,0.10899266,Baixo
8193,L55372,L,299.6,310.9,1229,65.2,209,1,0,0,0,1,0,1,0.9997875,Crítico
8194,L55373,L,299.5,310.8,1873,22.3,211,0,0,0,0,0,0,0,0.004502567,Baixo
8195,L55374,L,299.4,310.7,1426,45.7,213,0,0,0,0,0,0,0,0.0030915125,Baixo
8196,L55375,L,299.4,310.8,1376,53.9,215,1,0,0,0,1,0,1,0.9961299,Crítico
8197,L55376,L,299.4,310.8,1622,33.6,217,0,0,0,0,0,0,0,0.17993954,Baixo
8198,M23057,M,299.4,310.7,1492,45.7,219,0,0,0,0,0,0,0,1.4309979e-05,Baixo
8199,M23058,M,299.3,310.7,1374,48.9,222,0,0,0,0,0,0,0,0.9895968,Crítico
8200,L55379,L,299.2,310.7,1737,27.0,225,1,1,0,0,0,0,1,0.09757444,Baixo
8201,L55380,L,299.3,310.8,1426,42.4,0,0,0,0,0,0,0,0,5.193398e-07,Baixo
8202,M23061,M,299.3,310.9,1826,25.1,2,0,0,0,0,0,0,0,2.0355217e-06,Baixo
8203,L55382,L,299.3,310.9,1669,32.4,5,0,0,0,0,0,0,0,8.092526e-07,Baixo
8204,M23063,M,299.4,310.9,1473,40.1,7,0,0,0,0,0,0,0,3.6134884e-07,Baixo
8205,L55384,L,299.4,310.9,1751,27.8,10,0,0,0,0,0,0,0,3.1772768e-06,Baixo
8206,M23065,M,299.4,310.9,1446,47.3,12,0,0,0,0,0,0,0,3.0435154e-07,Baixo
8207,L55386,L,299.3,310.8,1483,43.5,15,0,0,0,0,0,0,0,1.5020688e-06,Baixo
8208,L55387,L,299.2,310.7,1535,42.6,17,0,0,0,0,0,0,0,1.1082656e-06,Baixo
8209,L55388,L,299.2,310.7,1477,44.0,19,0,0,0,0,0,0,0,1.0223248e-06,Baixo
8210,L55389,L,299.3,310.8,1391,46.9,21,0,0,0,0,0,0,0,8.8371286e-07,Baixo
8211,H37624,H,299.2,310.7,1636,29.4,23,0,0,0,0,0,0,0,1.0953423e-06,Baixo
8212,L55391,L,299.2,310.6,1675,33.3,28,0,0,0,0,0,0,0,2.5918098e-07,Baixo
8213,H37626,H,299.2,310.5,1329,48.9,30,0,0,0,0,0,0,0,2.8167867e-07,Baixo
8214,M23073,M,299.2,310.5,1548,33.5,35,0,0,0,0,0,0,0,6.693035e-08,Baixo
8215,L55394,L,299.2,310.5,1391,45.8,38,0,0,0,0,0,0,0,1.314289e-06,Baixo
8216,L55395,L,299.1,310.5,1437,43.1,40,0,0,0,0,0,0,0,8.4060406e-07,Baixo
8217,L55396,L,299.2,310.6,1370,61.9,42,0,0,0,0,0,0,0,0.11887708,Baixo
8218,L55397,L,299.1,310.6,1577,37.1,44,0,0,0,0,0,0,0,2.7861907e-07,Baixo
8219,L55398,L,299.1,310.5,1485,37.8,46,0,0,0,0,0,0,0,1.507916e-07,Baixo
8220,L55399,L,299.0,310.4,1504,34.3,48,0,0,0,0,0,0,0,1.1176556e-06,Baixo
8221,M23080,M,298.9,310.3,1551,35.2,50,0,0,0,0,0,0,0,2.1237805e-07,Baixo
8222,M23081,M,299.1,310.5,1428,43.0,53,0,0,0,0,0,0,0,5.8898877e-08,Baixo
8223,L55402,L,299.0,310.5,1755,27.9,56,0,0,0,0,0,0,0,3.1611415e-07,Baixo
8224,L55403,L,299.1,310.5,1329,54.9,58,0,0,0,0,0,0,0,2.2269478e-06,Baixo
8225,L55404,L,299.1,310.5,1496,35.2,60,0,0,0,0,0,0,0,1.2391175e-07,Baixo
8226,L55405,L,299.1,310.5,1532,36.6,62,0,0,0,0,0,0,0,1.1811102e-06,Baixo
8227,L55406,L,299.1,310.5,1389,61.4,64,0,0,0,0,0,0,0,0.68267214,Alto
8228,M23087,M,299.1,310.4,1524,51.4,66,0,0,0,0,0,0,0,5.6638073e-06,Baixo
8229,M23088,M,299.1,310.4,1422,49.3,69,0,0,0,0,0,0,0,1.1156494e-06,Baixo
8230,L55409,L,299.1,310.5,1739,27.4,72,0,0,0,0,0,0,0,2.6590786e-07,Baixo
8231,L55410,L,299.1,310.5,1736,26.9,74,0,0,0,0,0,0,0,4.6704117e-06,Baixo
8232,L55411,L,299.1,310.5,1419,48.8,76,0,0,0,0,0,0,0,8.633109e-07,Baixo
8233,L55412,L,299.1,310.6,1326,49.7,78,0,0,0,0,0,0,0,8.433667e-06,Baixo
8234,M23093,M,299.1,310.6,1449,43.2,80,0,0,0,0,0,0,0,1.2310895e-06,Baixo
8235,L55414,L,299.2,310.6,1534,39.7,83,0,0,0,0,0,0,0,7.581265e-07,Baixo
8236,M23095,M,299.2,310.6,1443,50.9,85,0,0,0,0,0,0,0,1.6211694e-06,Baixo
8237,L55416,L,299.2,310.6,1498,41.1,88,0,0,0,0,0,0,0,1.9917377e-06,Baixo
8238,L55417,L,299.1,310.6,1796,26.0,90,0,0,0,0,0,0,0,3.9690978e-05,Baixo
8239,L55418,L,299.1,310.4,1519,45.3,92,0,0,0,0,0,0,0,2.5811712e-06,Baixo
8240,L55419,L,299.0,310.4,1339,49.6,94,0,0,0,0,0,0,0,6.0167735e-05,Baixo
8241,L55420,L,299.0,310.4,1483,41.5,96,0,0,0,0,0,0,0,1.1984213e-06,Baixo
8242,M23101,M,298.9,310.2,2099,20.0,98,0,0,0,0,0,0,0,0.00014972614,Baixo
8243,M23102,M,299.0,310.3,1689,29.7,101,0,0,0,0,0,0,0,1.5558742e-05,Baixo
8244,H37657,H,299.1,310.4,1369,54.5,104,0,0,0,0,0,0,0,3.910802e-06,Baixo
8245,L55424,L,299.0,310.4,1512,38.8,109,0,0,0,0,0,0,0,7.4161903e-07,Baixo
8246,M23105,M,299.0,310.3,1303,68.6,111,1,0,0,1,0,0,1,0.9994099,Crítico
8247,L55426,L,299.0,310.3,1552,39.9,114,0,0,0,0,0,0,0,5.8110018e-06,Baixo
8248,L55427,L,299.0,310.4,1713,28.0,116,0,0,0,0,0,0,0,1.3996004e-06,Baixo
8249,L55428,L,298.9,310.3,1456,44.1,118,0,0,0,0,0,0,0,2.6202265e-06,Baixo
8250,L55429,L,299.0,310.4,1524,39.8,120,0,0,0,0,0,0,0,9.66936e-07,Baixo
8251,M23110,M,299.0,310.4,1394,45.2,122,0,0,0,0,0,0,0,4.5043078e-07,Baixo
8252,L55431,L,299.0,310.4,1981,21.2,125,0,0,0,0,0,0,0,6.950938e-05,Baixo
8253,L55432,L,299.0,310.4,1565,36.1,127,0,0,0,0,0,0,0,8.386958e-07,Baixo
8254,L55433,L,299.1,310.4,1657,31.0,129,0,0,0,0,0,0,0,3.75228e-06,Baixo
8255,M23114,M,299.0,310.4,1625,37.1,131,0,0,0,0,0,0,0,1.2800055e-07,Baixo
8256,L55435,L,299.0,310.4,1606,31.1,134,0,0,0,0,0,0,0,2.1178758e-08,Baixo
8257,H37670,H,299.0,310.5,1336,56.8,136,0,0,0,0,0,0,0,1.7126296e-05,Baixo
8258,M23117,M,299.0,310.6,1587,34.2,141,0,0,0,0,0,0,0,1.395161e-07,Baixo
8259,L55438,L,299.1,310.6,1602,39.7,144,0,0,0,0,0,0,0,5.6088294e-07,Baixo
8260,L55439,L,299.1,310.5,1471,38.4,146,0,0,0,0,0,0,0,4.11349e-06,Baixo
8261,H37674,H,299.1,310.6,1332,48.0,148,0,0,0,0,0,0,0,1.7401914e-06,Baixo
8262,H37675,H,299.2,310.6,1434,48.4,153,0,0,0,0,0,0,0,1.5225018e-07,Baixo
8263,L55442,L,299.1,310.6,1921,23.9,158,0,0,0,0,0,0,0,3.6599136e-05,Baixo
8264,H37677,H,299.2,310.6,1704,30.6,160,0,0,0,0,0,0,0,3.5084773e-07,Baixo
8265,M23124,M,299.1,310.6,1397,49.5,165,0,0,0,0,0,0,0,3.2204014e-07,Baixo
8266,H37679,H,299.1,310.6,1791,28.0,168,0,0,0,0,0,0,0,1.3444108e-07,Baixo
8267,L55446,L,299.1,310.6,1818,24.1,173,0,0,0,0,0,0,0,9.987637e-06,Baixo
8268,L55447,L,299.2,310.7,1540,36.3,175,0,0,0,0,0,0,0,4.011363e-06,Baixo
8269,M23128,M,299.2,310.8,1502,39.8,177,0,0,0,0,0,0,0,1.8771738e-06,Baixo
8270,H37683,H,299.2,310.8,1761,30.4,180,0,0,0,0,0,0,0,2.8090526e-06,Baixo
8271,M23130,M,299.1,310.8,1517,38.4,185,0,0,0,0,0,0,0,5.5578033e-07,Baixo
8272,L55451,L,299.1,310.7,1309,51.1,188,0,0,0,0,0,0,0,4.063133e-05,Baixo
8273,L55452,L,298.9,310.6,1363,52.6,190,0,0,0,0,0,0,0,3.9600884e-05,Baixo
8274,M23133,M,299.0,310.6,1787,22.2,192,0,0,0,0,0,0,0,1.0878017e-05,Baixo
8275,L55454,L,298.9,310.5,1640,29.2,195,0,0,0,0,0,0,0,2.3327784e-05,Baixo
8276,M23135,M,298.9,310.6,1720,25.3,197,0,0,0,0,0,0,0,1.5572327e-06,Baixo
8277,L55456,L,298.8,310.5,1384,52.8,200,0,0,0,0,0,0,0,0.003798483,Baixo
8278,H37691,H,298.8,310.5,1294,55.8,202,0,0,0,0,0,0,0,0.07824198,Baixo
8279,L55458,L,298.8,310.5,1464,46.4,207,0,0,0,0,0,0,0,0.00022522041,Baixo
8280,L55459,L,298.8,310.6,1803,25.4,209,0,0,0,0,0,0,0,8.3011284e-05,Baixo
8281,L55460,L,298.8,310.6,1602,39.1,211,0,0,0,0,0,0,0,0.00035141213,Baixo
8282,H37695,H,298.9,310.6,1519,38.8,213,0,0,0,0,0,0,0,0.0013805992,Baixo
8283,M23142,M,298.9,310.7,1638,33.6,218,0,0,0,0,0,0,0,0.004060496,Baixo
8284,H37697,H,298.9,310.6,1615,33.0,221,0,0,0,0,0,0,0,1.3199679e-05,Baixo
8285,L55464,L,298.8,310.6,1651,33.3,0,0,0,0,0,0,0,0,1.4758989e-06,Baixo
8286,L55465,L,298.9,310.6,1387,52.7,2,0,0,0,0,0,0,0,5.067269e-05,Baixo
8287,M23146,M,298.8,310.5,1678,32.8,4,0,0,0,0,0,0,0,2.942874e-07,Baixo
8288,L55467,L,298.9,310.6,1585,38.1,7,0,0,0,0,0,0,0,2.1539308e-06,Baixo
8289,M23148,M,298.8,310.6,1640,33.8,9,0,0,0,0,0,0,0,1.5049852e-07,Baixo
8290,L55469,L,298.9,310.6,1406,43.8,12,0,0,0,0,0,0,0,5.9304693e-07,Baixo
8291,M23150,M,298.9,310.6,1679,35.8,14,0,0,0,0,0,0,0,8.054659e-07,Baixo
8292,L55471,L,298.9,310.5,1717,26.9,17,0,0,0,0,0,0,0,7.4346262e-06,Baixo
8293,H37706,H,298.9,310.5,1429,39.9,19,0,0,0,0,0,0,0,1.602649e-07,Baixo
8294,M23153,M,298.9,310.4,1533,44.4,24,0,0,0,0,0,0,0,1.8695258e-07,Baixo
8295,M23154,M,298.9,310.5,1525,38.5,27,0,0,0,0,0,0,0,3.3419082e-07,Baixo
8296,L55475,L,298.9,310.4,1739,26.3,30,0,0,0,0,0,0,0,4.5399224e-06,Baixo
8297,L55476,L,298.9,310.3,1436,39.0,32,0,0,0,0,0,0,0,4.900695e-06,Baixo
8298,M23157,M,298.8,310.2,1595,33.1,34,0,0,0,0,0,0,0,5.6146515e-08,Baixo
8299,H37712,H,298.7,310.1,1435,45.6,37,0,0,0,0,0,0,0,1.2069796e-07,Baixo
8300,L55479,L,298.7,310.0,1637,31.8,42,0,0,0,0,0,0,0,2.0301525e-07,Baixo
8301,L55480,L,298.7,310.1,1558,37.6,44,0,0,0,0,0,0,0,5.289822e-07,Baixo
8302,M23161,M,298.7,310.1,1644,34.1,46,0,0,0,0,0,0,0,3.0098153e-08,Baixo
8303,L55482,L,298.7,310.1,1641,31.1,49,0,0,0,0,0,0,0,3.9700254e-08,Baixo
8304,L55483,L,298.8,310.2,1504,41.0,51,0,0,0,0,0,0,0,4.5759558e-07,Baixo
8305,M23164,M,298.7,310.1,1506,50.7,53,0,0,0,0,0,0,0,4.8995554e-07,Baixo
8306,H37719,H,298.8,310.1,1380,44.0,56,0,0,0,0,0,0,0,1.5368728e-06,Baixo
8307,M23166,M,298.7,310.1,1549,42.5,61,0,0,0,0,0,0,0,4.1868614e-07,Baixo
8308,M23167,M,298.7,310.1,1402,69.7,64,1,0,0,1,0,0,1,0.99993205,Crítico
8309,L55488,L,298.7,310.1,1401,45.3,67,0,0,0,0,0,0,0,3.8711128e-06,Baixo
8310,M23169,M,298.7,310.0,1459,40.2,69,0,0,0,0,0,0,0,5.189506e-07,Baixo
8311,L55490,L,298.7,309.9,1465,39.7,72,0,0,0,0,0,0,0,3.4968702e-06,Baixo
8312,M23171,M,298.8,310.0,1295,52.7,74,0,0,0,0,0,0,0,7.792229e-06,Baixo
8313,M23172,M,298.8,310.0,1529,38.5,77,0,0,0,0,0,0,0,3.342212e-06,Baixo
8314,M23173,M,298.8,310.0,1484,44.9,80,0,0,0,0,0,0,0,1.1460609e-07,Baixo
8315,L55494,L,298.8,309.9,1739,30.6,83,0,0,0,0,0,0,0,4.162304e-06,Baixo
8316,H37729,H,298.7,309.8,1422,40.7,85,0,0,0,0,0,0,0,6.3656357e-06,Baixo
8317,L55496,L,298.8,309.8,1463,40.0,90,0,0,0,0,0,0,0,3.7675231e-06,Baixo
8318,L55497,L,298.7,309.7,1667,30.4,92,0,0,0,0,0,0,0,5.586719e-06,Baixo
8319,H37732,H,298.7,309.7,1565,39.3,94,0,0,0,0,0,0,0,1.9089259e-07,Baixo
8320,L55499,L,298.7,309.7,1393,45.7,99,0,0,0,0,0,0,0,9.7203796e-05,Baixo
8321,M23180,M,298.8,309.7,1453,47.7,101,0,0,0,0,0,0,0,5.831236e-06,Baixo
8322,L55501,L,298.8,309.6,1442,50.0,104,0,0,0,0,0,0,0,2.5930758e-05,Baixo
8323,L55502,L,298.7,309.6,1364,44.9,106,0,0,0,0,0,0,0,0.00014089048,Baixo
8324,H37737,H,298.7,309.5,1453,40.4,108,0,0,0,0,0,0,0,1.2587472e-05,Baixo
8325,M23184,M,298.7,309.5,1394,46.0,113,0,0,0,0,0,0,0,9.099916e-05,Baixo
8326,M23185,M,298.7,309.5,1500,38.8,116,0,0,0,0,0,0,0,3.5492963e-07,Baixo
8327,H37740,H,298.6,309.5,1523,34.2,119,0,0,0,0,0,0,0,2.5437314e-06,Baixo
8328,M23187,M,298.7,309.6,1254,57.1,124,0,0,0,0,0,0,0,1.3832504e-05,Baixo
8329,L55508,L,298.6,309.5,1325,52.2,127,0,0,0,0,0,0,0,0.0004878808,Baixo
8330,L55509,L,298.8,309.7,1424,49.6,129,0,0,0,0,0,0,0,1.8035611e-05,Baixo
8331,L55510,L,298.8,309.7,1505,39.0,131,0,0,0,0,0,0,0,1.3832425e-05,Baixo
8332,M23191,M,298.8,309.7,1392,48.7,133,0,0,0,0,0,0,0,8.732569e-06,Baixo
8333,L55512,L,298.8,309.7,1529,44.0,136,0,0,0,0,0,0,0,5.123477e-06,Baixo
8334,M23193,M,298.8,309.7,1477,48.5,138,0,0,0,0,0,0,0,2.9339901e-06,Baixo
8335,M23194,M,298.8,309.7,1459,47.3,141,0,0,0,0,0,0,0,2.2172103e-06,Baixo
8336,M23195,M,299.0,309.8,2240,15.9,144,0,0,0,0,0,0,0,0.00023954682,Baixo
8337,L55516,L,298.9,309.7,1449,48.8,147,0,0,0,0,0,0,0,5.7934e-06,Baixo
8338,M23197,M,298.8,309.7,1589,35.3,149,0,0,0,0,0,0,0,1.822947e-07,Baixo
8339,L55518,L,298.8,309.7,1740,28.5,152,0,0,0,0,0,0,0,1.715107e-06,Baixo
8340,M23199,M,298.8,309.7,1499,40.3,154,0,0,0,0,0,0,0,5.56645e-07,Baixo
8341,M23200,M,298.8,309.7,1480,38.1,157,0,0,0,0,0,0,0,6.273891e-07,Baixo
8342,L55521,L,298.8,309.7,1751,29.6,160,0,0,0,0,0,0,0,4.935939e-06,Baixo
8343,L55522,L,298.7,309.7,1510,40.6,162,0,0,0,0,0,0,0,1.9428737e-06,Baixo
8344,H37757,H,298.8,309.8,1437,48.2,164,0,0,0,0,0,0,0,5.5726764e-06,Baixo
8345,L55524,L,298.8,309.7,1609,40.4,169,0,0,0,0,0,0,0,9.1555444e-07,Baixo
8346,H37759,H,298.8,309.8,1490,35.9,171,0,0,0,0,0,0,0,1.9985875e-06,Baixo
8347,L55526,L,298.7,309.7,1601,35.7,176,0,0,0,0,0,0,0,6.608973e-07,Baixo
8348,L55527,L,298.7,309.6,1665,31.1,178,0,0,0,0,0,0,0,1.455969e-06,Baixo
8349,M23208,M,298.7,309.6,1452,42.7,180,0,0,0,0,0,0,0,1.3112956e-05,Baixo
8350,M23209,M,298.7,309.5,1487,33.6,183,0,0,0,0,0,0,0,6.871281e-07,Baixo
8351,M23210,M,298.7,309.6,1382,48.1,186,0,0,0,0,0,0,0,5.105909e-05,Baixo
8352,M23211,M,298.7,309.6,1686,26.2,189,0,0,0,0,0,0,0,1.3976533e-05,Baixo
8353,L55532,L,298.6,309.6,1491,36.9,192,0,0,0,0,0,0,0,4.0719183e-06,Baixo
8354,L55533,L,298.7,309.6,1442,55.6,194,0,0,0,0,0,0,0,0.02440137,Baixo
8355,L55534,L,298.6,309.6,1390,50.3,196,0,0,0,0,0,0,0,0.001964095,Baixo
8356,L55535,L,298.7,309.6,1502,46.7,198,0,0,0,0,0,0,0,3.8842147e-05,Baixo
8357,M23216,M,298.6,309.6,1344,59.4,200,0,0,0,0,0,0,0,0.041354593,Baixo
8358,L55537,L,298.5,309.5,1385,46.3,203,1,1,0,0,0,0,1,0.00037707423,Baixo
8359,L55538,L,298.7,309.7,1547,37.4,0,0,0,0,0,0,0,0,2.899283e-06,Baixo
8360,M23219,M,298.6,309.6,1525,42.4,2,0,0,0,0,0,0,0,1.7439264e-07,Baixo
8361,L55540,L,298.6,309.6,1540,35.8,5,0,0,0,0,0,0,0,5.738231e-07,Baixo
8362,L55541,L,298.6,309.5,1450,44.3,7,0,0,0,0,0,0,0,1.2010986e-06,Baixo
8363,L55542,L,298.6,309.6,1353,62.5,9,0,0,0,0,0,0,0,0.73789614,Alto
8364,L55543,L,298.8,309.7,1582,45.0,11,0,0,0,0,0,0,0,1.5822066e-07,Baixo
8365,L55544,L,298.9,309.8,1396,49.0,13,0,0,0,0,0,0,0,0.00011438516,Baixo
8366,M23225,M,298.8,309.8,1551,36.6,15,0,0,0,0,0,0,0,4.378993e-07,Baixo
8367,M23226,M,298.9,309.8,1836,22.8,18,0,0,0,0,0,0,0,4.7637627e-07,Baixo
8368,L55547,L,298.9,309.8,1390,49.9,21,0,0,0,0,0,0,0,3.6033025e-06,Baixo
8369,L55548,L,298.9,309.8,1534,42.1,23,0,0,0,0,0,0,0,6.437285e-07,Baixo
8370,L55549,L,298.8,309.7,1953,20.6,25,0,0,0,0,0,0,0,1.9317022e-05,Baixo
8371,L55550,L,298.8,309.8,1634,33.6,27,0,0,0,0,0,0,0,1.494145e-07,Baixo
8372,L55551,L,298.7,309.7,1881,21.7,29,0,0,0,0,0,0,0,1.6836071e-05,Baixo
8373,M23232,M,298.8,309.7,1448,44.8,31,0,0,0,0,0,0,0,9.249078e-07,Baixo
8374,M23233,M,298.7,309.7,1362,50.5,34,0,0,0,0,0,0,0,6.74079e-06,Baixo
8375,L55554,L,298.8,309.7,1225,63.4,37,0,0,0,0,0,0,0,0.00041746555,Baixo
8376,M23235,M,298.8,309.6,1384,48.2,39,0,0,0,0,0,0,0,5.634887e-06,Baixo
8377,L55556,L,298.8,309.8,1334,49.3,42,0,0,0,0,0,0,0,2.0876372e-05,Baixo
8378,L55557,L,298.8,309.7,1336,50.3,44,0,0,0,0,0,0,0,8.14575e-06,Baixo
8379,M23238,M,298.8,309.9,1331,61.6,46,0,0,0,0,0,0,0,0.00016545782,Baixo
8380,L55559,L,298.8,309.9,1629,31.9,49,0,0,0,0,0,0,0,2.5181293e-07,Baixo
8381,L55560,L,298.9,310.0,1776,25.7,51,0,0,0,0,0,0,0,4.8080716e-07,Baixo
8382,H37795,H,298.8,310.0,1530,38.3,53,0,0,0,0,0,0,0,1.9688119e-07,Baixo
8383,L55562,L,298.9,310.0,1719,27.3,58,0,0,0,0,0,0,0,3.5267242e-06,Baixo
8384,M23243,M,298.8,309.9,1495,35.2,60,0,0,0,0,0,0,0,1.2426895e-06,Baixo
8385,L55564,L,298.8,309.7,1450,43.1,63,0,0,0,0,0,0,0,2.9191813e-06,Baixo
8386,H37799,H,298.8,309.8,1563,38.8,65,0,0,0,0,0,0,0,2.0615329e-07,Baixo
8387,M23246,M,298.9,309.9,1501,37.1,70,0,0,0,0,0,0,0,6.126132e-07,Baixo
8388,L55567,L,298.8,309.9,1351,47.2,73,0,0,0,0,0,0,0,2.1820262e-05,Baixo
8389,L55568,L,298.9,309.9,1365,46.5,75,0,0,0,0,0,0,0,5.6290402e-05,Baixo
8390,L55569,L,298.8,309.9,1525,39.7,77,0,0,0,0,0,0,0,1.7104963e-05,Baixo
8391,M23250,M,298.8,309.8,1288,61.9,79,0,0,0,0,0,0,0,0.00023112578,Baixo
8392,L55571,L,298.6,309.6,1423,42.7,82,0,0,0,0,0,0,0,4.4148464e-06,Baixo
8393,M23252,M,298.5,309.6,1502,39.4,84,0,0,0,0,0,0,0,1.1119624e-06,Baixo
8394,L55573,L,298.5,309.5,1428,43.5,87,0,0,0,0,0,0,0,0.00024949835,Baixo
8395,M23254,M,298.6,309.5,1566,38.1,89,0,0,0,0,0,0,0,7.90259e-06,Baixo
8396,M23255,M,298.5,309.5,1483,44.8,92,0,0,0,0,0,0,0,2.0448499e-05,Baixo
8397,H37810,H,298.6,309.6,1593,33.3,95,0,0,0,0,0,0,0,9.098595e-08,Baixo
8398,L55577,L,298.5,309.6,1724,26.4,100,0,0,0,0,0,0,0,2.5404088e-05,Baixo
8399,L55578,L,298.5,309.7,2617,12.1,102,1,0,0,1,0,0,1,0.99990976,Crítico
8400,L55579,L,298.6,309.7,1294,59.4,104,0,0,0,0,0,0,0,0.0003153028,Baixo
8401,L55580,L,298.6,309.6,1533,40.7,106,0,0,0,0,0,0,0,1.6747419e-05,Baixo
8402,H37815,H,298.5,309.4,1671,31.8,108,0,0,0,0,0,0,0,1.6612753e-06,Baixo
8403,L55582,L,298.5,309.5,1370,52.4,113,0,0,0,0,0,0,0,0.0034325111,Baixo
8404,L55583,L,298.5,309.6,1462,45.1,115,0,0,0,0,0,0,0,6.33202e-06,Baixo
8405,L55584,L,298.4,309.5,1545,36.6,117,0,0,0,0,0,0,0,1.435102e-05,Baixo
8406,M23265,M,298.4,309.5,1484,41.7,119,0,0,0,0,0,0,0,1.1720501e-05,Baixo
8407,M23266,M,298.4,309.5,1344,45.3,122,0,0,0,0,0,0,0,7.050877e-05,Baixo
8408,L55587,L,298.4,309.5,1357,50.1,125,0,0,0,0,0,0,0,3.2805907e-05,Baixo
8409,M23268,M,298.5,309.6,1572,33.0,127,0,0,0,0,0,0,0,4.4991862e-07,Baixo
8410,L55589,L,298.5,309.6,1861,26.9,130,0,0,0,0,0,0,0,0.00012642743,Baixo
8411,L55590,L,298.5,309.5,1548,44.5,132,0,0,0,0,0,0,0,5.3986078e-06,Baixo
8412,L55591,L,298.6,309.8,1496,37.7,134,0,0,0,0,0,0,0,2.2147708e-05,Baixo
8413,M23272,M,298.6,309.7,1314,49.7,136,0,0,0,0,0,0,0,1.0083543e-05,Baixo
8414,M23273,M,298.6,309.7,1422,49.7,139,0,0,0,0,0,0,0,8.125445e-06,Baixo
8415,L55594,L,298.6,309.8,1842,20.1,142,0,0,0,0,0,0,0,4.052587e-06,Baixo
8416,M23275,M,298.7,309.9,1434,53.0,144,0,0,0,0,0,0,0,2.912074e-06,Baixo
8417,M23276,M,298.8,310.1,1585,31.3,147,0,0,0,0,0,0,0,3.2183874e-07,Baixo
8418,H37831,H,298.8,310.1,1704,30.7,150,0,0,0,0,0,0,0,2.0089608e-07,Baixo
8419,L55598,L,298.9,310.2,1971,23.2,155,0,0,0,0,0,0,0,2.7002627e-05,Baixo
8420,L55599,L,299.0,310.3,1431,39.9,157,0,0,0,0,0,0,0,5.045373e-06,Baixo
8421,L55600,L,298.9,310.4,1546,37.7,159,0,0,0,0,0,0,0,5.469535e-07,Baixo
8422,L55601,L,298.9,310.3,1496,36.3,161,0,0,0,0,0,0,0,1.5331589e-06,Baixo
8423,H37836,H,298.9,310.3,1243,63.0,163,0,0,0,0,0,0,0,2.6286201e-05,Baixo
8424,L55603,L,299.0,310.4,1452,46.2,168,0,0,0,0,0,0,0,1.1762048e-06,Baixo
8425,L55604,L,299.1,310.6,1380,44.7,170,0,0,0,0,0,0,0,1.5727501e-06,Baixo
8426,L55605,L,299.2,310.6,1567,38.4,172,0,0,0,0,0,0,0,5.388552e-06,Baixo
8427,L55606,L,299.1,310.5,1628,35.9,174,0,0,0,0,0,0,0,5.7713088e-08,Baixo
8428,L55607,L,299.1,310.4,1505,46.1,176,0,0,0,0,0,0,0,4.4880056e-07,Baixo
8429,M23288,M,299.0,310.3,1827,28.0,178,0,0,0,0,0,0,0,2.9323203e-06,Baixo
8430,L55609,L,299.0,310.3,1577,40.0,181,0,0,0,0,0,0,0,4.1188926e-07,Baixo
8431,L55610,L,298.9,310.2,1304,57.2,183,0,0,0,0,0,0,0,0.011162493,Baixo
8432,H37845,H,298.9,310.1,1324,54.6,185,0,0,0,0,0,0,0,2.275653e-05,Baixo
8433,L55612,L,298.8,310.0,1537,39.9,190,0,0,0,0,0,0,0,9.201736e-07,Baixo
8434,M23293,M,298.8,310.1,1501,48.7,192,0,0,0,0,0,0,0,3.627209e-07,Baixo
8435,M23294,M,298.7,309.9,1654,29.1,195,0,0,0,0,0,0,0,6.452168e-06,Baixo
8436,M23295,M,298.7,310.0,1519,38.1,198,0,0,0,0,0,0,0,1.4642371e-05,Baixo
8437,L55616,L,298.7,309.9,1371,51.3,201,0,0,0,0,0,0,0,0.015397823,Baixo
8438,L55617,L,298.7,309.8,1181,65.9,203,1,0,0,0,1,0,1,0.9998796,Crítico
8439,L55618,L,298.6,309.8,1469,42.8,205,0,0,0,0,0,0,0,0.0007312598,Baixo
8440,L55619,L,298.6,309.8,1637,34.6,207,0,0,0,0,0,0,0,0.00048424146,Baixo
8441,L55620,L,298.6,309.8,1370,56.0,0,0,0,0,0,0,0,0,0.00010705302,Baixo
8442,L55621,L,298.6,309.9,1630,30.6,2,0,0,0,0,0,0,0,6.1740855e-07,Baixo
8443,L55622,L,298.6,310.0,1517,39.0,4,0,0,0,0,0,0,0,7.048202e-06,Baixo
8444,M23303,M,298.6,309.9,1668,32.3,6,0,0,0,0,0,0,0,1.7537012e-07,Baixo
8445,M23304,M,298.6,309.9,1818,24.9,9,0,0,0,0,0,0,0,9.725505e-07,Baixo
8446,M23305,M,298.6,310.0,1541,36.9,12,0,0,0,0,0,0,0,4.32995e-07,Baixo
8447,L55626,L,298.5,309.9,1482,42.1,15,0,0,0,0,0,0,0,7.2969574e-06,Baixo
8448,L55627,L,298.6,310.1,1439,49.9,17,0,0,0,0,0,0,0,8.252387e-06,Baixo
8449,L55628,L,298.5,310.0,1492,41.2,19,0,0,0,0,0,0,0,8.4080926e-07,Baixo
8450,L55629,L,298.4,309.9,1725,27.8,21,0,0,0,0,0,0,0,4.933064e-06,Baixo
8451,L55630,L,298.4,310.0,1559,44.2,23,0,0,0,0,0,0,0,3.0760805e-07,Baixo
8452,L55631,L,298.5,310.0,1435,42.5,25,0,0,0,0,0,0,0,1.5728656e-06,Baixo
8453,M23312,M,298.6,310.0,1512,37.5,27,0,0,0,0,0,0,0,3.3935073e-06,Baixo
8454,L55633,L,298.6,309.9,1564,37.1,30,0,0,0,0,0,0,0,9.697752e-08,Baixo
8455,L55634,L,298.6,310.0,1522,40.3,32,0,0,0,0,0,0,0,6.8685296e-07,Baixo
8456,L55635,L,298.6,309.9,1356,59.5,34,0,0,0,0,0,0,0,0.0001946943,Baixo
8457,L55636,L,298.6,309.9,1556,38.6,36,0,0,0,0,0,0,0,7.310514e-07,Baixo
8458,L55637,L,298.6,309.9,1393,45.5,38,0,0,0,0,0,0,0,1.8927494e-05,Baixo
8459,L55638,L,298.7,309.9,1753,26.8,40,0,0,0,0,0,0,0,2.6492473e-06,Baixo
8460,L55639,L,298.7,309.9,1651,29.5,42,0,0,0,0,0,0,0,5.380226e-07,Baixo
8461,L55640,L,298.7,309.9,1372,54.7,44,0,0,0,0,0,0,0,5.004226e-05,Baixo
8462,L55641,L,298.7,309.9,1446,43.3,46,0,0,0,0,0,0,0,1.3418505e-06,Baixo
8463,M23322,M,298.7,309.8,1501,44.7,48,0,0,0,0,0,0,0,2.0032213e-07,Baixo
8464,M23323,M,298.7,309.9,1411,45.1,51,0,0,0,0,0,0,0,5.593216e-07,Baixo
8465,H37878,H,298.6,309.7,1672,27.5,54,0,0,0,0,0,0,0,1.6457633e-07,Baixo
8466,M23325,M,298.7,309.8,1475,40.5,59,0,0,0,0,0,0,0,2.9653406e-06,Baixo
8467,L55646,L,298.7,309.8,1469,38.4,62,0,0,0,0,0,0,0,9.280566e-06,Baixo
8468,L55647,L,298.6,309.8,1704,28.3,64,0,0,0,0,0,0,0,8.9220575e-06,Baixo
8469,H37882,H,298.6,309.7,1463,39.1,66,0,0,0,0,0,0,0,3.219904e-07,Baixo
8470,M23329,M,298.6,309.7,1280,64.1,71,0,0,0,0,0,0,0,0.26343393,Baixo
8471,L55650,L,298.7,309.9,1464,38.0,74,0,0,0,0,0,0,0,2.7921998e-05,Baixo
8472,L55651,L,298.6,309.8,1332,46.4,76,0,0,0,0,0,0,0,3.6126876e-05,Baixo
8473,L55652,L,298.5,309.7,1634,37.8,78,0,0,0,0,0,0,0,1.2044137e-05,Baixo
8474,M23333,M,298.6,309.8,1430,43.1,80,0,0,0,0,0,0,0,3.0523363e-06,Baixo
8475,M23334,M,298.5,309.7,1523,44.6,83,0,0,0,0,0,0,0,1.3214075e-06,Baixo
8476,M23335,M,298.5,309.7,1557,37.7,86,0,0,0,0,0,0,0,1.4057501e-05,Baixo
8477,L55656,L,298.5,309.6,1585,32.2,89,0,0,0,0,0,0,0,1.4992581e-06,Baixo
8478,H37891,H,298.5,309.6,1579,33.5,91,0,0,0,0,0,0,0,1.17216636e-07,Baixo
8479,M23338,M,298.5,309.7,1354,60.8,96,0,0,0,0,0,0,0,0.03039333,Baixo
8480,L55659,L,298.6,309.7,1627,33.4,99,0,0,0,0,0,0,0,1.9608949e-07,Baixo
8481,L55660,L,298.4,309.6,1477,35.6,101,0,0,0,0,0,0,0,6.3881857e-06,Baixo
8482,M23341,M,298.3,309.4,1595,29.0,103,0,0,0,0,0,0,0,2.8685538e-06,Baixo
8483,L55662,L,298.4,309.5,1520,38.1,106,0,0,0,0,0,0,0,9.80088e-05,Baixo
8484,L55663,L,298.3,309.4,1618,31.5,108,0,0,0,0,0,0,0,1.0872527e-06,Baixo
8485,L55664,L,298.4,309.5,1397,50.3,110,0,0,0,0,0,0,0,0.00046533725,Baixo
8486,L55665,L,298.4,309.5,1450,47.9,112,0,0,0,0,0,0,0,0.001059423,Baixo
8487,M23346,M,298.5,309.5,1501,40.2,114,0,0,0,0,0,0,0,5.838916e-06,Baixo
8488,L55667,L,298.4,309.4,1392,50.1,117,0,0,0,0,0,0,0,0.00057878974,Baixo
8489,L55668,L,298.4,309.4,1385,43.2,119,0,0,0,0,0,0,0,0.0007607833,Baixo
8490,L55669,L,298.4,309.4,1461,46.3,121,0,0,0,0,0,0,0,0.00037190554,Baixo
8491,M23350,M,298.5,309.6,1364,58.7,123,0,0,0,0,0,0,0,6.509778e-05,Baixo
8492,L55671,L,298.5,309.5,1579,38.6,126,0,0,0,0,0,0,0,1.4788106e-05,Baixo
8493,M23352,M,298.4,309.5,1514,38.8,128,0,0,0,0,0,0,0,1.1396383e-05,Baixo
8494,M23353,M,298.3,309.5,1560,36.9,131,0,0,0,0,0,0,0,2.1238322e-06,Baixo
8495,L55674,L,298.3,309.5,1542,36.7,134,0,0,0,0,0,0,0,2.6122323e-06,Baixo
8496,L55675,L,298.3,309.4,1668,27.1,136,0,0,0,0,0,0,0,3.014429e-05,Baixo
8497,M23356,M,298.3,309.4,1816,22.6,138,0,0,0,0,0,0,0,1.6355867e-06,Baixo
8498,M23357,M,298.3,309.4,1509,34.2,141,0,0,0,0,0,0,0,1.0308953e-06,Baixo
8499,L55678,L,298.4,309.6,1479,37.8,144,0,0,0,0,0,0,0,2.5782907e-05,Baixo
8500,L55679,L,298.4,309.6,1655,30.2,146,0,0,0,0,0,0,0,9.012655e-06,Baixo
8501,L55680,L,298.3,309.5,1711,30.3,148,0,0,0,0,0,0,0,3.0077357e-05,Baixo
8502,L55681,L,298.4,309.7,1581,34.6,150,0,0,0,0,0,0,0,6.02524e-08,Baixo
8503,H37916,H,298.6,309.8,1279,55.9,152,0,0,0,0,0,0,0,4.9298937e-06,Baixo
8504,L55683,L,298.5,309.8,1468,40.9,157,0,0,0,0,0,0,0,9.076562e-06,Baixo
8505,L55684,L,298.4,309.7,1419,41.3,159,0,0,0,0,0,0,0,2.1491032e-05,Baixo
8506,L55685,L,298.4,309.7,1530,38.6,161,0,0,0,0,0,0,0,0.00013489446,Baixo
8508,L55687,L,298.4,309.7,1518,39.8,165,0,0,0,0,0,0,0,3.118882e-06,Baixo
8509,M23368,M,298.4,309.7,1679,33.3,167,0,0,0,0,0,0,0,2.1700407e-07,Baixo
8510,M23369,M,298.4,309.7,1870,22.5,170,0,0,0,0,0,0,0,6.430464e-05,Baixo
8511,L55690,L,298.3,309.7,1484,44.3,173,0,0,0,0,0,0,0,3.78613e-06,Baixo
8512,L55691,L,298.4,309.7,1457,44.2,175,0,0,0,0,0,0,0,6.725251e-05,Baixo
8513,H37926,H,298.3,309.6,1546,36.2,177,0,0,0,0,0,0,0,7.2288776e-06,Baixo
8514,M23373,M,298.2,309.5,1478,36.5,182,0,0,0,0,0,0,0,4.7476306e-06,Baixo
8515,L55694,L,298.2,309.4,1447,47.1,185,0,0,0,0,0,0,0,8.589841e-06,Baixo
8516,L55695,L,298.2,309.4,1443,45.4,187,0,0,0,0,0,0,0,5.0622602e-05,Baixo
8517,L55696,L,298.3,309.6,1527,30.9,189,0,0,0,0,0,0,0,2.7573255e-06,Baixo
8518,M23377,M,298.3,309.6,1469,54.8,191,0,0,0,0,0,0,0,3.9051585e-05,Baixo
8519,M23378,M,298.3,309.6,1681,27.1,194,0,0,0,0,0,0,0,1.4351731e-05,Baixo
8520,L55699,L,298.3,309.6,1420,44.1,197,0,0,0,0,0,0,0,3.0029696e-05,Baixo
8521,M23380,M,298.3,309.5,1543,49.9,199,0,0,0,0,0,0,0,4.9151447e-05,Baixo
8522,L55701,L,298.4,309.5,1376,50.4,202,0,0,0,0,0,0,0,0.00089585164,Baixo
8523,H37936,H,298.3,309.4,1631,29.8,0,0,0,0,0,0,0,0,1.0418963e-07,Baixo
8524,H37937,H,298.3,309.3,1529,41.7,5,0,0,0,0,0,0,0,8.5499806e-08,Baixo
8525,L55704,L,298.3,309.4,1468,46.2,10,0,0,0,0,0,0,0,1.4147475e-05,Baixo
8526,L55705,L,298.3,309.4,1378,52.3,12,0,0,0,0,0,0,0,6.913001e-05,Baixo
8527,L55706,L,298.3,309.3,1401,51.9,14,0,0,0,0,0,0,0,4.6055306e-06,Baixo
8528,L55707,L,298.4,309.3,1531,37.4,16,0,0,0,0,0,0,0,1.2193967e-05,Baixo
8529,L55708,L,298.4,309.3,1512,35.8,18,0,0,0,0,0,0,0,1.9433073e-06,Baixo
8530,M23389,M,298.5,309.4,1522,47.4,20,0,0,0,0,0,0,0,1.7395492e-06,Baixo
8531,M23390,M,298.5,309.3,1615,31.8,23,0,0,0,0,0,0,0,3.1553435e-07,Baixo
8532,L55711,L,298.6,309.3,1449,46.5,26,0,0,0,0,0,0,0,6.554568e-06,Baixo
8533,L55712,L,298.6,309.4,1315,55.5,28,0,0,0,0,0,0,0,7.349217e-06,Baixo
8534,M23393,M,298.6,309.4,1465,41.1,30,0,0,0,0,0,0,0,3.338662e-07,Baixo
8535,M23394,M,298.6,309.5,1404,43.3,33,0,0,0,0,0,0,0,6.6658868e-06,Baixo
8536,L55715,L,298.6,309.5,1547,44.8,36,0,0,0,0,0,0,0,2.3697814e-07,Baixo
8537,M23396,M,298.6,309.5,1426,45.4,38,0,0,0,0,0,0,0,1.2229242e-06,Baixo
8538,L55717,L,298.6,309.5,1730,30.2,41,0,0,0,0,0,0,0,9.93767e-07,Baixo
8539,L55718,L,298.5,309.4,1548,37.7,43,0,0,0,0,0,0,0,1.8724801e-06,Baixo
8540,L55719,L,298.5,309.4,1517,40.2,45,0,0,0,0,0,0,0,3.1379013e-06,Baixo
8541,L55720,L,298.6,309.5,1687,29.3,47,0,0,0,0,0,0,0,1.4871822e-06,Baixo
8542,L55721,L,298.5,309.5,1738,25.2,49,0,0,0,0,0,0,0,5.01028e-06,Baixo
8543,H37956,H,298.4,309.4,1512,35.3,51,0,0,0,0,0,0,0,3.5037127e-07,Baixo
8544,M23403,M,298.5,309.4,1365,48.7,56,0,0,0,0,0,0,0,2.4063318e-06,Baixo
8545,H37958,H,298.5,309.4,2011,21.0,59,0,0,0,0,0,0,0,1.0259677e-05,Baixo
8546,L55725,L,298.4,309.3,1806,27.6,64,0,0,0,0,0,0,0,3.980025e-06,Baixo
8547,L55726,L,298.4,309.3,1716,28.4,66,0,0,0,0,0,0,0,1.6243965e-05,Baixo
8548,M23407,M,298.4,309.4,1666,24.3,68,0,0,0,0,0,0,0,7.135011e-06,Baixo
8549,L55728,L,298.5,309.4,1578,36.3,71,0,0,0,0,0,0,0,1.11549774e-07,Baixo
8550,L55729,L,298.3,309.3,1558,37.2,73,0,0,0,0,0,0,0,9.3083554e-07,Baixo
8551,L55730,L,298.3,309.2,1456,45.5,75,0,0,0,0,0,0,0,1.8812328e-06,Baixo
8552,M23411,M,298.2,309.1,1457,49.0,77,0,0,0,0,0,0,0,2.4924552e-06,Baixo
8553,L55732,L,298.2,309.1,1467,44.5,80,0,0,0,0,0,0,0,1.7850576e-07,Baixo
8554,M23413,M,298.1,309.0,1661,38.2,82,0,0,0,0,0,0,0,4.397287e-06,Baixo
8555,L55734,L,298.1,309.0,1592,33.9,85,0,0,0,0,0,0,0,7.5290205e-07,Baixo
8556,L55735,L,298.2,309.0,1596,37.2,87,0,0,0,0,0,0,0,2.2239013e-07,Baixo
8557,L55736,L,298.2,309.0,1489,40.6,89,0,0,0,0,0,0,0,2.2145773e-06,Baixo
8558,L55737,L,298.3,309.0,1471,48.3,91,0,0,0,0,0,0,0,2.2006022e-06,Baixo
8559,M23418,M,298.3,309.0,1505,41.3,93,0,0,0,0,0,0,0,1.5942555e-06,Baixo
8560,L55739,L,298.3,309.0,1519,40.0,96,0,0,0,0,0,0,0,1.1725616e-06,Baixo
8561,L55740,L,298.3,309.0,1408,45.4,98,0,0,0,0,0,0,0,2.9023092e-06,Baixo
8562,L55741,L,298.2,308.9,1332,44.4,100,0,0,0,0,0,0,0,0.002657957,Baixo
8563,L55742,L,298.1,308.9,1351,52.4,102,0,0,0,0,0,0,0,2.8731298e-05,Baixo
8564,L55743,L,298.0,308.9,1500,36.7,104,0,0,0,0,0,0,0,1.3991643e-05,Baixo
8565,M23424,M,298.0,308.7,1614,30.7,106,0,0,0,0,0,0,0,2.1586588e-05,Baixo
8566,L55745,L,298.0,308.8,1489,36.5,109,0,0,0,0,0,0,0,4.611398e-06,Baixo
8567,M23426,M,297.9,308.7,1751,26.6,111,0,0,0,0,0,0,0,1.806353e-05,Baixo
8568,L55747,L,298.0,308.7,1511,45.8,114,0,0,0,0,0,0,0,1.2535302e-05,Baixo
8569,L55748,L,297.9,308.6,1691,29.6,116,0,0,0,0,0,0,0,2.6603835e-05,Baixo
8570,L55749,L,297.9,308.6,1757,27.5,118,0,0,0,0,0,0,0,1.2287927e-05,Baixo
8571,H37984,H,297.9,308.7,1545,35.9,120,0,0,0,0,0,0,0,1.0516356e-05,Baixo
8572,L55751,L,297.9,308.6,2262,15.7,125,0,0,0,0,0,0,0,0.48058856,Moderado
8573,M23432,M,297.7,308.5,1559,35.2,127,0,0,0,0,0,0,0,1.8854178e-06,Baixo
8574,L55753,L,297.6,308.4,1626,32.4,130,0,0,0,0,0,0,0,1.428316e-05,Baixo
8575,L55754,L,297.6,308.3,1424,53.9,132,0,0,0,0,0,0,0,2.216054e-06,Baixo
8576,M23435,M,297.6,308.3,1648,29.1,134,0,0,0,0,0,0,0,8.351143e-06,Baixo
8577,L55756,L,297.6,308.3,1523,39.5,137,0,0,0,0,0,0,0,2.9602916e-06,Baixo
8578,L55757,L,297.6,308.3,1502,43.2,139,0,0,0,0,0,0,0,9.310069e-07,Baixo
8579,L55758,L,297.5,308.2,1489,40.7,141,0,0,0,0,0,0,0,7.013002e-06,Baixo
8580,M23439,M,297.4,308.1,1620,31.2,143,0,0,0,0,0,0,0,3.2360917e-06,Baixo
8581,L55760,L,297.5,308.1,1631,30.6,146,0,0,0,0,0,0,0,1.303078e-05,Baixo
8582,M23441,M,297.5,308.0,1429,45.8,148,0,0,0,0,0,0,0,1.2726007e-06,Baixo
8583,M23442,M,297.5,308.1,1334,72.0,151,1,0,0,1,0,0,1,0.99861133,Crítico
8584,L55763,L,297.4,308.0,1423,38.0,154,0,0,0,0,0,0,0,0.00024972705,Baixo
8585,L55764,L,297.4,307.9,1390,47.7,156,0,0,0,0,0,0,0,1.2109485e-05,Baixo
8586,M23445,M,297.4,307.9,1338,48.5,158,0,0,0,0,0,0,0,5.349811e-06,Baixo
8587,H38000,H,297.3,307.9,1461,37.5,161,0,0,0,0,0,0,0,0.00018750274,Baixo
8588,M23447,M,297.4,307.9,1627,34.3,166,0,0,0,0,0,0,0,1.3477806e-05,Baixo
8589,L55768,L,297.3,307.8,1385,44.4,169,0,0,0,0,0,0,0,0.00015409205,Baixo
8590,M23449,M,297.3,307.8,1538,48.0,171,0,0,0,0,0,0,0,6.1652345e-06,Baixo
8591,L55770,L,297.4,307.9,1557,35.5,174,0,0,0,0,0,0,0,7.24655e-07,Baixo
8592,L55771,L,297.4,307.9,1606,33.4,176,0,0,0,0,0,0,0,4.128792e-07,Baixo
8593,M23452,M,297.5,308.0,1430,44.5,178,0,0,0,0,0,0,0,1.9577308e-06,Baixo
8594,M23453,M,297.4,308.0,1601,34.6,181,0,0,0,0,0,0,0,9.128707e-06,Baixo
8595,L55774,L,297.4,308.0,1356,51.9,184,0,0,0,0,0,0,0,3.13648e-05,Baixo
8596,M23455,M,297.5,308.2,1624,30.9,186,0,0,0,0,0,0,0,1.0232094e-05,Baixo
8597,L55776,L,297.5,308.2,1327,56.5,189,0,0,0,0,0,0,0,0.7647516,Alto
8598,L55777,L,297.6,308.3,1410,47.0,191,0,0,0,0,0,0,0,4.9346777e-06,Baixo
8599,L55778,L,297.6,308.3,1478,42.3,193,0,0,0,0,0,0,0,6.1192695e-06,Baixo
8600,L55779,L,297.6,308.4,1460,40.3,195,0,0,0,0,0,0,0,0.00014165117,Baixo
8601,L55780,L,297.5,308.3,1435,40.3,197,0,0,0,0,0,0,0,1.6471058e-05,Baixo
8602,H38015,H,297.4,308.2,1359,46.9,199,0,0,0,0,0,0,0,9.692168e-05,Baixo
8603,L55782,L,297.4,308.1,1729,31.7,204,0,0,0,0,0,0,0,0.00030959112,Baixo
8604,H38017,H,297.3,308.0,1384,49.1,206,0,0,0,0,0,0,0,0.01578834,Baixo
8605,L55784,L,297.4,308.2,1297,52.1,211,0,0,0,0,0,0,0,0.9586724,Crítico
8606,L55785,L,297.5,308.4,1633,33.3,213,0,0,0,0,0,0,0,0.00011477282,Baixo
8607,M23466,M,297.5,308.4,1505,37.2,215,0,0,0,0,0,0,0,0.00043358124,Baixo
8608,L55787,L,297.5,308.4,1433,50.0,218,0,0,0,0,0,0,0,0.06726474,Baixo
8609,L55788,L,297.4,308.4,1369,50.6,220,1,0,0,0,1,0,1,0.095833436,Baixo
8610,L55789,L,297.4,308.3,1475,40.5,222,1,1,0,0,0,0,1,0.0010406184,Baixo
8611,L55790,L,297.4,308.3,1561,38.3,0,0,0,0,0,0,0,0,6.3590464e-06,Baixo
8612,L55791,L,297.4,308.3,1472,45.5,2,0,0,0,0,0,0,0,2.5270597e-06,Baixo
8613,L55792,L,297.5,308.4,1441,44.5,4,0,0,0,0,0,0,0,1.4925018e-06,Baixo
8614,M23473,M,297.5,308.5,1401,50.5,6,0,0,0,0,0,0,0,3.394692e-06,Baixo
8615,L55794,L,297.5,308.5,1691,33.1,9,0,0,0,0,0,0,0,7.5770968e-06,Baixo
8616,L55795,L,297.6,308.6,1382,47.1,11,0,0,0,0,0,0,0,8.729014e-06,Baixo
8617,L55796,L,297.6,308.6,1355,46.4,13,0,0,0,0,0,0,0,3.0524382e-06,Baixo
8618,L55797,L,297.6,308.6,1529,45.3,15,0,0,0,0,0,0,0,5.7221433e-07,Baixo
8619,L55798,L,297.7,308.7,1829,24.9,17,0,0,0,0,0,0,0,4.1791286e-06,Baixo
8620,H38033,H,297.6,308.6,1480,39.8,19,0,0,0,0,0,0,0,1.567524e-06,Baixo
8621,L55800,L,297.6,308.5,1475,42.4,24,0,0,0,0,0,0,0,2.0249483e-06,Baixo
8622,M23481,M,297.6,308.5,1431,52.6,26,0,0,0,0,0,0,0,7.218242e-06,Baixo
8623,L55802,L,297.5,308.3,1437,42.3,29,0,0,0,0,0,0,0,2.5437096e-06,Baixo
8624,M23483,M,297.5,308.3,1476,45.6,31,0,0,0,0,0,0,0,1.0258642e-06,Baixo
8625,H38038,H,297.5,308.4,1490,39.7,34,0,0,0,0,0,0,0,2.8112854e-07,Baixo
8626,L55805,L,297.4,308.3,1632,33.5,39,0,0,0,0,0,0,0,4.9473726e-07,Baixo
8627,L55806,L,297.4,308.2,1402,49.7,41,0,0,0,0,0,0,0,1.2657223e-06,Baixo
8628,L55807,L,297.4,308.3,1347,45.8,43,0,0,0,0,0,0,0,3.2385215e-06,Baixo
8629,L55808,L,297.5,308.4,1747,31.0,45,0,0,0,0,0,0,0,6.537978e-07,Baixo
8630,H38043,H,297.5,308.5,1557,39.1,47,0,0,0,0,0,0,0,1.3150525e-06,Baixo
8631,L55810,L,297.4,308.4,1371,57.4,52,0,0,0,0,0,0,0,0.00016076656,Baixo
8632,H38045,H,297.3,308.3,1506,37.0,54,0,0,0,0,0,0,0,7.92258e-07,Baixo
8633,L55812,L,297.3,308.3,1590,35.5,59,0,0,0,0,0,0,0,6.3638267e-06,Baixo
8634,L55813,L,297.4,308.3,1336,53.7,61,0,0,0,0,0,0,0,7.839265e-05,Baixo
8635,L55814,L,297.3,308.3,1411,43.2,63,0,0,0,0,0,0,0,1.7444701e-05,Baixo
8636,L55815,L,297.4,308.3,1704,27.3,65,0,0,0,0,0,0,0,6.4796535e-05,Baixo
8637,L55816,L,297.5,308.4,1723,27.3,67,0,0,0,0,0,0,0,1.0746683e-05,Baixo
8638,L55817,L,297.5,308.5,1459,39.7,69,0,0,0,0,0,0,0,2.4352204e-05,Baixo
8639,L55818,L,297.6,308.5,1572,35.9,71,0,0,0,0,0,0,0,1.262704e-05,Baixo
8640,L55819,L,297.5,308.4,1384,56.0,73,0,0,0,0,0,0,0,3.3062504e-05,Baixo
8641,L55820,L,297.6,308.6,1383,47.5,75,0,0,0,0,0,0,0,3.7063587e-06,Baixo
8642,M23501,M,297.6,308.5,1360,48.6,77,0,0,0,0,0,0,0,8.609975e-06,Baixo
8643,M23502,M,297.5,308.4,1596,36.6,80,0,0,0,0,0,0,0,1.5500007e-05,Baixo
8644,L55823,L,297.5,308.5,1448,54.3,83,0,0,0,0,0,0,0,7.192155e-05,Baixo
8645,M23504,M,297.6,308.5,1443,38.2,85,0,0,0,0,0,0,0,0.00025978265,Baixo
8646,M23505,M,297.6,308.6,1492,35.5,88,0,0,0,0,0,0,0,2.197563e-05,Baixo
8647,L55826,L,297.5,308.6,1497,43.9,91,0,0,0,0,0,0,0,5.6500185e-06,Baixo
8648,L55827,L,297.5,308.5,1530,38.5,93,0,0,0,0,0,0,0,1.2601958e-05,Baixo
8649,M23508,M,297.4,308.4,1478,46.2,95,0,0,0,0,0,0,0,3.8885548e-05,Baixo
8650,L55829,L,297.4,308.4,1328,61.8,98,0,0,0,0,0,0,0,0.0220676,Baixo
8651,H38064,H,297.4,308.3,1771,27.4,100,0,0,0,0,0,0,0,5.604007e-07,Baixo
8652,M23511,M,297.4,308.4,1564,35.0,105,0,0,0,0,0,0,0,4.579569e-05,Baixo
8653,H38066,H,297.3,308.3,1461,41.5,108,0,0,0,0,0,0,0,3.441895e-06,Baixo
8654,M23513,M,297.4,308.3,1335,57.9,113,0,0,0,0,0,0,0,0.00016912718,Baixo
8655,M23514,M,297.4,308.4,1441,46.8,116,0,0,0,0,0,0,0,1.9074687e-05,Baixo
8656,L55835,L,297.3,308.3,1268,60.6,119,0,0,0,0,0,0,0,0.00025718095,Baixo
8657,M23516,M,297.3,308.3,1697,27.4,121,0,0,0,0,0,0,0,2.0166122e-05,Baixo
8658,L55837,L,297.4,308.4,1421,46.0,124,0,0,0,0,0,0,0,1.984497e-06,Baixo
8659,L55838,L,297.4,308.5,1496,36.4,126,0,0,0,0,0,0,0,6.679135e-06,Baixo
8660,L55839,L,297.5,308.5,1375,55.6,128,0,0,0,0,0,0,0,3.4062152e-05,Baixo
8661,L55840,L,297.4,308.5,1295,52.1,130,0,0,0,0,0,0,0,1.6827082e-05,Baixo
8662,L55841,L,297.4,308.5,1643,33.8,132,0,0,0,0,0,0,0,1.2500793e-06,Baixo
8663,L55842,L,297.5,308.6,1514,36.9,134,0,0,0,0,0,0,0,9.041072e-06,Baixo
8664,L55843,L,297.5,308.6,1671,29.4,136,0,0,0,0,0,0,0,2.4221977e-06,Baixo
8665,H38078,H,297.5,308.6,1355,58.9,138,0,0,0,0,0,0,0,2.616408e-05,Baixo
8666,L55845,L,297.6,308.7,1365,50.6,143,0,0,0,0,0,0,0,1.312468e-05,Baixo
8667,L55846,L,297.5,308.7,1407,42.5,145,0,0,0,0,0,0,0,1.2136318e-06,Baixo
8668,M23527,M,297.5,308.8,1455,46.1,147,0,0,0,0,0,0,0,1.1225663e-05,Baixo
8669,L55848,L,297.5,308.8,1502,45.9,150,0,0,0,0,0,0,0,1.7680068e-06,Baixo
8670,M23529,M,297.5,308.8,1471,52.3,152,0,0,0,0,0,0,0,0.00031975063,Baixo
8671,L55850,L,297.5,308.9,1581,30.4,155,0,0,0,0,0,0,0,4.2354736e-06,Baixo
8672,L55851,L,297.5,308.8,1530,37.8,157,0,0,0,0,0,0,0,3.8044178e-05,Baixo
8673,L55852,L,297.5,308.8,1312,50.3,159,0,0,0,0,0,0,0,7.610968e-06,Baixo
8674,L55853,L,297.4,308.6,1494,42.6,161,0,0,0,0,0,0,0,3.6403192e-06,Baixo
8675,M23534,M,297.4,308.6,1528,29.1,163,0,0,0,0,0,0,0,5.648661e-06,Baixo
8676,H38089,H,297.3,308.6,1688,29.4,166,0,0,0,0,0,0,0,3.443458e-05,Baixo
8677,M23536,M,297.3,308.5,1520,42.4,171,0,0,0,0,0,0,0,5.1600377e-06,Baixo
8678,M23537,M,297.3,308.5,1664,28.9,174,0,0,0,0,0,0,0,2.4862875e-05,Baixo
8679,L55858,L,297.3,308.5,1514,44.5,177,0,0,0,0,0,0,0,1.7634196e-05,Baixo
8680,L55859,L,297.3,308.5,1456,54.2,179,0,0,0,0,0,0,0,3.0907187e-05,Baixo
8681,L55860,L,297.2,308.5,1494,39.6,181,0,0,0,0,0,0,0,5.5082787e-06,Baixo
8682,L55861,L,297.2,308.4,1605,30.0,183,0,0,0,0,0,0,0,6.050655e-06,Baixo
8683,M23542,M,297.2,308.5,1353,46.5,185,0,0,0,0,0,0,0,7.429972e-05,Baixo
8684,L55863,L,297.2,308.5,1447,47.9,188,0,0,0,0,0,0,0,7.668212e-06,Baixo
8685,L55864,L,297.2,308.5,1588,40.4,190,0,0,0,0,0,0,0,8.763604e-06,Baixo
8686,H38099,H,297.2,308.5,1524,41.4,192,0,0,0,0,0,0,0,2.7396225e-06,Baixo
8687,M23546,M,297.2,308.5,1611,31.6,197,0,0,0,0,0,0,0,3.138476e-06,Baixo
8688,M23547,M,297.2,308.5,1604,34.9,200,0,0,0,0,0,0,0,0.0008547523,Baixo
8689,L55868,L,297.1,308.5,1483,46.9,203,0,0,0,0,0,0,0,3.883622e-05,Baixo
8690,L55869,L,297.1,308.4,1543,39.6,205,0,0,0,0,0,0,0,0.0075808386,Baixo
8691,L55870,L,297.1,308.5,1323,44.4,207,1,1,0,0,0,0,1,0.0007204943,Baixo
8692,L55871,L,297.1,308.5,1555,36.2,0,0,0,0,0,0,0,0,6.13403e-07,Baixo
8693,L55872,L,297.1,308.4,1583,31.9,2,0,0,0,0,0,0,0,2.720429e-07,Baixo
8694,M23553,M,297.2,308.5,1584,40.0,4,0,0,0,0,0,0,0,5.4303437e-06,Baixo
8695,L55874,L,297.2,308.5,1766,25.8,7,0,0,0,0,0,0,0,2.752309e-05,Baixo
8696,M23555,M,297.2,308.6,1498,44.4,9,0,0,0,0,0,0,0,3.8777193e-06,Baixo
8697,L55876,L,297.2,308.6,1413,49.8,12,0,0,0,0,0,0,0,1.5764275e-06,Baixo
8698,L55877,L,297.3,308.6,1505,33.5,14,0,0,0,0,0,0,0,8.27099e-07,Baixo
8699,H38112,H,297.3,308.7,1438,46.2,16,0,0,0,0,0,0,0,3.5513276e-07,Baixo
8700,M23559,M,297.3,308.7,1655,34.1,21,0,0,0,0,0,0,0,2.535586e-07,Baixo
8701,M23560,M,297.3,308.7,1451,43.8,24,0,0,0,0,0,0,0,4.4723845e-07,Baixo
8702,M23561,M,297.3,308.7,1466,38.4,27,0,0,0,0,0,0,0,3.2776773e-06,Baixo
8703,L55882,L,297.2,308.6,1774,23.0,30,0,0,0,0,0,0,0,2.0149015e-05,Baixo
8704,M23563,M,297.2,308.6,1284,51.3,32,0,0,0,0,0,0,0,8.032176e-06,Baixo
8705,L55884,L,297.1,308.5,1425,40.0,35,0,0,0,0,0,0,0,2.933514e-05,Baixo
8706,L55885,L,297.2,308.6,1437,52.4,37,0,0,0,0,0,0,0,6.707157e-06,Baixo
8707,L55886,L,297.2,308.6,1335,53.0,39,0,0,0,0,0,0,0,3.0930656e-05,Baixo
8708,L55887,L,297.2,308.5,1471,41.7,41,0,0,0,0,0,0,0,2.2612621e-06,Baixo
8709,M23568,M,297.2,308.5,1364,54.0,43,0,0,0,0,0,0,0,4.3734162e-05,Baixo
8710,L55889,L,297.1,308.5,1578,35.6,46,0,0,0,0,0,0,0,3.3325905e-06,Baixo
8711,L55890,L,297.1,308.5,1712,32.1,48,0,0,0,0,0,0,0,4.4192177e-07,Baixo
8712,L55891,L,297.1,308.5,1733,28.7,50,0,0,0,0,0,0,0,4.4311287e-06,Baixo
8713,L55892,L,297.2,308.6,1652,32.1,52,0,0,0,0,0,0,0,5.6634553e-07,Baixo
8714,L55893,L,297.2,308.6,1917,24.1,54,0,0,0,0,0,0,0,0.00040231264,Baixo
8715,M23574,M,297.2,308.6,1444,41.1,56,0,0,0,0,0,0,0,1.3351719e-05,Baixo
8716,L55895,L,297.1,308.6,1442,37.1,59,0,0,0,0,0,0,0,2.8966185e-06,Baixo
8717,M23576,M,297.1,308.6,1717,31.3,61,0,0,0,0,0,0,0,4.5889004e-07,Baixo
8718,L55897,L,297.1,308.7,1474,42.3,64,0,0,0,0,0,0,0,4.194465e-06,Baixo
8719,L55898,L,297.2,308.7,1509,39.3,66,0,0,0,0,0,0,0,7.10992e-06,Baixo
8720,L55899,L,297.2,308.8,1451,43.1,68,0,0,0,0,0,0,0,2.7212595e-06,Baixo
8721,L55900,L,297.3,308.8,1554,36.1,70,0,0,0,0,0,0,0,2.2755921e-05,Baixo
8722,L55901,L,297.2,308.7,1669,30.7,72,0,0,0,0,0,0,0,2.3149341e-05,Baixo
8723,L55902,L,297.2,308.6,1366,50.4,74,0,0,0,0,0,0,0,2.1216265e-05,Baixo
8724,L55903,L,297.2,308.6,1578,34.4,76,0,0,0,0,0,0,0,3.7033415e-06,Baixo
8725,M23584,M,297.2,308.6,1513,39.0,78,0,0,0,0,0,0,0,1.3178308e-06,Baixo
8726,M23585,M,297.1,308.5,1515,42.1,81,0,0,0,0,0,0,0,7.081775e-06,Baixo
8727,L55906,L,297.2,308.6,1562,33.0,84,0,0,0,0,0,0,0,7.316317e-07,Baixo
8728,L55907,L,297.2,308.7,1501,38.5,86,0,0,0,0,0,0,0,1.1039344e-05,Baixo
8729,M23588,M,297.2,308.7,1398,38.1,88,0,0,0,0,0,0,0,0.0014854464,Baixo
8730,L55909,L,297.3,308.7,1352,53.8,91,0,0,0,0,0,0,0,7.068098e-05,Baixo
8731,H38144,H,297.3,308.7,1569,33.9,93,0,0,0,0,0,0,0,8.4094796e-07,Baixo
8732,H38145,H,297.2,308.6,1486,46.6,98,0,0,0,0,0,0,0,2.1102256e-05,Baixo
8733,L55912,L,297.2,308.6,1864,23.6,103,0,0,0,0,0,0,0,0.0035651827,Baixo
8734,M23593,M,297.3,308.7,1447,44.5,105,0,0,0,0,0,0,0,1.2744832e-06,Baixo
8735,L55914,L,297.2,308.6,1392,41.5,108,0,0,0,0,0,0,0,2.3609919e-05,Baixo
8736,L55915,L,297.3,308.6,1358,47.6,110,0,0,0,0,0,0,0,6.8239635e-05,Baixo
8737,L55916,L,297.3,308.7,1491,40.2,112,0,0,0,0,0,0,0,4.291248e-06,Baixo
8738,L55917,L,297.3,308.7,1556,36.7,114,0,0,0,0,0,0,0,7.635446e-06,Baixo
8739,L55918,L,297.3,308.7,1531,36.7,116,0,0,0,0,0,0,0,2.1727588e-05,Baixo
8740,H38153,H,297.4,308.7,1429,37.6,118,0,0,0,0,0,0,0,8.983203e-05,Baixo
8741,M23600,M,297.4,308.8,1573,33.9,123,0,0,0,0,0,0,0,1.206393e-06,Baixo
8742,L55921,L,297.4,308.8,1538,41.2,126,0,0,0,0,0,0,0,6.504317e-06,Baixo
8743,L55922,L,297.4,308.8,1467,39.0,128,0,0,0,0,0,0,0,0.00014848594,Baixo
8744,H38157,H,297.4,308.7,1323,51.1,130,0,0,0,0,0,0,0,9.859603e-06,Baixo
8745,M23604,M,297.4,308.7,1798,23.0,135,0,0,0,0,0,0,0,4.5881192e-05,Baixo
8746,L55925,L,297.4,308.6,1411,46.3,138,0,0,0,0,0,0,0,1.0757838e-05,Baixo
8747,L55926,L,297.3,308.5,1528,44.5,140,0,0,0,0,0,0,0,7.746268e-07,Baixo
8748,L55927,L,297.3,308.5,1504,42.0,142,0,0,0,0,0,0,0,3.2854887e-06,Baixo
8749,L55928,L,297.3,308.5,1384,39.6,144,0,0,0,0,0,0,0,1.0707114e-05,Baixo
8750,L55929,L,297.2,308.4,1677,26.4,146,0,0,0,0,0,0,0,3.5660914e-06,Baixo
8751,L55930,L,297.3,308.5,1764,30.8,148,0,0,0,0,0,0,0,1.6088208e-05,Baixo
8752,M23611,M,297.4,308.5,1472,42.0,150,0,0,0,0,0,0,0,2.2456707e-06,Baixo
8753,M23612,M,297.4,308.5,1465,55.9,153,0,0,0,0,0,0,0,0.00019868428,Baixo
8754,M23613,M,297.4,308.6,1657,33.1,156,0,0,0,0,0,0,0,1.7512559e-06,Baixo
8755,L55934,L,297.4,308.6,1635,30.5,159,0,0,0,0,0,0,0,5.8829937e-05,Baixo
8756,M23615,M,297.4,308.7,1582,31.9,161,0,0,0,0,0,0,0,1.4403025e-06,Baixo
8757,L55936,L,297.5,308.7,1761,26.2,164,0,0,0,0,0,0,0,0.0009327635,Baixo
8758,L55937,L,297.5,308.8,1587,34.9,166,0,0,0,0,0,0,0,1.7654038e-07,Baixo
8759,M23618,M,297.5,308.7,1446,53.0,168,0,0,0,0,0,0,0,0.00052184245,Baixo
8760,M23619,M,297.5,308.7,1352,53.0,171,0,0,0,0,0,0,0,1.4118062e-06,Baixo
8761,M23620,M,297.4,308.7,1392,46.4,174,0,0,0,0,0,0,0,1.2665386e-06,Baixo
8762,L55941,L,297.5,308.8,1417,49.8,177,0,0,0,0,0,0,0,1.2381718e-06,Baixo
8763,H38176,H,297.5,308.8,1824,24.0,179,0,0,0,0,0,0,0,5.1026234e-07,Baixo
8764,L55943,L,297.5,308.8,1603,36.7,184,0,0,0,0,0,0,0,1.7244132e-05,Baixo
8765,L55944,L,297.4,308.8,1620,33.4,186,0,0,0,0,0,0,0,5.3054987e-07,Baixo
8766,L55945,L,297.4,308.8,1353,49.4,188,0,0,0,0,0,0,0,2.3489878e-05,Baixo
8767,L55946,L,297.5,308.8,1360,50.7,190,0,0,0,0,0,0,0,0.00041271842,Baixo
8768,L55947,L,297.5,308.6,1380,53.5,192,0,0,0,0,0,0,0,0.00088593405,Baixo
8769,M23628,M,297.5,308.7,1363,53.6,194,0,0,0,0,0,0,0,3.5109297e-05,Baixo
8770,M23629,M,297.4,308.6,1452,41.2,197,0,0,0,0,0,0,0,0.00033236845,Baixo
8771,L55950,L,297.4,308.6,1680,32.8,200,0,0,0,0,0,0,0,0.0017663218,Baixo
8772,L55951,L,297.5,308.6,1536,39.0,202,0,0,0,0,0,0,0,0.0008466956,Baixo
8773,L55952,L,297.5,308.6,1621,28.9,0,0,0,0,0,0,0,0,3.0330466e-07,Baixo
8774,L55953,L,297.5,308.6,1585,37.6,2,0,0,0,0,0,0,0,4.8122874e-06,Baixo
8775,M23634,M,297.6,308.7,1408,51.5,4,0,0,0,0,0,0,0,3.882826e-06,Baixo
8776,H38189,H,297.5,308.6,1536,38.7,7,0,0,0,0,0,0,0,1.3213936e-06,Baixo
8777,L55956,L,297.5,308.6,1352,52.6,12,0,0,0,0,0,0,0,8.626833e-06,Baixo
8778,H38191,H,297.5,308.6,1481,38.8,14,0,0,0,0,0,0,0,2.15983e-06,Baixo
8779,L55958,L,297.5,308.7,1454,45.0,19,0,0,0,0,0,0,0,2.7055132e-06,Baixo
8780,M23639,M,297.5,308.6,1349,51.5,21,0,0,0,0,0,0,0,8.640324e-07,Baixo
8781,M23640,M,297.5,308.6,1327,52.1,24,0,0,0,0,0,0,0,1.6154497e-06,Baixo
8782,L55961,L,297.6,308.7,1552,42.3,27,0,0,0,0,0,0,0,4.340898e-07,Baixo
8783,L55962,L,297.5,308.7,1456,44.7,29,0,0,0,0,0,0,0,1.3047428e-06,Baixo
8784,M23643,M,297.6,308.6,1254,45.8,31,0,0,0,0,0,0,0,5.1167694e-07,Baixo
8785,L55964,L,297.5,308.6,1437,43.3,34,0,0,0,0,0,0,0,3.1596694e-06,Baixo
8786,L55965,L,297.5,308.6,1694,27.1,36,0,0,0,0,0,0,0,9.875196e-06,Baixo
8787,L55966,L,297.5,308.5,1306,50.7,38,0,0,0,0,0,0,0,5.5365454e-05,Baixo
8788,M23647,M,297.5,308.5,1699,30.1,40,0,0,0,0,0,0,0,2.8497485e-07,Baixo
8789,L55968,L,297.4,308.5,1369,53.2,43,0,0,0,0,0,0,0,1.591941e-05,Baixo
8790,L55969,L,297.4,308.5,1471,43.9,45,0,0,0,0,0,0,0,3.0250496e-06,Baixo
8791,L55970,L,297.4,308.5,1410,43.9,47,0,0,0,0,0,0,0,5.715397e-07,Baixo
8792,M23651,M,297.4,308.5,1412,45.5,49,0,0,0,0,0,0,0,1.0842448e-06,Baixo
8793,L55972,L,297.4,308.5,1418,51.2,52,0,0,0,0,0,0,0,1.3301365e-06,Baixo
8794,L55973,L,297.4,308.5,1782,25.9,54,0,0,0,0,0,0,0,6.552803e-07,Baixo
8795,M23654,M,297.4,308.5,1497,36.4,56,0,0,0,0,0,0,0,6.470417e-07,Baixo
8796,L55975,L,297.3,308.4,1459,39.4,59,0,0,0,0,0,0,0,1.7678902e-05,Baixo
8797,L55976,L,297.2,308.3,1796,23.8,61,0,0,0,0,0,0,0,0.00017512246,Baixo
8798,L55977,L,297.2,308.3,1569,31.2,63,0,0,0,0,0,0,0,1.01509e-06,Baixo
8799,L55978,L,297.3,308.4,1469,46.7,65,0,0,0,0,0,0,0,7.778961e-06,Baixo
8800,L55979,L,297.3,308.4,1472,41.3,67,0,0,0,0,0,0,0,7.139184e-05,Baixo
8801,L55980,L,297.4,308.5,1475,47.2,69,0,0,0,0,0,0,0,6.4849614e-06,Baixo
8802,L55981,L,297.4,308.6,1488,36.4,71,0,0,0,0,0,0,0,6.0896314e-06,Baixo
8803,L55982,L,297.4,308.6,1524,43.1,73,0,0,0,0,0,0,0,4.3350005e-06,Baixo
8804,L55983,L,297.4,308.5,1486,48.6,75,0,0,0,0,0,0,0,2.2284796e-06,Baixo
8805,M23664,M,297.5,308.6,1255,60.7,77,0,0,0,0,0,0,0,0.00031277383,Baixo
8806,M23665,M,297.4,308.6,1469,42.6,80,0,0,0,0,0,0,0,3.991889e-06,Baixo
8807,L55986,L,297.4,308.5,1692,34.3,83,0,0,0,0,0,0,0,7.120953e-06,Baixo
8808,M23667,M,297.4,308.6,1604,32.8,85,0,0,0,0,0,0,0,2.5132329e-06,Baixo
8809,L55988,L,297.4,308.6,1446,48.1,88,0,0,0,0,0,0,0,4.3396085e-06,Baixo
8810,L55989,L,297.3,308.5,1503,43.3,90,0,0,0,0,0,0,0,4.756867e-06,Baixo
8811,M23670,M,297.3,308.5,1625,32.8,92,0,0,0,0,0,0,0,1.6486065e-06,Baixo
8812,L55991,L,297.2,308.5,1574,35.8,95,0,0,0,0,0,0,0,2.339993e-05,Baixo
8813,M23672,M,297.2,308.4,1378,41.9,97,0,0,0,0,0,0,0,0.00017213672,Baixo
8814,L55993,L,297.1,308.4,1693,29.5,100,0,0,0,0,0,0,0,9.388555e-06,Baixo
8815,L55994,L,297.2,308.4,1462,51.2,102,0,0,0,0,0,0,0,1.1173637e-05,Baixo
8816,H38229,H,297.3,308.5,1435,55.0,104,0,0,0,0,0,0,0,1.041837e-05,Baixo
8817,M23676,M,297.2,308.5,1425,45.8,109,0,0,0,0,0,0,0,1.7229617e-05,Baixo
8818,H38231,H,297.3,308.6,1376,53.5,112,0,0,0,0,0,0,0,2.0555444e-05,Baixo
8819,M23678,M,297.4,308.7,1481,48.0,117,0,0,0,0,0,0,0,1.8628975e-06,Baixo
8820,H38233,H,297.4,308.7,1349,48.9,120,0,0,0,0,0,0,0,4.3447517e-06,Baixo
8821,L56000,L,297.3,308.7,1551,40.0,125,0,0,0,0,0,0,0,1.0772962e-05,Baixo
8822,H38235,H,297.4,308.7,1623,33.8,127,0,0,0,0,0,0,0,2.9656414e-07,Baixo
8823,L56002,L,297.4,308.8,1462,49.7,132,0,0,0,0,0,0,0,8.606183e-06,Baixo
8824,M23683,M,297.3,308.8,1447,57.4,134,0,0,0,0,0,0,0,2.1464897e-05,Baixo
8825,M23684,M,297.3,308.9,1799,24.5,137,0,0,0,0,0,0,0,6.3233335e-07,Baixo
8826,M23685,M,297.3,308.8,1548,41.3,140,0,0,0,0,0,0,0,8.163021e-06,Baixo
8827,M23686,M,297.2,308.8,1485,47.9,143,0,0,0,0,0,0,0,4.5152663e-07,Baixo
8828,L56007,L,297.2,308.7,1463,49.9,146,0,0,0,0,0,0,0,4.6107866e-06,Baixo
8829,L56008,L,297.3,308.7,1587,35.8,148,0,0,0,0,0,0,0,7.311955e-06,Baixo
8830,M23689,M,297.3,308.8,1469,44.1,150,0,0,0,0,0,0,0,2.1463213e-06,Baixo
8831,H38244,H,297.3,308.7,1430,42.8,153,0,0,0,0,0,0,0,1.6417738e-06,Baixo
8832,H38245,H,297.4,308.7,1726,26.8,158,0,0,0,0,0,0,0,7.442433e-07,Baixo
8833,L56012,L,297.4,308.8,1651,34.1,163,0,0,0,0,0,0,0,1.6301008e-06,Baixo
8834,L56013,L,297.4,308.8,1529,41.3,165,0,0,0,0,0,0,0,5.0383387e-06,Baixo
8835,L56014,L,297.4,308.8,1473,46.2,167,0,0,0,0,0,0,0,9.819329e-06,Baixo
8836,H38249,H,297.4,308.8,1324,53.5,169,0,0,0,0,0,0,0,8.16004e-06,Baixo
8837,L56016,L,297.4,308.9,1708,28.8,174,0,0,0,0,0,0,0,0.00022911535,Baixo
8838,M23697,M,297.5,309.1,1540,38.5,176,0,0,0,0,0,0,0,1.2858782e-05,Baixo
8839,L56018,L,297.5,309.0,1320,54.7,179,0,0,0,0,0,0,0,4.7841913e-06,Baixo
8840,M23699,M,297.4,308.9,1376,39.0,181,0,0,0,0,0,0,0,1.872105e-05,Baixo
8841,M23700,M,297.3,308.7,1542,37.0,184,0,0,0,0,0,0,0,5.0117897e-06,Baixo
8842,L56021,L,297.3,308.7,1506,39.3,187,0,0,0,0,0,0,0,7.1443937e-06,Baixo
8843,L56022,L,297.3,308.7,1492,43.6,189,0,0,0,0,0,0,0,7.769048e-06,Baixo
8844,H38257,H,297.3,308.8,1564,38.0,191,0,0,0,0,0,0,0,5.3531232e-05,Baixo
8845,H38258,H,297.4,308.9,1645,30.8,196,0,0,0,0,0,0,0,2.1044198e-05,Baixo
8846,M23705,M,297.4,308.9,1348,59.1,201,0,0,0,0,0,0,0,0.047959365,Baixo
8847,M23706,M,297.4,308.8,1325,62.4,204,1,1,0,0,1,0,2,0.9982864,Crítico
8848,L56027,L,297.5,308.9,1443,43.5,0,0,0,0,0,0,0,0,6.174197e-05,Baixo
8849,M23708,M,297.5,308.9,1436,44.8,2,0,0,0,0,0,0,0,1.0101658e-06,Baixo
8850,L56029,L,297.5,308.9,1596,30.7,5,0,0,0,0,0,0,0,3.452882e-05,Baixo
8851,L56030,L,297.6,309.0,1491,43.2,7,0,0,0,0,0,0,0,1.7779304e-07,Baixo
8852,M23711,M,297.7,308.9,1573,35.1,9,0,0,0,0,0,0,0,6.3479007e-07,Baixo
8853,L56032,L,297.7,308.9,1575,39.9,12,0,0,0,0,0,0,0,1.0311657e-06,Baixo
8854,L56033,L,297.7,308.9,1458,41.1,14,0,0,0,0,0,0,0,6.0510323e-05,Baixo
8855,M23714,M,297.7,309.0,1433,41.8,16,0,0,0,0,0,0,0,4.272162e-06,Baixo
8856,L56035,L,297.7,308.9,1662,28.1,19,0,0,0,0,0,0,0,4.7094844e-07,Baixo
8857,M23716,M,297.7,308.9,1327,63.7,21,0,0,0,0,0,0,0,0.014789895,Baixo
8858,L56037,L,297.7,308.9,1742,26.3,24,0,0,0,0,0,0,0,6.0787065e-06,Baixo
8859,L56038,L,297.8,308.9,1506,33.5,26,0,0,0,0,0,0,0,3.781468e-07,Baixo
8860,L56039,L,297.9,309.1,1457,44.4,28,0,0,0,0,0,0,0,1.5211768e-07,Baixo
8861,M23720,M,297.9,309.1,1488,37.3,30,0,0,0,0,0,0,0,7.4997997e-06,Baixo
8862,L56041,L,297.9,309.1,1619,34.7,33,0,0,0,0,0,0,0,1.8991766e-07,Baixo
8863,M23722,M,298.0,309.2,1558,41.7,35,0,0,0,0,0,0,0,5.02396e-07,Baixo
8864,L56043,L,298.0,309.2,1731,28.7,38,0,0,0,0,0,0,0,5.088709e-06,Baixo
8865,M23724,M,298.0,309.1,1574,34.8,40,0,0,0,0,0,0,0,3.2007375e-08,Baixo
8866,L56045,L,297.9,309.0,1290,49.8,43,0,0,0,0,0,0,0,9.945303e-06,Baixo
8867,H38280,H,297.9,308.9,1416,39.6,45,0,0,0,0,0,0,0,3.2317741e-06,Baixo
8868,L56047,L,297.9,308.9,1566,41.9,50,0,0,0,0,0,0,0,1.9800204e-06,Baixo
8869,L56048,L,297.9,309.0,1456,46.5,52,0,0,0,0,0,0,0,1.7258161e-06,Baixo
8870,L56049,L,297.9,309.0,1528,37.5,54,0,0,0,0,0,0,0,4.179838e-06,Baixo
8871,M23730,M,297.9,309.1,1338,49.6,56,0,0,0,0,0,0,0,2.2261274e-07,Baixo
8872,M23731,M,297.9,309.1,1558,39.2,59,0,0,0,0,0,0,0,3.2770597e-08,Baixo
8873,M23732,M,297.9,309.1,1614,38.1,62,0,0,0,0,0,0,0,8.68883e-07,Baixo
8874,H38287,H,298.0,309.1,1557,36.4,65,0,0,0,0,0,0,0,9.047061e-08,Baixo
8875,L56054,L,298.1,309.3,1443,45.3,70,0,0,0,0,0,0,0,3.5541875e-06,Baixo
8876,H38289,H,298.1,309.3,1332,51.0,72,0,0,0,0,0,0,0,1.5330477e-05,Baixo
8877,M23736,M,298.1,309.3,1752,25.2,77,0,0,0,0,0,0,0,6.0631032e-06,Baixo
8878,M23737,M,298.1,309.2,1460,45.8,80,0,0,0,0,0,0,0,1.0647419e-06,Baixo
8879,L56058,L,298.1,309.2,1802,26.9,83,0,0,0,0,0,0,0,5.3682766e-06,Baixo
8880,L56059,L,298.0,309.2,1527,39.5,85,0,0,0,0,0,0,0,9.018702e-08,Baixo
8881,L56060,L,298.0,309.2,1458,39.8,87,0,0,0,0,0,0,0,2.3120903e-05,Baixo
8882,H38295,H,298.0,309.2,1520,37.9,89,0,0,0,0,0,0,0,7.3327087e-06,Baixo
8883,L56062,L,298.0,309.2,1378,49.7,94,0,0,0,0,0,0,0,4.3472905e-05,Baixo
8884,M23743,M,297.9,309.2,1529,38.1,96,0,0,0,0,0,0,0,8.137628e-06,Baixo
8885,L56064,L,298.0,309.2,1527,32.4,99,0,0,0,0,0,0,0,5.562974e-07,Baixo
8886,M23745,M,298.0,309.2,1438,42.9,101,0,0,0,0,0,0,0,2.5694094e-06,Baixo
8887,L56066,L,297.9,309.0,1583,36.7,104,0,0,0,0,0,0,0,1.018512e-06,Baixo
8888,L56067,L,297.8,308.9,1530,37.6,106,0,0,0,0,0,0,0,3.8435237e-06,Baixo
8889,M23748,M,297.7,308.9,1530,39.1,108,0,0,0,0,0,0,0,2.5704043e-07,Baixo
8890,M23749,M,297.7,308.8,2089,19.1,111,0,0,0,0,0,0,0,4.5490306e-05,Baixo
8891,L56070,L,297.7,308.8,1616,34.2,114,0,0,0,0,0,0,0,1.5550853e-06,Baixo
8892,M23751,M,297.7,308.9,1681,28.3,116,0,0,0,0,0,0,0,5.3664206e-07,Baixo
8893,L56072,L,297.6,308.8,1475,43.0,119,0,0,0,0,0,0,0,2.9173389e-06,Baixo
8894,L56073,L,297.5,308.7,1371,46.5,121,0,0,0,0,0,0,0,0.000116331714,Baixo
8895,M23754,M,297.5,308.7,1546,38.0,123,0,0,0,0,0,0,0,2.5263626e-05,Baixo
8896,H38309,H,297.4,308.6,1461,40.1,126,0,0,0,0,0,0,0,8.866364e-06,Baixo
8897,L56076,L,297.4,308.7,1638,31.9,131,0,0,0,0,0,0,0,3.1171493e-07,Baixo
8898,M23757,M,297.3,308.7,1577,35.6,133,0,0,0,0,0,0,0,3.230662e-05,Baixo
8899,L56078,L,297.4,308.6,1532,38.7,136,0,0,0,0,0,0,0,4.3444743e-06,Baixo
8900,M23759,M,297.3,308.5,1710,27.7,138,0,0,0,0,0,0,0,4.415108e-06,Baixo
8901,M23760,M,297.3,308.6,1584,29.4,141,0,0,0,0,0,0,0,5.0734678e-05,Baixo
8902,L56081,L,297.3,308.6,1446,50.1,144,0,0,0,0,0,0,0,2.4948001e-06,Baixo
8903,H38316,H,297.4,308.7,1522,46.3,146,0,0,0,0,0,0,0,6.4350814e-07,Baixo
8904,M23763,M,297.4,308.7,1382,49.9,151,0,0,0,0,0,0,0,1.1049244e-06,Baixo
8905,L56084,L,297.4,308.7,1584,38.2,154,0,0,0,0,0,0,0,6.630401e-06,Baixo
8906,L56085,L,297.3,308.6,1385,55.2,156,0,0,0,0,0,0,0,7.291133e-05,Baixo
8907,L56086,L,297.3,308.7,1592,34.4,158,0,0,0,0,0,0,0,1.9071535e-07,Baixo
8908,M23767,M,297.2,308.6,1404,43.7,160,0,0,0,0,0,0,0,4.71889e-06,Baixo
8909,L56088,L,297.2,308.5,1518,44.3,163,0,0,0,0,0,0,0,5.957633e-06,Baixo
8910,L56089,L,297.1,308.4,1529,40.4,165,0,0,0,0,0,0,0,1.5721772e-06,Baixo
8911,L56090,L,297.1,308.4,1550,37.0,167,0,0,0,0,0,0,0,1.2945645e-06,Baixo
8912,L56091,L,297.1,308.3,1773,23.8,169,0,0,0,0,0,0,0,6.573999e-06,Baixo
8913,L56092,L,297.2,308.5,1446,43.7,171,0,0,0,0,0,0,0,6.300036e-06,Baixo
8914,M23773,M,297.2,308.5,1487,46.9,173,0,0,0,0,0,0,0,5.100867e-07,Baixo
8915,M23774,M,297.3,308.5,1524,49.3,176,0,0,0,0,0,0,0,4.266576e-06,Baixo
8916,L56095,L,297.1,308.3,1403,54.1,179,0,0,0,0,0,0,0,5.7943605e-05,Baixo
8917,L56096,L,297.1,308.2,2267,15.7,181,0,0,0,0,0,0,0,0.106896296,Baixo
8918,M23777,M,297.1,308.2,1529,37.9,183,0,0,0,0,0,0,0,2.5955673e-05,Baixo
8919,L56098,L,297.1,308.2,1402,51.2,186,0,0,0,0,0,0,0,5.021124e-05,Baixo
8920,L56099,L,297.2,308.3,1693,28.0,188,0,0,0,0,0,0,0,1.4342892e-05,Baixo
8921,L56100,L,297.1,308.3,1496,45.8,190,0,0,0,0,0,0,0,2.984272e-06,Baixo
8922,L56101,L,297.1,308.1,1633,33.3,192,0,0,0,0,0,0,0,1.2009165e-06,Baixo
8923,L56102,L,297.1,308.2,1399,42.6,194,0,0,0,0,0,0,0,1.1452209e-05,Baixo
8924,M23783,M,297.0,308.1,1363,45.3,196,0,0,0,0,0,0,0,8.733793e-05,Baixo
8925,H38338,H,297.1,308.2,1527,42.2,199,0,0,0,0,0,0,0,4.8053894e-06,Baixo
8926,M23785,M,297.2,308.2,1405,42.5,204,0,0,0,0,0,0,0,0.002050845,Baixo
8927,M23786,M,297.3,308.3,1459,59.6,207,1,0,0,1,1,0,2,0.12683557,Baixo
8928,M23787,M,297.4,308.4,1789,25.0,210,0,0,0,0,0,0,0,5.0538576e-05,Baixo
8929,L56108,L,297.4,308.4,1531,41.5,213,0,0,0,0,0,0,0,0.00010327057,Baixo
8930,M23789,M,297.4,308.4,1620,35.8,215,0,0,0,0,0,0,0,0.001130396,Baixo
8931,L56110,L,297.4,308.4,1571,39.4,0,0,0,0,0,0,0,0,3.825488e-06,Baixo
8932,L56111,L,297.4,308.4,1434,39.9,2,0,0,0,0,0,0,0,1.4947344e-05,Baixo
8933,L56112,L,297.4,308.4,1474,43.6,4,0,0,0,0,0,0,0,1.5744608e-06,Baixo
8934,M23793,M,297.3,308.3,1544,41.7,6,0,0,0,0,0,0,0,7.5719004e-07,Baixo
8935,L56114,L,297.3,308.2,1601,35.7,9,0,0,0,0,0,0,0,0.00014197624,Baixo
8936,L56115,L,297.4,308.3,1801,26.9,11,0,0,0,0,0,0,0,0.000100461926,Baixo
8937,L56116,L,297.4,308.3,1465,42.0,13,0,0,0,0,0,0,0,1.1615309e-06,Baixo
8938,M23797,M,297.4,308.4,1340,52.6,15,0,0,0,0,0,0,0,6.486396e-06,Baixo
8939,M23798,M,297.4,308.4,1517,41.0,18,0,0,0,0,0,0,0,1.3899872e-06,Baixo
8940,M23799,M,297.3,308.4,1434,44.8,21,0,0,0,0,0,0,0,1.1704968e-06,Baixo
8941,H38354,H,297.3,308.3,1935,19.3,24,0,0,0,0,0,0,0,6.203833e-07,Baixo
8942,M23801,M,297.3,308.3,1595,32.2,29,0,0,0,0,0,0,0,7.002296e-07,Baixo
8943,L56122,L,297.3,308.3,2188,17.0,32,0,0,0,0,0,0,0,2.2078351e-05,Baixo
8944,M23803,M,297.3,308.4,1449,44.4,34,0,0,0,0,0,0,0,1.7814775e-06,Baixo
8945,L56124,L,297.3,308.3,1471,38.2,37,0,0,0,0,0,0,0,5.1825886e-05,Baixo
8946,L56125,L,297.4,308.2,1639,33.8,39,0,0,0,0,0,0,0,2.9831116e-07,Baixo
8947,M23806,M,297.3,308.2,1846,24.5,41,0,0,0,0,0,0,0,2.8111563e-06,Baixo
8948,M23807,M,297.3,308.2,1452,38.2,44,0,0,0,0,0,0,0,7.857362e-05,Baixo
8949,M23808,M,297.4,308.3,1483,41.9,47,0,0,0,0,0,0,0,1.0953393e-06,Baixo
8950,L56129,L,297.4,308.3,1284,60.3,50,0,0,0,0,0,0,0,6.163526e-05,Baixo
8951,L56130,L,297.4,308.2,1419,50.0,52,0,0,0,0,0,0,0,4.260276e-07,Baixo
8952,L56131,L,297.3,308.1,1763,28.4,54,0,0,0,0,0,0,0,7.705295e-07,Baixo
8953,M23812,M,297.2,308.0,1478,42.5,56,0,0,0,0,0,0,0,9.085637e-07,Baixo
8954,L56133,L,297.3,308.0,1518,36.0,59,0,0,0,0,0,0,0,0.000108829336,Baixo
8955,L56134,L,297.3,308.0,1447,49.0,61,0,0,0,0,0,0,0,6.758414e-06,Baixo
8956,M23815,M,297.4,308.0,1355,55.1,63,0,0,0,0,0,0,0,6.0706432e-05,Baixo
8957,L56136,L,297.4,308.1,1348,57.4,66,0,0,0,0,0,0,0,4.0075196e-05,Baixo
8958,L56137,L,297.4,308.1,1348,53.7,68,0,0,0,0,0,0,0,7.756019e-06,Baixo
8959,M23818,M,297.4,308.1,1734,27.7,70,0,0,0,0,0,0,0,2.4527862e-06,Baixo
8960,L56139,L,297.3,308.0,1420,46.5,73,0,0,0,0,0,0,0,4.4233893e-06,Baixo
8961,L56140,L,297.3,307.9,1797,24.7,75,0,0,0,0,0,0,0,6.493935e-06,Baixo
8962,M23821,M,297.3,308.0,1403,45.0,77,0,0,0,0,0,0,0,2.2410846e-05,Baixo
8963,L56142,L,297.3,307.9,1628,30.2,80,0,0,0,0,0,0,0,5.8034682e-05,Baixo
8964,M23823,M,297.2,307.9,1687,30.4,82,0,0,0,0,0,0,0,2.3674696e-05,Baixo
8965,M23824,M,297.2,307.9,1456,44.9,85,0,0,0,0,0,0,0,1.5661195e-06,Baixo
8966,L56145,L,297.1,307.9,1496,44.7,88,0,0,0,0,0,0,0,2.0216603e-06,Baixo
8967,L56146,L,297.1,307.8,1636,30.3,90,0,0,0,0,0,0,0,0.00021028971,Baixo
8968,L56147,L,297.1,307.8,1536,40.4,92,0,0,0,0,0,0,0,2.1512215e-05,Baixo
8969,L56148,L,297.1,307.8,1454,50.6,94,0,0,0,0,0,0,0,3.969427e-05,Baixo
8970,L56149,L,297.0,307.8,1396,50.0,96,0,0,0,0,0,0,0,1.15793155e-05,Baixo
8971,L56150,L,297.0,307.6,1575,37.4,98,0,0,0,0,0,0,0,0.00012152323,Baixo
8972,L56151,L,296.9,307.6,1514,35.7,100,0,0,0,0,0,0,0,0.0037956436,Baixo
8973,M23832,M,296.8,307.4,1455,49.9,102,0,0,0,0,0,0,0,1.3058883e-05,Baixo
8974,L56153,L,296.8,307.4,1549,48.3,105,0,0,0,0,0,0,0,1.812726e-05,Baixo
8975,L56154,L,296.8,307.5,1474,42.4,107,0,0,0,0,0,0,0,2.7966953e-06,Baixo
8976,H38389,H,296.7,307.4,1661,34.2,109,0,0,0,0,0,0,0,6.927809e-06,Baixo
8977,L56156,L,296.7,307.4,1535,34.6,114,0,0,0,0,0,0,0,2.1628088e-05,Baixo
8978,M23837,M,296.9,307.5,1556,31.2,116,0,0,0,0,0,0,0,1.7272112e-05,Baixo
8979,L56158,L,296.9,307.6,1435,45.0,119,0,0,0,0,0,0,0,9.336136e-06,Baixo
8980,M23839,M,296.9,307.5,1332,51.1,121,0,0,0,0,0,0,0,2.7936674e-05,Baixo
8981,L56160,L,297.0,307.6,1513,42.4,124,0,0,0,0,0,0,0,3.498448e-06,Baixo
8982,L56161,L,297.0,307.7,1502,39.4,126,0,0,0,0,0,0,0,8.5608335e-06,Baixo
8983,L56162,L,297.0,307.7,1315,60.1,128,0,0,0,0,0,0,0,3.0445473e-05,Baixo
8984,M23843,M,297.0,307.7,1261,51.1,130,0,0,0,0,0,0,0,3.050095e-05,Baixo
8985,L56164,L,297.1,307.8,1406,60.4,133,0,0,0,0,0,0,0,0.07057178,Baixo
8986,L56165,L,297.1,307.8,1584,42.3,135,0,0,0,0,0,0,0,9.648276e-07,Baixo
8987,M23846,M,297.1,307.8,1443,43.9,137,0,0,0,0,0,0,0,2.5634627e-05,Baixo
8988,L56167,L,297.2,307.9,1580,35.8,140,0,0,0,0,0,0,0,6.329121e-05,Baixo
8989,L56168,L,297.2,307.9,1825,24.6,142,0,0,0,0,0,0,0,4.9637997e-06,Baixo
8990,L56169,L,297.2,307.9,1469,48.2,144,0,0,0,0,0,0,0,2.53336e-06,Baixo
8991,L56170,L,297.2,307.9,1493,38.4,146,0,0,0,0,0,0,0,7.3216193e-06,Baixo
8992,M23851,M,297.3,308.0,1598,29.4,148,0,0,0,0,0,0,0,1.2037867e-05,Baixo
8993,H38406,H,297.2,307.9,1450,37.2,151,0,0,0,0,0,0,0,4.8597717e-06,Baixo
8994,M23853,M,297.2,307.9,1632,37.5,156,0,0,0,0,0,0,0,9.891616e-05,Baixo
8995,M23854,M,297.1,307.9,1980,20.3,159,0,0,0,0,0,0,0,8.633335e-05,Baixo
8996,L56175,L,297.2,308.0,1474,43.7,162,0,0,0,0,0,0,0,1.1639061e-06,Baixo
8997,L56176,L,297.2,307.9,1540,37.1,164,0,0,0,0,0,0,0,8.9875056e-07,Baixo
8998,M23857,M,297.1,307.9,1609,38.9,166,0,0,0,0,0,0,0,1.3709201e-05,Baixo
8999,L56178,L,297.1,308.0,1467,42.8,169,0,0,0,0,0,0,0,1.6882173e-06,Baixo
9000,L56179,L,297.1,307.9,1492,39.4,171,0,0,0,0,0,0,0,2.193476e-05,Baixo
9001,L56180,L,297.0,307.9,1493,46.1,173,0,0,0,0,0,0,0,1.3347657e-05,Baixo
9002,L56181,L,297.0,307.8,1500,39.9,175,0,0,0,0,0,0,0,9.986085e-06,Baixo
9003,L56182,L,297.1,307.8,1477,36.6,177,0,0,0,0,0,0,0,3.879247e-05,Baixo
9004,L56183,L,297.1,307.9,1342,49.1,179,0,0,0,0,0,0,0,1.020179e-05,Baixo
9005,M23864,M,297.1,307.8,1538,34.3,181,0,0,0,0,0,0,0,1.3758631e-05,Baixo
9006,L56185,L,297.2,307.9,1337,58.1,184,0,0,0,0,0,0,0,0.013647499,Baixo
9007,L56186,L,297.3,307.9,1417,41.8,186,0,0,0,0,0,0,0,0.00025800618,Baixo
9008,L56187,L,297.4,308.0,1383,46.2,188,0,0,0,0,0,0,0,2.6578247e-05,Baixo
9009,M23868,M,297.4,308.0,1440,42.4,190,0,0,0,0,0,0,0,5.0862855e-05,Baixo
9010,L56189,L,297.3,307.9,1579,34.4,193,0,0,0,0,0,0,0,9.958496e-06,Baixo
9011,L56190,L,297.2,307.9,1441,40.0,195,0,0,0,0,0,0,0,0.00019501701,Baixo
9012,M23871,M,297.2,307.9,1530,35.9,197,0,0,0,0,0,0,0,0.0005351043,Baixo
9013,L56192,L,297.2,308.0,1705,26.0,200,0,0,0,0,0,0,0,0.010064809,Baixo
9014,H38427,H,297.2,308.0,1435,43.0,202,0,0,0,0,0,0,0,0.00015643949,Baixo
9015,M23874,M,297.2,308.1,1340,61.3,207,1,0,0,0,1,0,1,0.9912581,Crítico
9017,L56196,L,297.3,308.2,1396,52.7,212,1,0,0,0,1,0,1,0.9856269,Crítico
9018,M23877,M,297.3,308.1,1369,52.0,214,0,0,0,0,0,0,0,0.006626153,Baixo
9019,L56198,L,297.3,308.1,1615,35.4,217,1,1,0,0,0,0,1,0.00024830512,Baixo
9020,L56199,L,297.2,308.1,1662,31.3,0,0,0,0,0,0,0,0,2.1046988e-05,Baixo
9021,L56200,L,297.3,308.2,1553,33.5,2,0,0,0,0,0,0,0,5.8865576e-06,Baixo
9022,M23881,M,297.4,308.2,1536,34.6,4,0,0,0,0,0,0,0,1.0595567e-06,Baixo
9023,L56202,L,297.4,308.3,1548,46.6,7,0,0,0,0,0,0,0,1.0938684e-06,Baixo
9024,L56203,L,297.4,308.3,1706,30.9,9,0,0,0,0,0,0,0,9.114407e-06,Baixo
9025,L56204,L,297.4,308.3,1366,45.5,11,0,0,0,0,0,0,0,9.298231e-06,Baixo
9026,L56205,L,297.5,308.4,1440,35.9,13,0,0,0,0,0,0,0,7.689815e-05,Baixo
9027,M23886,M,297.5,308.4,1685,28.1,15,0,0,0,0,0,0,0,3.96359e-06,Baixo
9028,M23887,M,297.4,308.3,1444,44.0,18,0,0,0,0,0,0,0,2.0731088e-06,Baixo
9029,L56208,L,297.4,308.3,1395,48.7,21,0,0,0,0,0,0,0,3.1339418e-06,Baixo
9030,L56209,L,297.4,308.3,1483,38.8,23,0,0,0,0,0,0,0,3.0791466e-06,Baixo
9031,M23890,M,297.5,308.4,1403,44.3,25,0,0,0,0,0,0,0,2.3160856e-06,Baixo
9032,H38445,H,297.5,308.4,1793,23.9,28,0,0,0,0,0,0,0,4.5182043e-07,Baixo
9033,L56212,L,297.4,308.3,1723,28.8,33,0,0,0,0,0,0,0,3.8858566e-06,Baixo
9034,L56213,L,297.4,308.2,1386,41.0,35,0,0,0,0,0,0,0,1.3033205e-05,Baixo
9035,H38448,H,297.4,308.2,1585,46.2,37,0,0,0,0,0,0,0,1.0952348e-06,Baixo
9036,M23895,M,297.3,308.1,1731,27.7,42,0,0,0,0,0,0,0,1.6180801e-06,Baixo
9037,L56216,L,297.3,308.3,1519,37.7,45,0,0,0,0,0,0,0,9.9056815e-05,Baixo
9038,L56217,L,297.3,308.2,1896,24.4,47,0,0,0,0,0,0,0,6.0321356e-05,Baixo
9039,L56218,L,297.3,308.3,2358,14.9,49,0,0,0,0,0,0,0,0.012122974,Baixo
9040,M23899,M,297.3,308.3,1341,51.9,51,0,0,0,0,0,0,0,5.919626e-07,Baixo
9041,L56220,L,297.3,308.3,1550,37.0,54,0,0,0,0,0,0,0,1.3532403e-06,Baixo
9042,L56221,L,297.3,308.3,1309,61.5,56,0,0,0,0,0,0,0,0.0015681337,Baixo
9043,M23902,M,297.3,308.4,1599,32.9,58,0,0,0,0,0,0,0,1.8766026e-06,Baixo
9044,L56223,L,297.4,308.4,1343,40.0,61,0,0,0,0,0,0,0,0.0003215619,Baixo
9045,L56224,L,297.4,308.4,1378,39.9,63,0,0,0,0,0,0,0,0.00017081918,Baixo
9046,L56225,L,297.4,308.4,1603,34.6,65,0,0,0,0,0,0,0,2.8141014e-06,Baixo
9047,L56226,L,297.4,308.4,1664,28.1,67,0,0,0,0,0,0,0,1.6693317e-05,Baixo
9048,L56227,L,297.3,308.4,1488,37.4,69,0,0,0,0,0,0,0,5.0701885e-05,Baixo
9049,M23908,M,297.3,308.4,1370,50.5,71,0,0,0,0,0,0,0,3.9170904e-05,Baixo
9050,L56229,L,297.3,308.5,1545,34.3,74,0,0,0,0,0,0,0,1.4516723e-06,Baixo
9051,M23910,M,297.4,308.5,1566,31.4,76,0,0,0,0,0,0,0,1.0226631e-06,Baixo
9052,L56231,L,297.4,308.6,1820,24.6,79,0,0,0,0,0,0,0,2.5893667e-05,Baixo
9053,M23912,M,297.4,308.6,1901,22.1,81,0,0,0,0,0,0,0,5.6549736e-05,Baixo
9054,M23913,M,297.4,308.5,1638,32.2,84,0,0,0,0,0,0,0,1.5485868e-05,Baixo
9055,M23914,M,297.3,308.4,1521,38.2,87,0,0,0,0,0,0,0,1.1803799e-05,Baixo
9056,H38469,H,297.3,308.4,1864,23.1,90,0,0,0,0,0,0,0,7.630213e-06,Baixo
9057,L56236,L,297.3,308.3,1430,41.9,95,0,0,0,0,0,0,0,3.1004958e-05,Baixo
9058,M23917,M,297.3,308.4,1686,34.5,97,0,0,0,0,0,0,0,4.125795e-06,Baixo
9059,M23918,M,297.2,308.3,1326,57.2,100,0,0,0,0,0,0,0,0.00011722992,Baixo
9060,L56239,L,297.2,308.3,1805,25.6,103,0,0,0,0,0,0,0,0.00017933754,Baixo
9061,H38474,H,297.2,308.3,1453,45.8,105,0,0,0,0,0,0,0,1.5966963e-06,Baixo
9062,M23921,M,297.2,308.4,1863,26.0,110,0,0,0,0,0,0,0,4.3679018e-05,Baixo
9063,L56242,L,297.2,308.3,1576,35.3,113,0,0,0,0,0,0,0,1.4216897e-05,Baixo
9064,L56243,L,297.2,308.3,1419,39.7,115,0,0,0,0,0,0,0,1.7010192e-05,Baixo
9065,L56244,L,297.2,308.4,1833,25.2,117,0,0,0,0,0,0,0,0.00030663895,Baixo
9066,H38479,H,297.2,308.4,2182,17.3,119,0,0,0,0,0,0,0,1.9797388e-05,Baixo
9067,L56246,L,297.2,308.3,1656,30.3,124,0,0,0,0,0,0,0,4.555327e-06,Baixo
9068,L56247,L,297.1,308.2,1351,56.6,126,0,0,0,0,0,0,0,7.383061e-05,Baixo
9069,H38482,H,297.1,308.2,1790,30.3,128,0,0,0,0,0,0,0,7.186138e-06,Baixo
9070,M23929,M,297.2,308.2,1678,28.1,133,0,0,0,0,0,0,0,3.5745832e-06,Baixo
9071,L56250,L,297.1,308.2,1427,45.2,136,0,0,0,0,0,0,0,1.1634777e-06,Baixo
9072,L56251,L,297.0,308.1,1429,54.0,138,0,0,0,0,0,0,0,1.0958985e-05,Baixo
9073,H38486,H,297.2,308.1,1770,27.2,140,0,0,0,0,0,0,0,1.3503808e-07,Baixo
9074,L56253,L,297.2,308.1,1689,31.2,145,0,0,0,0,0,0,0,6.494317e-08,Baixo
9075,M23934,M,297.2,308.1,1554,41.3,147,0,0,0,0,0,0,0,1.1005526e-06,Baixo
9076,L56255,L,297.3,308.1,1506,36.0,150,0,0,0,0,0,0,0,1.2853092e-05,Baixo
9077,L56256,L,297.2,308.1,1474,44.3,152,0,0,0,0,0,0,0,3.76849e-06,Baixo
9078,L56257,L,297.3,308.1,1762,26.1,154,0,0,0,0,0,0,0,1.4818174e-05,Baixo
9079,L56258,L,297.3,308.1,1566,35.7,156,0,0,0,0,0,0,0,9.642388e-05,Baixo
9080,H38493,H,297.3,308.1,1554,42.4,158,0,0,0,0,0,0,0,4.8951745e-07,Baixo
9081,L56260,L,297.2,308.0,1869,25.4,163,0,0,0,0,0,0,0,7.419151e-06,Baixo
9082,L56261,L,297.3,308.0,1527,35.1,165,0,0,0,0,0,0,0,2.1388144e-06,Baixo
9083,L56262,L,297.2,307.9,1309,49.6,167,0,0,0,0,0,0,0,2.994736e-05,Baixo
9084,M23943,M,297.2,307.9,1541,35.7,169,0,0,0,0,0,0,0,0.00032888702,Baixo
9085,L56264,L,297.2,307.9,1326,75.4,172,1,0,0,1,1,0,2,0.9997019,Crítico
9086,H38499,H,297.1,307.9,1365,54.0,174,0,0,0,0,0,0,0,8.349884e-06,Baixo
9087,L56266,L,297.1,307.8,1428,43.7,179,0,0,0,0,0,0,0,5.6976237e-06,Baixo
9088,L56267,L,297.1,307.8,1681,27.6,181,0,0,0,0,0,0,0,0.00037167728,Baixo
9089,M23948,M,297.1,307.9,1662,26.9,183,0,0,0,0,0,0,0,2.9747641e-06,Baixo
9090,L56269,L,297.2,307.9,1989,20.3,186,0,0,0,0,0,0,0,0.0012689262,Baixo
9091,M23950,M,297.2,307.9,1747,29.0,188,0,0,0,0,0,0,0,3.841535e-05,Baixo
9092,M23951,M,297.2,308.0,1765,31.1,191,0,0,0,0,0,0,0,7.868373e-07,Baixo
9093,L56272,L,297.3,308.1,1568,34.4,194,0,0,0,0,0,0,0,1.1813709e-05,Baixo
9094,M23953,M,297.3,308.1,1709,30.6,196,0,0,0,0,0,0,0,2.3733039e-05,Baixo
9095,M23954,M,297.3,308.1,1370,58.8,199,0,0,0,0,0,0,0,0.023673931,Baixo
9096,L56275,L,297.3,308.1,1458,45.7,202,0,0,0,0,0,0,0,0.00055127306,Baixo
9097,L56276,L,297.2,308.1,1712,30.9,204,0,0,0,0,0,0,0,0.0010794022,Baixo
9098,L56277,L,297.3,308.1,1642,36.9,206,0,0,0,0,0,0,0,0.0052884477,Baixo
9099,L56278,L,297.3,308.1,1468,49.8,0,0,0,0,0,0,0,0,3.630168e-06,Baixo
9100,H38513,H,297.3,308.1,1477,52.3,2,0,0,0,0,0,0,0,7.566532e-06,Baixo
9101,L56280,L,297.3,308.2,1446,53.5,7,0,0,0,0,0,0,0,2.3015446e-06,Baixo
9102,H38515,H,297.3,308.2,1653,31.4,9,0,0,0,0,0,0,0,1.2157825e-07,Baixo
9103,L56282,L,297.3,308.3,1494,38.2,14,0,0,0,0,0,0,0,2.5317468e-06,Baixo
9104,L56283,L,297.3,308.2,1490,41.0,16,0,0,0,0,0,0,0,7.4542572e-06,Baixo
9105,M23964,M,297.4,308.3,1550,47.8,18,0,0,0,0,0,0,0,4.8287634e-06,Baixo
9106,M23965,M,297.3,308.2,1677,34.9,21,0,0,0,0,0,0,0,1.2789004e-06,Baixo
9107,L56286,L,297.4,308.3,1854,21.8,24,0,0,0,0,0,0,0,3.1913656e-05,Baixo
9108,M23967,M,297.5,308.5,1662,30.3,26,0,0,0,0,0,0,0,5.5889413e-06,Baixo
9109,M23968,M,297.5,308.6,1440,38.8,29,0,0,0,0,0,0,0,2.8941753e-05,Baixo
9110,L56289,L,297.5,308.6,1513,39.7,32,0,0,0,0,0,0,0,6.2435497e-06,Baixo
9111,M23970,M,297.6,308.6,1389,49.0,34,0,0,0,0,0,0,0,2.3139416e-06,Baixo
9112,L56291,L,297.6,308.6,1351,51.0,37,0,0,0,0,0,0,0,1.7892074e-06,Baixo
9113,M23972,M,297.6,308.6,1482,38.3,39,0,0,0,0,0,0,0,2.6439596e-07,Baixo
9114,L56293,L,297.6,308.6,1744,28.5,42,0,0,0,0,0,0,0,1.945349e-06,Baixo
9115,L56294,L,297.6,308.7,1476,39.0,44,0,0,0,0,0,0,0,1.2306903e-05,Baixo
9116,M23975,M,297.6,308.6,1444,48.2,46,0,0,0,0,0,0,0,6.8734444e-08,Baixo
9117,H38530,H,297.6,308.7,1659,32.1,49,0,0,0,0,0,0,0,1.2396318e-07,Baixo
9118,M23977,M,297.6,308.7,1475,46.6,54,0,0,0,0,0,0,0,4.0055834e-06,Baixo
9119,L56298,L,297.6,308.6,1526,42.1,57,0,0,0,0,0,0,0,3.4817486e-07,Baixo
9120,M23979,M,297.4,308.4,1675,29.5,59,0,0,0,0,0,0,0,3.9015939e-07,Baixo
9121,L56300,L,297.4,308.4,1525,38.7,62,0,0,0,0,0,0,0,2.2480815e-06,Baixo
9122,L56301,L,297.3,308.3,1396,45.9,64,0,0,0,0,0,0,0,3.6685167e-05,Baixo
9123,L56302,L,297.4,308.4,1580,41.2,66,0,0,0,0,0,0,0,4.4627614e-06,Baixo
9124,L56303,L,297.4,308.5,1462,42.8,68,0,0,0,0,0,0,0,3.4365553e-06,Baixo
9125,L56304,L,297.4,308.4,1426,50.4,70,0,0,0,0,0,0,0,1.5077853e-06,Baixo
9126,L56305,L,297.4,308.5,1569,34.2,72,0,0,0,0,0,0,0,2.0222735e-06,Baixo
9127,L56306,L,297.4,308.5,1477,40.7,74,0,0,0,0,0,0,0,2.549318e-05,Baixo
9128,L56307,L,297.4,308.5,1761,27.2,76,0,0,0,0,0,0,0,1.3638249e-05,Baixo
9129,M23988,M,297.5,308.6,1486,45.9,78,0,0,0,0,0,0,0,9.461035e-06,Baixo
9130,L56309,L,297.6,308.6,1664,30.1,81,0,0,0,0,0,0,0,1.8785844e-05,Baixo
9131,L56310,L,297.6,308.6,1576,32.7,83,0,0,0,0,0,0,0,9.489937e-07,Baixo
9132,H38545,H,297.6,308.6,1463,46.7,85,0,0,0,0,0,0,0,1.2136446e-05,Baixo
9133,M23992,M,297.6,308.6,1585,42.0,90,0,0,0,0,0,0,0,8.042984e-06,Baixo
9134,L56313,L,297.7,308.7,1479,45.7,93,0,0,0,0,0,0,0,2.344406e-06,Baixo
9135,L56314,L,297.7,308.7,1449,40.2,95,0,0,0,0,0,0,0,9.971634e-05,Baixo
9136,H38549,H,297.7,308.8,1404,50.3,97,0,0,0,0,0,0,0,3.555364e-06,Baixo
9137,L56316,L,297.7,308.7,1694,29.1,102,0,0,0,0,0,0,0,1.4374661e-05,Baixo
9138,L56317,L,297.7,308.7,1731,28.4,104,0,0,0,0,0,0,0,2.4267842e-05,Baixo
9139,L56318,L,297.6,308.6,1522,37.0,106,0,0,0,0,0,0,0,3.5647176e-06,Baixo
9140,L56319,L,297.5,308.5,1536,36.9,108,0,0,0,0,0,0,0,1.4760898e-05,Baixo
9141,L56320,L,297.5,308.5,1373,39.9,110,0,0,0,0,0,0,0,4.342563e-05,Baixo
9142,L56321,L,297.5,308.5,1597,36.4,112,0,0,0,0,0,0,0,3.5904359e-06,Baixo
9143,L56322,L,297.6,308.5,1678,34.2,114,0,0,0,0,0,0,0,8.7772685e-07,Baixo
9144,L56323,L,297.6,308.5,1452,42.6,116,0,0,0,0,0,0,0,4.071674e-06,Baixo
9145,M24004,M,297.5,308.5,1447,41.6,118,0,0,0,0,0,0,0,1.27736275e-05,Baixo
9146,L56325,L,297.6,308.5,1574,37.1,121,0,0,0,0,0,0,0,2.851961e-06,Baixo
9147,L56326,L,297.6,308.6,1528,40.0,123,0,0,0,0,0,0,0,3.3389213e-06,Baixo
9148,L56327,L,297.7,308.7,1688,27.2,125,0,0,0,0,0,0,0,2.669189e-05,Baixo
9149,L56328,L,297.6,308.6,1393,40.4,127,0,0,0,0,0,0,0,1.1007837e-05,Baixo
9150,M24009,M,297.5,308.6,1429,50.5,129,0,0,0,0,0,0,0,8.692039e-06,Baixo
9151,M24010,M,297.5,308.6,1347,57.0,132,0,0,0,0,0,0,0,1.0999925e-05,Baixo
9152,L56331,L,297.6,308.6,1553,40.5,135,0,0,0,0,0,0,0,6.264742e-06,Baixo
9153,L56332,L,297.5,308.6,1260,53.6,137,0,0,0,0,0,0,0,7.855111e-06,Baixo
9154,L56333,L,297.5,308.6,1546,33.8,139,0,0,0,0,0,0,0,7.2680173e-06,Baixo
9155,L56334,L,297.5,308.6,1596,36.0,141,0,0,0,0,0,0,0,7.543815e-06,Baixo
9156,L56335,L,297.5,308.5,1340,57.4,143,0,0,0,0,0,0,0,9.816174e-06,Baixo
9157,M24016,M,297.5,308.4,1369,54.8,145,0,0,0,0,0,0,0,9.895125e-06,Baixo
9158,L56337,L,297.5,308.5,1462,52.3,148,0,0,0,0,0,0,0,5.6194025e-05,Baixo
9159,H38572,H,297.4,308.4,1487,46.2,150,0,0,0,0,0,0,0,1.4314523e-06,Baixo
9160,M24019,M,297.5,308.6,1510,35.5,155,0,0,0,0,0,0,0,5.526911e-06,Baixo
9161,H38574,H,297.5,308.5,1671,28.0,158,0,0,0,0,0,0,0,2.8044542e-05,Baixo
9162,M24021,M,297.5,308.5,1612,30.0,163,0,0,0,0,0,0,0,7.5833785e-05,Baixo
9163,M24022,M,297.6,308.6,1509,39.7,166,0,0,0,0,0,0,0,3.2073888e-06,Baixo
9164,L56343,L,297.6,308.6,1415,47.3,169,0,0,0,0,0,0,0,8.869982e-07,Baixo
9165,L56344,L,297.6,308.6,2384,14.4,171,0,0,0,0,0,0,0,0.149717,Baixo
9166,L56345,L,297.6,308.6,1326,62.4,173,0,0,0,0,0,0,0,0.29510382,Baixo
9167,M24026,M,297.6,308.6,1390,53.4,175,0,0,0,0,0,0,0,0.000105126295,Baixo
9168,M24027,M,297.6,308.7,1392,41.2,178,0,0,0,0,0,0,0,0.00010587971,Baixo
9169,H38582,H,297.6,308.8,1385,44.4,181,0,0,0,0,0,0,0,4.875376e-05,Baixo
9170,L56349,L,297.7,308.8,1896,24.5,186,0,0,0,0,0,0,0,0.020094475,Baixo
9171,L56350,L,297.7,308.7,1474,46.8,188,0,0,0,0,0,0,0,2.903367e-05,Baixo
9172,M24031,M,297.7,308.8,1388,45.6,190,0,0,0,0,0,0,0,6.8064855e-06,Baixo
9173,L56352,L,297.7,308.9,1715,27.2,193,0,0,0,0,0,0,0,2.4077408e-05,Baixo
9174,H38587,H,297.8,308.9,1650,32.2,195,0,0,0,0,0,0,0,3.643838e-05,Baixo
9175,L56354,L,297.8,308.9,1871,25.6,200,1,1,0,0,0,0,1,5.1826005e-06,Baixo
9176,L56355,L,297.8,309.0,1403,64.2,0,1,0,0,1,0,0,1,0.9996125,Crítico
9177,L56356,L,297.8,308.9,1518,40.4,2,0,0,0,0,0,0,0,1.596015e-05,Baixo
9178,L56357,L,297.9,309.1,1504,43.0,4,0,0,0,0,0,0,0,5.749192e-07,Baixo
9179,L56358,L,297.8,309.0,1340,56.9,6,0,0,0,0,0,0,0,2.016799e-05,Baixo
9180,H38593,H,297.9,309.1,1435,44.7,8,0,0,0,0,0,0,0,6.6413605e-07,Baixo
9181,L56360,L,297.9,309.1,1507,36.9,13,0,0,0,0,0,0,0,5.6774456e-07,Baixo
9182,L56361,L,297.9,309.1,1521,36.1,15,0,0,0,0,0,0,0,7.4805985e-06,Baixo
9183,M24042,M,297.8,309.0,1576,45.0,17,0,0,0,0,0,0,0,1.621007e-07,Baixo
9184,L56363,L,297.9,309.1,1543,36.6,20,0,0,0,0,0,0,0,1.1107653e-07,Baixo
9185,L56364,L,298.0,309.2,1665,36.6,22,0,0,0,0,0,0,0,2.9279834e-08,Baixo
9186,L56365,L,297.9,309.1,1442,50.3,24,0,0,0,0,0,0,0,1.6438418e-06,Baixo
9187,L56366,L,297.9,309.0,1629,29.0,26,0,0,0,0,0,0,0,1.3421666e-06,Baixo
9188,L56367,L,297.9,309.0,1379,47.3,28,0,0,0,0,0,0,0,1.4291921e-06,Baixo
9189,L56368,L,297.9,309.0,1502,40.2,30,0,0,0,0,0,0,0,8.45995e-08,Baixo
9190,L56369,L,297.9,309.1,1595,32.0,32,0,0,0,0,0,0,0,4.420081e-08,Baixo
9191,M24050,M,298.0,309.0,1439,38.5,34,0,0,0,0,0,0,0,2.8710415e-06,Baixo
9192,M24051,M,297.9,309.0,1970,21.6,37,0,0,0,0,0,0,0,4.781623e-07,Baixo
9193,L56372,L,297.9,309.0,1562,35.8,40,0,0,0,0,0,0,0,8.344055e-08,Baixo
9194,M24053,M,297.9,309.0,1530,40.9,42,0,0,0,0,0,0,0,1.7934801e-06,Baixo
9195,L56374,L,297.9,308.9,1393,40.6,45,0,0,0,0,0,0,0,4.9934573e-05,Baixo
9196,L56375,L,297.9,309.0,1532,37.6,47,0,0,0,0,0,0,0,1.1720825e-05,Baixo
9197,L56376,L,298.0,308.9,1607,37.7,49,0,0,0,0,0,0,0,1.7254328e-06,Baixo
9198,M24057,M,297.9,308.8,1469,49.0,51,0,0,0,0,0,0,0,1.4580255e-06,Baixo
9199,M24058,M,297.9,308.8,1538,37.6,54,0,0,0,0,0,0,0,0.00018877063,Baixo
9200,L56379,L,297.9,308.8,1613,31.4,57,0,0,0,0,0,0,0,3.5890386e-07,Baixo
9201,M24060,M,297.9,308.8,1602,32.1,59,0,0,0,0,0,0,0,1.5284651e-07,Baixo
9202,L56381,L,297.8,308.7,1404,44.2,62,0,0,0,0,0,0,0,4.1297295e-05,Baixo
9203,L56382,L,297.8,308.8,1548,36.9,64,0,0,0,0,0,0,0,2.8633678e-05,Baixo
9204,L56383,L,297.8,308.8,1559,35.2,66,0,0,0,0,0,0,0,2.281182e-07,Baixo
9205,L56384,L,297.8,308.8,1621,36.1,68,0,0,0,0,0,0,0,3.161867e-06,Baixo
9206,L56385,L,297.8,308.8,1579,32.9,70,0,0,0,0,0,0,0,2.3961436e-06,Baixo
9207,M24066,M,297.9,308.9,1547,44.0,72,0,0,0,0,0,0,0,9.024877e-06,Baixo
9208,L56387,L,297.9,308.8,1386,48.6,75,0,0,0,0,0,0,0,4.7394064e-06,Baixo
9209,L56388,L,298.0,308.9,1406,40.9,77,0,0,0,0,0,0,0,7.655602e-05,Baixo
9210,M24069,M,298.0,309.0,1393,55.9,79,0,0,0,0,0,0,0,9.7994125e-06,Baixo
9211,M24070,M,297.9,309.0,2456,13.9,82,0,0,0,0,0,0,0,0.0030688725,Baixo
9212,M24071,M,298.0,309.0,1409,49.1,85,0,0,0,0,0,0,0,6.0444436e-06,Baixo
9213,L56392,L,298.0,308.9,1390,53.9,88,0,0,0,0,0,0,0,0.00019936459,Baixo
9214,L56393,L,298.0,309.0,1679,32.4,90,0,0,0,0,0,0,0,2.1347009e-07,Baixo
9215,L56394,L,298.0,308.9,1508,37.1,92,0,0,0,0,0,0,0,6.3157972e-06,Baixo
9216,L56395,L,297.9,308.8,1681,31.7,94,0,0,0,0,0,0,0,8.273441e-06,Baixo
9217,H38630,H,297.7,308.8,1469,43.7,96,0,0,0,0,0,0,0,1.5504104e-06,Baixo
9218,L56397,L,297.8,308.8,1421,49.6,101,0,0,0,0,0,0,0,2.8524887e-06,Baixo
9219,L56398,L,297.7,308.8,1354,50.2,103,0,0,0,0,0,0,0,1.39378135e-05,Baixo
9220,M24079,M,297.7,308.8,1350,57.0,105,0,0,0,0,0,0,0,5.9343583e-05,Baixo
9221,L56400,L,297.8,308.9,1282,58.1,108,0,0,0,0,0,0,0,4.2010903e-05,Baixo
9222,M24081,M,297.8,309.0,1675,30.0,110,0,0,0,0,0,0,0,3.0564172e-06,Baixo
9223,M24082,M,297.9,309.0,1525,38.5,113,0,0,0,0,0,0,0,3.168303e-08,Baixo
9224,L56403,L,297.9,309.0,1382,43.9,116,0,0,0,0,0,0,0,3.3863806e-05,Baixo
9225,L56404,L,297.9,309.0,1450,46.8,118,0,0,0,0,0,0,0,6.436616e-07,Baixo
9226,L56405,L,298.0,309.1,1820,23.6,120,0,0,0,0,0,0,0,3.5302269e-06,Baixo
9227,L56406,L,298.0,309.1,1822,23.5,122,0,0,0,0,0,0,0,1.1692289e-05,Baixo
9228,L56407,L,298.0,309.1,1473,44.3,124,0,0,0,0,0,0,0,1.592474e-05,Baixo
9229,M24088,M,298.1,309.1,1572,37.5,126,0,0,0,0,0,0,0,2.715866e-08,Baixo
9230,M24089,M,298.1,309.0,2042,17.8,129,0,0,0,0,0,0,0,3.2603564e-06,Baixo
9231,L56410,L,298.2,309.2,1922,22.6,132,0,0,0,0,0,0,0,4.399036e-05,Baixo
9232,L56411,L,298.2,309.1,1539,36.5,134,0,0,0,0,0,0,0,1.3520948e-06,Baixo
9233,L56412,L,298.2,309.1,1350,52.0,136,0,0,0,0,0,0,0,8.2789265e-06,Baixo
9234,L56413,L,298.3,309.1,1403,45.1,138,0,0,0,0,0,0,0,1.7518289e-05,Baixo
9235,L56414,L,298.3,309.1,1904,20.3,140,0,0,0,0,0,0,0,1.0075248e-06,Baixo
9236,M24095,M,298.2,308.9,1592,35.2,142,0,0,0,0,0,0,0,2.1826736e-06,Baixo
9237,L56416,L,298.1,308.7,1556,31.6,145,0,0,0,0,0,0,0,1.4803039e-06,Baixo
9238,M24097,M,298.1,308.8,1811,25.4,147,0,0,0,0,0,0,0,4.3020325e-05,Baixo
9239,M24098,M,298.2,308.8,1456,41.2,150,0,0,0,0,0,0,0,2.7942644e-05,Baixo
9240,H38653,H,298.2,308.8,1436,51.9,153,0,0,0,0,0,0,0,9.063034e-07,Baixo
9241,M24100,M,298.1,308.7,1362,49.6,158,0,0,0,0,0,0,0,1.5341053e-05,Baixo
9242,L56421,L,298.1,308.7,1683,29.1,161,0,0,0,0,0,0,0,0.00015369996,Baixo
9243,M24102,M,298.2,308.7,1269,60.9,163,0,0,0,0,0,0,0,0.00038785476,Baixo
9244,L56423,L,298.3,308.8,1454,49.0,166,0,0,0,0,0,0,0,1.0936173e-05,Baixo
9245,L56424,L,298.3,308.8,1767,27.3,168,0,0,0,0,0,0,0,1.6474545e-05,Baixo
9246,L56425,L,298.3,308.9,1708,27.3,170,0,0,0,0,0,0,0,9.22511e-05,Baixo
9247,L56426,L,298.3,308.9,1862,27.0,172,0,0,0,0,0,0,0,3.279985e-06,Baixo
9248,L56427,L,298.3,308.9,1695,30.7,174,0,0,0,0,0,0,0,3.8121096e-05,Baixo
9249,M24108,M,298.3,309.1,1488,40.6,176,0,0,0,0,0,0,0,6.4894343e-06,Baixo
9250,L56429,L,298.3,309.0,1657,32.2,179,0,0,0,0,0,0,0,6.086109e-08,Baixo
9251,H38664,H,298.3,309.0,1823,25.9,181,0,0,0,0,0,0,0,1.2016898e-06,Baixo
9252,M24111,M,298.2,309.1,1651,28.8,186,0,0,0,0,0,0,0,9.130179e-07,Baixo
9253,M24112,M,298.1,309.0,1533,36.1,189,0,0,0,0,0,0,0,8.595708e-06,Baixo
9254,M24113,M,298.2,309.0,1508,40.5,192,0,0,0,0,0,0,0,1.2753659e-06,Baixo
9255,L56434,L,298.3,309.1,1616,31.1,195,0,0,0,0,0,0,0,1.1592679e-06,Baixo
9256,L56435,L,298.2,309.0,1651,31.5,197,0,0,0,0,0,0,0,2.4754533e-07,Baixo
9257,L56436,L,298.2,309.1,1569,35.2,199,0,0,0,0,0,0,0,8.513051e-06,Baixo
9258,M24117,M,298.3,309.1,1296,58.7,201,0,0,0,0,0,0,0,0.016797528,Baixo
9259,H38672,H,298.3,309.0,1379,43.2,0,0,0,0,0,0,0,0,6.092868e-06,Baixo
9260,M24119,M,298.2,309.0,1694,28.0,5,0,0,0,0,0,0,0,3.5934775e-07,Baixo
9261,L56440,L,298.2,309.0,1377,57.8,8,0,0,0,0,0,0,0,2.0916847e-05,Baixo
9262,H38675,H,298.3,309.0,1470,38.4,10,0,0,0,0,0,0,0,2.6492094e-07,Baixo
9263,M24122,M,298.3,309.1,1404,47.0,15,0,0,0,0,0,0,0,6.2035605e-07,Baixo
9264,L56443,L,298.3,309.1,1593,40.1,18,0,0,0,0,0,0,0,4.2216433e-07,Baixo
9265,M24124,M,298.3,309.0,1526,36.9,20,0,0,0,0,0,0,0,1.8126389e-06,Baixo
9266,M24125,M,298.3,308.9,1390,49.7,23,0,0,0,0,0,0,0,6.6767916e-06,Baixo
9267,L56446,L,298.2,308.9,1737,25.5,26,0,0,0,0,0,0,0,1.7442804e-06,Baixo
9268,L56447,L,298.2,308.8,1362,57.3,28,0,0,0,0,0,0,0,5.8019246e-05,Baixo
9269,L56448,L,298.2,308.8,1666,31.5,30,0,0,0,0,0,0,0,3.6415827e-07,Baixo
9270,L56449,L,298.2,308.8,1354,60.9,32,0,0,0,0,0,0,0,0.00017920371,Baixo
9271,L56450,L,298.2,308.8,1302,60.4,34,0,0,0,0,0,0,0,1.012862e-05,Baixo
9272,L56451,L,298.2,308.7,1991,20.5,36,0,0,0,0,0,0,0,3.9527724e-05,Baixo
9273,L56452,L,298.2,308.6,1353,54.1,38,0,0,0,0,0,0,0,6.804292e-06,Baixo
9274,H38687,H,298.2,308.7,1520,35.7,40,0,0,0,0,0,0,0,8.9111045e-06,Baixo
9275,L56454,L,298.2,308.7,1428,54.9,45,0,0,0,0,0,0,0,2.6680173e-06,Baixo
9276,L56455,L,298.2,308.7,1605,29.4,47,0,0,0,0,0,0,0,1.280884e-06,Baixo
9277,L56456,L,298.1,308.7,1691,30.3,49,0,0,0,0,0,0,0,1.2829048e-06,Baixo
9278,L56457,L,298.2,308.7,1447,48.4,51,0,0,0,0,0,0,0,3.2144948e-07,Baixo
9279,H38692,H,298.2,308.8,1606,39.9,53,0,0,0,0,0,0,0,3.119516e-08,Baixo
9280,M24139,M,298.2,308.8,1645,28.2,58,0,0,0,0,0,0,0,4.9944124e-06,Baixo
9281,H38694,H,298.2,308.8,1470,43.3,61,0,0,0,0,0,0,0,2.4046727e-07,Baixo
9282,L56461,L,298.2,308.9,1336,45.0,66,0,0,0,0,0,0,0,3.2273823e-05,Baixo
9283,M24142,M,298.2,308.9,1414,44.3,68,0,0,0,0,0,0,0,3.919674e-06,Baixo
9284,M24143,M,298.3,309.0,1802,27.5,71,0,0,0,0,0,0,0,1.6675626e-06,Baixo
9285,L56464,L,298.2,308.9,1683,31.7,74,0,0,0,0,0,0,0,1.0064387e-06,Baixo
9286,M24145,M,298.2,309.0,1410,47.6,76,0,0,0,0,0,0,0,3.2053615e-06,Baixo
9287,L56466,L,298.2,308.9,1605,32.0,79,0,0,0,0,0,0,0,4.5370908e-07,Baixo
9288,L56467,L,298.2,308.9,1709,28.1,81,0,0,0,0,0,0,0,8.714045e-05,Baixo
9289,L56468,L,298.2,308.9,1444,53.1,83,0,0,0,0,0,0,0,5.4447915e-05,Baixo
9290,L56469,L,298.2,308.9,1367,45.0,85,0,0,0,0,0,0,0,2.5088886e-05,Baixo
9291,L56470,L,298.2,309.0,1418,44.2,87,0,0,0,0,0,0,0,6.308056e-06,Baixo
9292,L56471,L,298.2,309.0,1353,57.8,89,0,0,0,0,0,0,0,6.106898e-05,Baixo
9293,L56472,L,298.2,309.0,1643,34.1,91,0,0,0,0,0,0,0,7.4630304e-07,Baixo
9294,L56473,L,298.3,309.1,1437,38.0,93,0,0,0,0,0,0,0,3.528464e-05,Baixo
9295,L56474,L,298.1,309.0,1437,36.2,95,0,0,0,0,0,0,0,8.993268e-06,Baixo
9296,M24155,M,298.2,309.0,1413,47.9,97,0,0,0,0,0,0,0,4.6205587e-06,Baixo
9297,H38710,H,298.2,309.0,1524,39.1,100,0,0,0,0,0,0,0,1.01907204e-07,Baixo
9298,M24157,M,298.1,308.9,1479,43.4,105,0,0,0,0,0,0,0,5.1634147e-06,Baixo
9299,L56478,L,298.1,308.9,1313,50.6,108,0,0,0,0,0,0,0,3.846491e-05,Baixo
9300,M24159,M,298.1,308.9,1335,50.4,110,0,0,0,0,0,0,0,4.050278e-05,Baixo
9301,L56480,L,298.1,308.9,1367,41.9,113,0,0,0,0,0,0,0,2.4161294e-05,Baixo
9302,M24161,M,298.1,308.9,1459,50.3,115,0,0,0,0,0,0,0,2.5194886e-05,Baixo
9303,M24162,M,298.1,308.9,1804,25.1,118,0,0,0,0,0,0,0,1.1435394e-06,Baixo
9304,L56483,L,298.2,309.0,1491,38.3,121,0,0,0,0,0,0,0,2.8628501e-06,Baixo
9305,L56484,L,298.3,309.1,1537,43.0,123,0,0,0,0,0,0,0,6.6797206e-08,Baixo
9306,H38719,H,298.3,309.1,1646,30.2,125,0,0,0,0,0,0,0,3.4344967e-07,Baixo
9307,M24166,M,298.3,309.2,1783,28.3,130,0,0,0,0,0,0,0,7.716261e-06,Baixo
9308,L56487,L,298.3,309.1,1395,49.8,133,0,0,0,0,0,0,0,4.9388823e-06,Baixo
9309,L56488,L,298.4,309.1,1423,48.0,135,0,0,0,0,0,0,0,2.3196797e-06,Baixo
9310,L56489,L,298.3,309.2,1562,37.6,137,0,0,0,0,0,0,0,9.358263e-07,Baixo
9311,L56490,L,298.4,309.3,1549,40.8,139,0,0,0,0,0,0,0,1.7165656e-05,Baixo
9312,L56491,L,298.4,309.4,1540,43.2,141,0,0,0,0,0,0,0,2.6624537e-06,Baixo
9313,H38726,H,298.5,309.4,1573,33.6,143,0,0,0,0,0,0,0,3.0666985e-07,Baixo
9314,L56493,L,298.5,309.4,1418,45.1,148,0,0,0,0,0,0,0,5.1885374e-05,Baixo
9315,M24174,M,298.5,309.4,1565,33.7,150,0,0,0,0,0,0,0,1.7209135e-06,Baixo
9316,L56495,L,298.5,309.5,1569,41.0,153,0,0,0,0,0,0,0,4.2982106e-06,Baixo
9317,H38730,H,298.5,309.4,1417,41.2,155,0,0,0,0,0,0,0,8.255299e-06,Baixo
9318,L56497,L,298.5,309.5,1480,38.1,160,0,0,0,0,0,0,0,2.1443271e-05,Baixo
9319,L56498,L,298.5,309.4,1364,44.5,162,0,0,0,0,0,0,0,2.7236792e-06,Baixo
9320,L56499,L,298.5,309.4,1911,21.5,164,0,0,0,0,0,0,0,5.3230233e-05,Baixo
9321,L56500,L,298.4,309.3,1409,43.1,166,0,0,0,0,0,0,0,0.00015678206,Baixo
9322,L56501,L,298.4,309.2,1335,53.5,168,0,0,0,0,0,0,0,1.1491101e-05,Baixo
9323,M24182,M,298.5,309.3,1512,38.1,170,0,0,0,0,0,0,0,7.842297e-06,Baixo
9324,L56503,L,298.6,309.4,1447,40.2,173,0,0,0,0,0,0,0,1.3620065e-05,Baixo
9325,L56504,L,298.6,309.3,1537,37.6,175,0,0,0,0,0,0,0,1.4642622e-05,Baixo
9326,M24185,M,298.6,309.3,1510,40.8,177,0,0,0,0,0,0,0,1.1565565e-05,Baixo
9327,L56506,L,298.6,309.3,1677,31.2,180,0,0,0,0,0,0,0,5.6496566e-07,Baixo
9328,L56507,L,298.5,309.2,1504,33.7,182,0,0,0,0,0,0,0,4.9088576e-06,Baixo
9329,H38742,H,298.5,309.1,2051,19.0,184,0,0,0,0,0,0,0,4.0870523e-06,Baixo
9330,L56509,L,298.5,309.1,1474,41.3,189,0,0,0,0,0,0,0,1.4739403e-05,Baixo
9331,M24190,M,298.4,309.0,1507,36.1,191,0,0,0,0,0,0,0,4.6218456e-06,Baixo
9332,L56511,L,298.4,308.9,1496,37.9,194,0,0,0,0,0,0,0,0.0009951575,Baixo
9333,M24192,M,298.5,309.0,1921,22.0,196,0,0,0,0,0,0,0,1.1558905e-05,Baixo
9334,L56513,L,298.5,309.0,1450,40.5,199,0,0,0,0,0,0,0,0.002260087,Baixo
9335,L56514,L,298.4,308.9,1402,44.8,201,0,0,0,0,0,0,0,0.005344285,Baixo
9336,L56515,L,298.4,308.9,1501,50.0,203,0,0,0,0,0,0,0,0.005270036,Baixo
9337,L56516,L,298.5,308.9,1725,31.9,205,0,0,0,0,0,0,0,0.00017181481,Baixo
9338,H38751,H,298.5,308.9,1500,40.3,207,0,0,0,0,0,0,0,0.0021196504,Baixo
9339,H38752,H,298.5,309.0,1531,30.8,212,0,0,0,0,0,0,0,0.001290793,Baixo
9340,L56519,L,298.5,309.0,1458,44.8,217,0,0,0,0,0,0,0,0.0014681148,Baixo
9341,H38754,H,298.4,308.9,1577,37.1,0,0,0,0,0,0,0,0,1.0014122e-06,Baixo
9342,M24201,M,298.3,308.9,1363,46.1,5,0,0,0,0,0,0,0,4.7799975e-05,Baixo
9343,H38756,H,298.3,308.9,1706,31.8,8,0,0,0,0,0,0,0,3.9599595e-08,Baixo
9344,M24203,M,298.3,308.8,1391,50.4,13,0,0,0,0,0,0,0,2.2377542e-06,Baixo
9345,L56524,L,298.2,308.8,1616,33.7,16,0,0,0,0,0,0,0,2.5923487e-07,Baixo
9346,L56525,L,298.2,308.8,1442,47.0,18,0,0,0,0,0,0,0,1.2424866e-05,Baixo
9347,M24206,M,298.2,308.8,1626,40.4,20,0,0,0,0,0,0,0,6.34309e-08,Baixo
9348,M24207,M,298.2,308.7,1426,42.6,23,0,0,0,0,0,0,0,6.4903725e-07,Baixo
9349,L56528,L,298.2,308.7,1436,49.1,26,0,0,0,0,0,0,0,1.0218852e-06,Baixo
9350,M24209,M,298.2,308.7,1599,36.2,28,0,0,0,0,0,0,0,9.180199e-07,Baixo
9351,L56530,L,298.2,308.7,2186,17.8,31,0,0,0,0,0,0,0,5.634051e-05,Baixo
9352,L56531,L,298.3,308.8,1645,30.4,33,0,0,0,0,0,0,0,6.1991054e-06,Baixo
9353,L56532,L,298.2,308.7,1780,27.9,35,0,0,0,0,0,0,0,1.0226406e-05,Baixo
9354,L56533,L,298.2,308.8,1345,44.3,37,0,0,0,0,0,0,0,0.0002256316,Baixo
9355,M24214,M,298.2,308.8,1607,31.9,39,0,0,0,0,0,0,0,2.101284e-06,Baixo
9356,L56535,L,298.3,308.9,1708,28.0,42,0,0,0,0,0,0,0,2.4960639e-06,Baixo
9357,L56536,L,298.3,308.9,1270,52.7,44,0,0,0,0,0,0,0,1.7069799e-05,Baixo
9358,M24217,M,298.3,308.9,1646,25.4,46,0,0,0,0,0,0,0,4.377703e-07,Baixo
9359,L56538,L,298.2,308.7,1407,45.1,49,0,0,0,0,0,0,0,3.459382e-06,Baixo
9360,M24219,M,298.1,308.7,1581,47.4,51,0,0,0,0,0,0,0,4.842088e-09,Baixo
9361,L56540,L,298.0,308.6,1532,42.6,54,0,0,0,0,0,0,0,7.940242e-07,Baixo
9362,L56541,L,298.0,308.6,1610,33.1,56,0,0,0,0,0,0,0,3.5541873e-07,Baixo
9363,M24222,M,298.0,308.5,1682,33.0,58,0,0,0,0,0,0,0,2.1554976e-07,Baixo
9364,L56543,L,297.9,308.5,1519,34.3,61,0,0,0,0,0,0,0,8.775329e-06,Baixo
9365,L56544,L,297.9,308.5,1683,28.5,63,0,0,0,0,0,0,0,1.655496e-05,Baixo
9366,M24225,M,298.0,308.6,1254,55.8,65,0,0,0,0,0,0,0,4.776473e-06,Baixo
9367,L56546,L,298.0,308.5,1461,48.0,68,0,0,0,0,0,0,0,8.359039e-06,Baixo
9368,L56547,L,297.9,308.5,1472,45.1,70,0,0,0,0,0,0,0,1.058801e-06,Baixo
9369,L56548,L,297.7,308.4,1510,38.6,72,0,0,0,0,0,0,0,7.273745e-06,Baixo
9370,M24229,M,297.7,308.3,1547,36.8,74,0,0,0,0,0,0,0,1.8866294e-05,Baixo
9371,H38784,H,297.7,308.4,1418,51.9,77,0,0,0,0,0,0,0,1.7722454e-05,Baixo
9372,L56551,L,297.7,308.4,1289,51.3,82,0,0,0,0,0,0,0,1.1442133e-05,Baixo
9373,L56552,L,297.7,308.4,1487,41.4,84,0,0,0,0,0,0,0,2.424259e-06,Baixo
9374,L56553,L,297.7,308.5,1453,45.5,86,0,0,0,0,0,0,0,1.1612846e-05,Baixo
9375,M24234,M,297.8,308.5,1466,44.7,88,0,0,0,0,0,0,0,3.409293e-05,Baixo
9376,H38789,H,297.7,308.4,1288,49.5,91,0,0,0,0,0,0,0,1.4423314e-06,Baixo
9377,H38790,H,297.7,308.4,1738,27.7,96,0,0,0,0,0,0,0,4.3007958e-07,Baixo
9378,H38791,H,297.7,308.3,1488,41.0,101,0,0,0,0,0,0,0,1.275211e-05,Baixo
9379,L56558,L,297.6,308.3,1816,28.8,106,0,0,0,0,0,0,0,5.4408974e-06,Baixo
9380,L56559,L,297.5,308.2,1419,48.5,108,0,0,0,0,0,0,0,1.2110386e-06,Baixo
9381,L56560,L,297.4,308.1,1435,45.7,110,0,0,0,0,0,0,0,1.3436702e-06,Baixo
9382,M24241,M,297.5,308.1,1480,42.4,112,0,0,0,0,0,0,0,2.2770662e-06,Baixo
9383,L56562,L,297.5,308.2,1610,33.6,115,0,0,0,0,0,0,0,8.951767e-07,Baixo
9384,H38797,H,297.5,308.1,1548,38.2,117,0,0,0,0,0,0,0,3.1945905e-07,Baixo
9385,M24244,M,297.6,308.1,1379,57.4,122,0,0,0,0,0,0,0,0.00037767808,Baixo
9386,M24245,M,297.5,308.1,1907,23.5,125,0,0,0,0,0,0,0,3.1726246e-05,Baixo
9387,M24246,M,297.5,308.0,2033,16.7,128,0,0,0,0,0,0,0,0.00015596778,Baixo
9388,H38801,H,297.4,307.9,1390,52.0,131,0,0,0,0,0,0,0,7.4484175e-05,Baixo
9389,M24248,M,297.5,307.9,1544,37.9,136,0,0,0,0,0,0,0,3.6198984e-05,Baixo
9390,L56569,L,297.6,308.0,1258,57.4,139,0,0,0,0,0,0,0,5.179799e-06,Baixo
9391,M24250,M,297.5,308.0,1560,39.0,141,0,0,0,0,0,0,0,1.6363889e-05,Baixo
9392,H38805,H,297.6,308.2,2071,18.5,144,0,0,0,0,0,0,0,3.144276e-06,Baixo
9393,L56572,L,297.6,308.1,1437,46.3,149,0,0,0,0,0,0,0,3.5568391e-06,Baixo
9394,H38807,H,297.7,308.2,1489,43.0,151,0,0,0,0,0,0,0,5.3397974e-07,Baixo
9395,L56574,L,297.7,308.2,1334,53.0,156,0,0,0,0,0,0,0,4.200706e-06,Baixo
9396,L56575,L,297.7,308.2,1500,39.9,158,0,0,0,0,0,0,0,1.3638214e-06,Baixo
9397,L56576,L,297.8,308.3,1498,47.3,160,0,0,0,0,0,0,0,4.260912e-06,Baixo
9398,M24257,M,297.7,308.2,1370,53.4,162,0,0,0,0,0,0,0,3.0428846e-06,Baixo
9399,H38812,H,297.7,308.2,1526,40.1,165,0,0,0,0,0,0,0,2.0460243e-07,Baixo
9400,L56579,L,297.8,308.3,1477,44.8,170,0,0,0,0,0,0,0,6.8498406e-07,Baixo
9401,L56580,L,297.7,308.2,1446,43.9,172,0,0,0,0,0,0,0,3.2362213e-06,Baixo
9402,M24261,M,297.7,308.2,1720,25.6,174,0,0,0,0,0,0,0,7.1580266e-06,Baixo
9403,L56582,L,297.7,308.1,1734,30.7,177,0,0,0,0,0,0,0,2.1775548e-05,Baixo
9404,L56583,L,297.7,308.1,1697,29.1,179,0,0,0,0,0,0,0,4.3508426e-06,Baixo
9405,L56584,L,297.7,308.2,2007,19.3,181,0,0,0,0,0,0,0,3.7096634e-05,Baixo
9406,M24265,M,297.7,308.1,1469,48.8,183,0,0,0,0,0,0,0,1.0340659e-06,Baixo
9407,M24266,M,297.7,308.1,2189,15.6,186,0,0,0,0,0,0,0,0.0010488979,Baixo
9408,L56587,L,297.8,308.3,1435,50.1,189,0,0,0,0,0,0,0,3.2642297e-06,Baixo
9409,H38822,H,297.9,308.4,1637,34.5,191,0,0,0,0,0,0,0,1.7734174e-06,Baixo
9410,L56589,L,298.0,308.5,1664,28.3,196,0,0,0,0,0,0,0,8.2279774e-05,Baixo
9411,M24270,M,298.0,308.5,1666,31.0,198,0,0,0,0,0,0,0,0.0003110212,Baixo
9412,L56591,L,298.0,308.5,1404,46.6,201,0,0,0,0,0,0,0,0.0056129606,Baixo
9413,L56592,L,298.0,308.5,1702,26.7,203,0,0,0,0,0,0,0,0.01648639,Baixo
9414,L56593,L,298.1,308.6,1439,44.9,205,0,0,0,0,0,0,0,0.0016495599,Baixo
9415,L56594,L,298.1,308.6,1354,53.9,207,1,0,0,0,1,0,1,0.9997452,Crítico
9416,M24275,M,298.2,308.7,1361,44.2,0,0,0,0,0,0,0,0,4.495143e-06,Baixo
9417,M24276,M,298.1,308.5,1463,45.9,3,0,0,0,0,0,0,0,6.340722e-06,Baixo
9418,H38831,H,298.1,308.4,1515,43.8,6,0,0,0,0,0,0,0,3.778026e-07,Baixo
9419,L56598,L,298.0,308.4,1432,46.2,11,0,0,0,0,0,0,0,2.7813908e-06,Baixo
9420,L56599,L,298.0,308.4,1911,22.0,13,0,0,0,0,0,0,0,1.1866395e-05,Baixo
9421,L56600,L,298.0,308.4,1472,42.0,15,0,0,0,0,0,0,0,4.431858e-07,Baixo
9422,M24281,M,298.1,308.5,1382,54.5,17,0,0,0,0,0,0,0,2.2845616e-05,Baixo
9423,L56602,L,298.1,308.5,1665,29.6,20,0,0,0,0,0,0,0,4.2551173e-06,Baixo
9424,L56603,L,298.1,308.5,1676,30.5,22,0,0,0,0,0,0,0,1.9622768e-05,Baixo
9425,M24284,M,298.0,308.5,1585,33.0,24,0,0,0,0,0,0,0,1.8994081e-06,Baixo
9426,M24285,M,298.1,308.6,1415,46.3,27,0,0,0,0,0,0,0,2.016894e-06,Baixo
9427,L56606,L,298.1,308.7,1341,55.7,30,0,0,0,0,0,0,0,1.77684e-05,Baixo
9428,L56607,L,298.2,308.8,1540,34.8,32,0,0,0,0,0,0,0,1.7202295e-07,Baixo
9429,H38842,H,298.2,308.8,1837,28.4,34,0,0,0,0,0,0,0,3.1162784e-07,Baixo
9430,L56609,L,298.2,308.8,1498,36.0,39,0,0,0,0,0,0,0,2.939979e-07,Baixo
9431,L56610,L,298.1,308.7,1671,28.8,41,0,0,0,0,0,0,0,1.3844679e-06,Baixo
9432,L56611,L,298.0,308.6,1430,57.0,43,0,0,0,0,0,0,0,0.0050642253,Baixo
9433,L56612,L,298.0,308.7,1619,40.1,45,0,0,0,0,0,0,0,1.1756812e-06,Baixo
9434,M24293,M,298.0,308.7,1430,51.9,47,0,0,0,0,0,0,0,3.427025e-06,Baixo
9435,L56614,L,298.0,308.6,1626,33.3,50,0,0,0,0,0,0,0,9.01148e-08,Baixo
9436,L56615,L,298.0,308.7,1443,49.3,52,0,0,0,0,0,0,0,1.4094873e-05,Baixo
9437,L56616,L,298.0,308.6,1481,42.5,54,0,0,0,0,0,0,0,1.7690137e-06,Baixo
9438,M24297,M,298.1,308.7,1527,43.0,56,0,0,0,0,0,0,0,2.2327554e-06,Baixo
9439,M24298,M,298.1,308.7,1315,56.8,59,0,0,0,0,0,0,0,1.970389e-06,Baixo
9440,M24299,M,298.1,308.8,1433,48.2,62,0,0,0,0,0,0,0,7.904754e-06,Baixo
9441,M24300,M,298.1,308.8,1378,53.5,65,0,0,0,0,0,0,0,0.00031134044,Baixo
9442,L56621,L,298.1,308.8,1432,43.4,68,0,0,0,0,0,0,0,3.994334e-06,Baixo
9443,M24302,M,298.1,308.8,1394,47.9,70,0,0,0,0,0,0,0,3.142759e-06,Baixo
9444,H38857,H,298.0,308.8,1411,53.8,73,0,0,0,0,0,0,0,1.9917867e-05,Baixo
9445,L56624,L,298.1,308.9,2136,15.9,78,0,0,0,0,0,0,0,0.46610406,Moderado
9446,M24305,M,298.2,309.0,1446,45.8,80,0,0,0,0,0,0,0,3.666191e-06,Baixo
9447,H38860,H,298.1,308.9,1388,53.5,83,0,0,0,0,0,0,0,2.3842631e-05,Baixo
9448,M24307,M,298.1,308.9,1323,51.7,88,0,0,0,0,0,0,0,7.3402507e-06,Baixo
9449,L56628,L,298.2,309.0,1780,29.3,91,0,0,0,0,0,0,0,5.8766905e-06,Baixo
9450,M24309,M,298.1,308.8,1434,41.8,93,0,0,0,0,0,0,0,1.457394e-05,Baixo
9451,M24310,M,298.0,308.7,1494,42.6,96,0,0,0,0,0,0,0,9.5767855e-06,Baixo
9452,H38865,H,298.0,308.7,1536,39.6,99,0,0,0,0,0,0,0,1.0117937e-07,Baixo
9453,M24312,M,298.0,308.7,1392,53.4,104,0,0,0,0,0,0,0,3.4571127e-05,Baixo
9454,H38867,H,298.2,309.0,1360,56.8,107,0,0,0,0,0,0,0,7.6813785e-06,Baixo
9455,L56634,L,298.4,309.2,1583,35.4,112,0,0,0,0,0,0,0,5.8323263e-07,Baixo
9456,L56635,L,298.5,309.2,1983,20.2,114,0,0,0,0,0,0,0,1.383129e-05,Baixo
9457,L56636,L,298.5,309.3,1630,33.3,116,0,0,0,0,0,0,0,8.527772e-07,Baixo
9458,M24317,M,298.5,309.3,1692,26.7,118,0,0,0,0,0,0,0,2.7218039e-05,Baixo
9459,L56638,L,298.4,309.1,1417,40.6,121,0,0,0,0,0,0,0,3.2955686e-06,Baixo
9460,L56639,L,298.4,309.1,1579,36.1,123,0,0,0,0,0,0,0,4.63274e-07,Baixo
9461,M24320,M,298.4,309.2,1399,45.2,125,0,0,0,0,0,0,0,2.1957552e-05,Baixo
9462,M24321,M,298.4,309.2,1414,46.4,128,0,0,0,0,0,0,0,3.5951114e-05,Baixo
9463,L56642,L,298.5,309.3,1570,40.1,131,0,0,0,0,0,0,0,9.788258e-07,Baixo
9464,M24323,M,298.5,309.3,1552,36.8,133,0,0,0,0,0,0,0,7.5515313e-06,Baixo
9465,L56644,L,298.6,309.4,1440,48.2,136,0,0,0,0,0,0,0,7.4379245e-06,Baixo
9466,M24325,M,298.6,309.4,1460,43.8,138,0,0,0,0,0,0,0,6.455002e-07,Baixo
9467,L56646,L,298.6,309.4,1471,48.0,141,0,0,0,0,0,0,0,9.844664e-06,Baixo
9468,L56647,L,298.6,309.3,1702,27.6,143,0,0,0,0,0,0,0,6.527059e-06,Baixo
9469,L56648,L,298.6,309.4,1375,55.4,145,0,0,0,0,0,0,0,0.00013485126,Baixo
9470,L56649,L,298.6,309.4,1698,33.2,147,0,0,0,0,0,0,0,1.1568536e-06,Baixo
9471,H38884,H,298.6,309.4,1439,47.1,149,0,0,0,0,0,0,0,1.4471772e-06,Baixo
9472,M24331,M,298.6,309.4,1774,27.5,154,0,0,0,0,0,0,0,2.6881607e-06,Baixo
9473,M24332,M,298.7,309.4,1375,48.3,157,0,0,0,0,0,0,0,4.3372238e-05,Baixo
9474,L56653,L,298.7,309.5,1446,40.0,160,0,0,0,0,0,0,0,2.7405256e-05,Baixo
9475,M24334,M,298.7,309.6,1455,46.8,162,0,0,0,0,0,0,0,2.466681e-05,Baixo
9476,L56655,L,298.8,309.6,1523,41.9,165,0,0,0,0,0,0,0,1.2340553e-06,Baixo
9477,M24336,M,298.8,309.6,1692,31.9,167,0,0,0,0,0,0,0,5.429249e-07,Baixo
9478,M24337,M,298.8,309.6,1693,33.3,170,0,0,0,0,0,0,0,1.4096842e-07,Baixo
9479,L56658,L,298.8,309.6,1890,24.0,173,0,0,0,0,0,0,0,5.287943e-06,Baixo
9480,H38893,H,298.9,309.6,1600,33.5,175,0,0,0,0,0,0,0,4.5440407e-07,Baixo
9481,M24340,M,298.9,309.6,1434,43.8,180,0,0,0,0,0,0,0,2.7573624e-06,Baixo
9482,L56661,L,298.9,309.6,1365,50.9,183,0,0,0,0,0,0,0,1.8341021e-05,Baixo
9483,H38896,H,298.8,309.6,1309,57.4,185,0,0,0,0,0,0,0,0.00048349038,Baixo
9484,H38897,H,298.9,309.6,1546,35.3,190,0,0,0,0,0,0,0,2.4046228e-06,Baixo
9485,L56664,L,298.9,309.6,1663,33.7,195,0,0,0,0,0,0,0,2.5443038e-07,Baixo
9486,L56665,L,298.9,309.6,1589,34.2,197,0,0,0,0,0,0,0,1.8732751e-06,Baixo
9487,M24346,M,298.9,309.6,1472,46.0,199,0,0,0,0,0,0,0,7.366598e-05,Baixo
9488,L56667,L,298.9,309.6,1583,39.8,202,0,0,0,0,0,0,0,1.4063963e-05,Baixo
9489,M24348,M,298.9,309.6,1567,34.5,204,0,0,0,0,0,0,0,0.00015046005,Baixo
9490,L56669,L,298.9,309.7,1407,41.9,207,0,0,0,0,0,0,0,0.04315371,Baixo
9491,M24350,M,299.0,309.7,1418,44.7,209,0,0,0,0,0,0,0,0.009283499,Baixo
9492,M24351,M,299.0,309.7,1489,40.7,212,0,0,0,0,0,0,0,0.0004586201,Baixo
9493,L56672,L,299.1,309.9,1586,36.6,215,0,0,0,0,0,0,0,0.0003444586,Baixo
9494,L56673,L,299.1,309.8,1398,55.4,217,1,0,0,0,1,0,1,0.99993336,Crítico
9495,L56674,L,299.2,309.9,1516,41.4,219,0,0,0,0,0,0,0,0.01081451,Baixo
9496,H38909,H,299.3,310.0,1373,44.8,221,0,0,0,0,0,0,0,0.41059545,Moderado
9497,M24356,M,299.2,310.0,1349,50.4,226,0,0,0,0,0,0,0,0.5626909,Moderado
9498,H38911,H,299.1,309.9,1443,40.3,0,0,0,0,0,0,0,0,2.524436e-07,Baixo
9499,H38912,H,299.2,310.1,1542,36.1,5,0,0,0,0,0,0,0,4.3968114e-07,Baixo
9500,L56679,L,299.2,310.1,1534,37.7,10,0,0,0,0,0,0,0,3.1372235e-07,Baixo
9501,L56680,L,299.2,310.2,1697,30.6,12,0,0,0,0,0,0,0,7.258624e-06,Baixo
9502,L56681,L,299.3,310.3,1396,47.4,14,0,0,0,0,0,0,0,1.2301155e-06,Baixo
9503,L56682,L,299.3,310.2,1495,49.2,16,0,0,0,0,0,0,0,1.7761508e-06,Baixo
9504,M24363,M,299.2,310.3,1551,44.8,18,0,0,0,0,0,0,0,3.5240876e-07,Baixo
9505,L56684,L,299.2,310.3,1440,47.0,21,0,0,0,0,0,0,0,8.551063e-07,Baixo
9506,L56685,L,299.2,310.3,1429,40.1,23,0,0,0,0,0,0,0,2.4339747e-06,Baixo
9507,H38920,H,299.3,310.4,1548,41.6,25,0,0,0,0,0,0,0,2.5900553e-07,Baixo
9508,L56687,L,299.3,310.5,1505,38.8,30,0,0,0,0,0,0,0,1.6718908e-06,Baixo
9509,L56688,L,299.2,310.4,1611,36.4,32,0,0,0,0,0,0,0,1.3720765e-07,Baixo
9510,M24369,M,299.2,310.4,1502,39.8,34,0,0,0,0,0,0,0,4.9250165e-08,Baixo
9511,M24370,M,299.2,310.4,1504,43.3,37,0,0,0,0,0,0,0,1.4526194e-07,Baixo
9512,L56691,L,299.1,310.3,1449,40.7,40,0,0,0,0,0,0,0,5.5610695e-07,Baixo
9513,L56692,L,299.0,310.2,1575,37.8,42,0,0,0,0,0,0,0,2.9988485e-07,Baixo
9514,M24373,M,299.0,310.2,1598,33.4,44,0,0,0,0,0,0,0,2.97382e-08,Baixo
9515,L56694,L,299.0,310.1,1416,45.9,47,0,0,0,0,0,0,0,4.841093e-07,Baixo
9516,L56695,L,299.0,310.2,1682,28.8,49,0,0,0,0,0,0,0,1.0794358e-06,Baixo
9517,L56696,L,298.9,310.1,1341,54.5,51,0,0,0,0,0,0,0,4.005078e-05,Baixo
9518,L56697,L,298.9,310.1,1523,39.1,53,0,0,0,0,0,0,0,1.313141e-07,Baixo
9519,L56698,L,299.0,310.1,1580,41.9,55,0,0,0,0,0,0,0,1.3077695e-07,Baixo
9520,L56699,L,299.0,310.1,1531,36.0,57,0,0,0,0,0,0,0,3.0477793e-07,Baixo
9521,L56700,L,299.0,310.1,1375,48.9,59,0,0,0,0,0,0,0,6.0489387e-05,Baixo
9522,M24381,M,298.9,310.1,1484,40.4,61,0,0,0,0,0,0,0,1.636387e-07,Baixo
9523,M24382,M,299.0,310.2,1657,32.3,64,0,0,0,0,0,0,0,2.4755573e-07,Baixo
9524,L56703,L,299.0,310.2,1494,40.6,67,0,0,0,0,0,0,0,8.665385e-07,Baixo
9525,H38938,H,299.0,310.3,1658,27.6,69,0,0,0,0,0,0,0,1.2088964e-07,Baixo
9526,L56705,L,299.1,310.3,1411,42.1,74,0,0,0,0,0,0,0,2.6258795e-07,Baixo
9527,M24386,M,299.2,310.4,1395,55.4,76,0,0,0,0,0,0,0,1.843359e-05,Baixo
9528,L56707,L,299.1,310.4,1550,43.9,79,0,0,0,0,0,0,0,1.5152306e-06,Baixo
9529,M24388,M,299.1,310.3,1233,59.0,81,0,0,0,0,0,0,0,0.00010617625,Baixo
9530,L56709,L,299.1,310.3,1459,46.7,84,0,0,0,0,0,0,0,1.8736431e-06,Baixo
9531,H38944,H,299.1,310.4,1405,53.6,86,0,0,0,0,0,0,0,4.553164e-06,Baixo
9532,L56711,L,299.2,310.5,1458,44.1,91,0,0,0,0,0,0,0,2.0684975e-06,Baixo
9533,L56712,L,299.2,310.5,1384,48.7,93,0,0,0,0,0,0,0,6.578076e-06,Baixo
9534,L56713,L,299.2,310.5,1705,29.5,95,0,0,0,0,0,0,0,1.091805e-05,Baixo
9535,L56714,L,299.3,310.6,1443,45.7,97,0,0,0,0,0,0,0,7.4330956e-06,Baixo
9536,M24395,M,299.3,310.6,1609,31.4,99,0,0,0,0,0,0,0,8.4725264e-07,Baixo
9537,L56716,L,299.3,310.5,1818,26.0,102,0,0,0,0,0,0,0,3.6033407e-06,Baixo
9538,M24397,M,299.3,310.6,1457,42.1,104,0,0,0,0,0,0,0,4.855195e-07,Baixo
9539,L56718,L,299.3,310.6,1480,45.1,107,0,0,0,0,0,0,0,9.3436114e-07,Baixo
9540,L56719,L,299.4,310.8,1424,47.7,109,0,0,0,0,0,0,0,4.3683988e-07,Baixo
9541,M24400,M,299.4,310.8,1628,40.2,111,0,0,0,0,0,0,0,5.7315646e-07,Baixo
9542,M24401,M,299.5,310.8,1754,31.3,114,0,0,0,0,0,0,0,1.0469423e-07,Baixo
9543,L56722,L,299.6,310.9,1716,28.5,117,0,0,0,0,0,0,0,2.2881113e-05,Baixo
9544,M24403,M,299.5,310.9,1378,48.7,119,0,0,0,0,0,0,0,7.814406e-06,Baixo
9545,L56724,L,299.6,311.0,1708,31.0,122,0,0,0,0,0,0,0,9.776012e-06,Baixo
9546,L56725,L,299.6,311.0,1430,38.3,124,0,0,0,0,0,0,0,7.5379296e-07,Baixo
9547,M24406,M,299.7,311.2,1560,43.9,126,0,0,0,0,0,0,0,4.082671e-07,Baixo
9548,L56727,L,299.6,311.1,1679,30.7,129,0,0,0,0,0,0,0,2.492353e-05,Baixo
9549,L56728,L,299.6,311.1,1521,37.2,131,0,0,0,0,0,0,0,2.5570438e-05,Baixo
9550,M24409,M,299.6,311.1,1649,33.8,133,0,0,0,0,0,0,0,5.6731045e-07,Baixo
9551,M24410,M,299.5,311.0,1451,43.3,136,0,0,0,0,0,0,0,7.9617615e-07,Baixo
9552,L56731,L,299.4,310.8,1391,48.9,139,0,0,0,0,0,0,0,2.4357456e-05,Baixo
9553,M24412,M,299.3,310.8,1523,40.9,141,0,0,0,0,0,0,0,4.4329418e-06,Baixo
9554,L56733,L,299.3,310.7,1495,39.2,144,0,0,0,0,0,0,0,1.1412766e-06,Baixo
9555,M24414,M,299.3,310.7,1440,45.5,146,0,0,0,0,0,0,0,2.5810382e-06,Baixo
9556,H38969,H,299.4,310.8,1585,31.4,149,0,0,0,0,0,0,0,1.2987591e-06,Baixo
9557,L56736,L,299.5,310.8,1374,48.3,154,0,0,0,0,0,0,0,1.7810323e-06,Baixo
9558,M24417,M,299.5,310.8,1507,40.2,156,0,0,0,0,0,0,0,3.64168e-07,Baixo
9559,M24418,M,299.5,310.9,1577,34.6,159,0,0,0,0,0,0,0,3.950375e-06,Baixo
9560,L56739,L,299.5,310.9,1496,38.5,162,0,0,0,0,0,0,0,2.8937527e-06,Baixo
9561,L56740,L,299.6,310.9,1487,42.5,164,0,0,0,0,0,0,0,1.2009668e-06,Baixo
9562,L56741,L,299.6,310.9,1853,26.3,166,0,0,0,0,0,0,0,0.00014475896,Baixo
9563,M24422,M,299.7,311.0,1435,50.1,168,0,0,0,0,0,0,0,8.6132246e-07,Baixo
9564,M24423,M,299.8,311.1,1763,25.5,171,0,0,0,0,0,0,0,3.670956e-05,Baixo
9565,L56744,L,299.8,311.1,1820,24.9,174,0,0,0,0,0,0,0,1.4858815e-05,Baixo
9566,M24425,M,299.8,311.1,1498,38.1,176,0,0,0,0,0,0,0,5.0949534e-06,Baixo
9567,L56746,L,299.8,311.1,1603,35.1,179,0,0,0,0,0,0,0,5.945873e-07,Baixo
9568,L56747,L,299.8,311.1,1412,42.5,181,0,0,0,0,0,0,0,3.4718016e-07,Baixo
9569,L56748,L,299.8,311.1,1588,38.0,183,0,0,0,0,0,0,0,6.444911e-06,Baixo
9570,M24429,M,299.8,311.0,1948,20.0,185,0,0,0,0,0,0,0,0.00017508307,Baixo
9571,L56750,L,299.7,310.9,1384,48.2,188,0,0,0,0,0,0,0,0.0005230381,Baixo
9572,L56751,L,299.7,310.8,1589,36.0,190,0,0,0,0,0,0,0,4.688173e-06,Baixo
9573,M24432,M,299.7,310.8,1405,47.6,192,0,0,0,0,0,0,0,6.4742276e-06,Baixo
9574,L56753,L,299.7,310.9,1491,40.1,195,0,0,0,0,0,0,0,0.00017013776,Baixo
9575,H38988,H,299.7,310.8,1418,46.6,197,0,0,0,0,0,0,0,4.393728e-06,Baixo
9576,M24435,M,299.6,310.8,1603,35.4,202,0,0,0,0,0,0,0,2.313535e-05,Baixo
9577,L56756,L,299.6,310.7,1922,23.3,205,1,1,0,0,0,0,1,0.009415164,Baixo
9578,M24437,M,299.5,310.7,1364,49.5,0,0,0,0,0,0,0,0,1.3039007e-06,Baixo
9579,L56758,L,299.4,310.7,1551,41.2,3,0,0,0,0,0,0,0,3.981821e-06,Baixo
9580,L56759,L,299.5,310.7,1589,33.5,5,0,0,0,0,0,0,0,2.397346e-06,Baixo
9581,M24440,M,299.5,310.7,1423,56.5,7,0,0,0,0,0,0,0,4.329105e-06,Baixo
9582,L56761,L,299.4,310.6,1418,53.1,10,0,0,0,0,0,0,0,4.3891587e-06,Baixo
9583,M24442,M,299.3,310.5,1404,47.5,12,0,0,0,0,0,0,0,6.3937597e-07,Baixo
9584,L56763,L,299.3,310.5,1281,59.8,15,0,0,0,0,0,0,0,3.4787947e-05,Baixo
9585,L56764,L,299.3,310.5,1529,41.3,17,0,0,0,0,0,0,0,2.1984197e-07,Baixo
9586,M24445,M,299.3,310.5,1563,42.1,19,0,0,0,0,0,0,0,1.3480204e-08,Baixo
9587,L56766,L,299.4,310.6,1348,54.5,22,0,0,0,0,0,0,0,1.9043088e-06,Baixo
9588,M24447,M,299.3,310.5,1462,40.5,24,0,0,0,0,0,0,0,5.0206074e-07,Baixo
9589,H39002,H,299.3,310.4,1510,45.5,27,0,0,0,0,0,0,0,1.5784298e-07,Baixo
9590,L56769,L,299.2,310.4,1472,43.3,32,0,0,0,0,0,0,0,1.7940927e-07,Baixo
9591,M24450,M,299.2,310.4,1325,52.0,34,0,0,0,0,0,0,0,5.138318e-06,Baixo
9592,L56771,L,299.2,310.4,1570,37.3,37,0,0,0,0,0,0,0,1.1894394e-07,Baixo
9593,L56772,L,299.2,310.4,1379,46.8,39,0,0,0,0,0,0,0,6.9818575e-06,Baixo
9594,L56773,L,299.1,310.2,1352,52.8,41,0,0,0,0,0,0,0,3.5412606e-05,Baixo
9595,L56774,L,299.1,310.3,1727,28.7,43,0,0,0,0,0,0,0,7.492126e-07,Baixo
9596,H39009,H,299.0,310.1,1432,50.0,45,0,0,0,0,0,0,0,2.470687e-07,Baixo
9597,L56776,L,298.9,310.1,1466,43.4,50,0,0,0,0,0,0,0,1.8321757e-07,Baixo
9598,L56777,L,298.9,310.1,1510,38.0,52,0,0,0,0,0,0,0,5.4941376e-07,Baixo
9599,L56778,L,299.0,310.2,1490,41.1,54,0,0,0,0,0,0,0,1.1655234e-06,Baixo
9600,L56779,L,299.0,310.1,1463,37.4,56,0,0,0,0,0,0,0,8.926228e-06,Baixo
9601,M24460,M,298.9,310.0,1561,45.3,58,0,0,0,0,0,0,0,4.326594e-07,Baixo
9602,L56781,L,298.9,310.1,2109,18.0,61,0,0,0,0,0,0,0,0.00015418259,Baixo
9603,L56782,L,298.9,310.2,1705,32.5,63,0,0,0,0,0,0,0,3.7795786e-07,Baixo
9604,M24463,M,298.9,310.1,1549,40.2,65,0,0,0,0,0,0,0,1.7255742e-06,Baixo
9605,H39018,H,299.0,310.2,1637,38.0,68,0,0,0,0,0,0,0,9.20567e-08,Baixo
9606,M24465,M,298.9,310.1,1484,37.9,73,0,0,0,0,0,0,0,9.0723215e-06,Baixo
9607,L56786,L,298.9,310.1,1401,44.4,76,0,0,0,0,0,0,0,2.2768469e-05,Baixo
9608,L56787,L,298.9,310.1,1571,36.8,78,0,0,0,0,0,0,0,5.504165e-08,Baixo
9609,M24468,M,298.9,310.1,1513,41.5,80,0,0,0,0,0,0,0,2.3868742e-07,Baixo
9610,L56789,L,299.0,310.1,1470,40.3,83,0,0,0,0,0,0,0,3.3187498e-06,Baixo
9611,L56790,L,299.0,310.1,1505,41.3,85,0,0,0,0,0,0,0,2.4816516e-06,Baixo
9612,L56791,L,299.0,310.2,1432,42.2,87,0,0,0,0,0,0,0,7.187742e-06,Baixo
9613,M24472,M,299.0,310.2,1625,31.8,89,0,0,0,0,0,0,0,6.409254e-07,Baixo
9614,L56793,L,299.0,310.2,1377,62.5,92,1,0,0,1,0,0,1,0.7996069,Alto
9615,M24474,M,299.1,310.3,1441,43.9,94,0,0,0,0,0,0,0,1.5503779e-06,Baixo
9616,M24475,M,299.0,310.2,1564,39.9,97,0,0,0,0,0,0,0,2.294168e-06,Baixo
9617,L56796,L,298.9,310.1,1580,37.3,100,0,0,0,0,0,0,0,2.4613578e-06,Baixo
9618,L56797,L,299.0,310.2,1516,35.3,102,0,0,0,0,0,0,0,1.3359718e-06,Baixo
9619,L56798,L,299.0,310.1,1447,42.8,104,0,0,0,0,0,0,0,1.4198348e-05,Baixo
9620,M24479,M,298.9,310.0,1323,52.9,106,0,0,0,0,0,0,0,1.0215187e-05,Baixo
9621,L56800,L,298.9,310.0,1470,45.9,109,0,0,0,0,0,0,0,1.1409631e-06,Baixo
9622,M24481,M,299.0,310.0,2049,19.5,111,0,0,0,0,0,0,0,3.249383e-05,Baixo
9623,L56802,L,298.9,310.0,1794,27.2,114,0,0,0,0,0,0,0,2.0811096e-06,Baixo
9624,L56803,L,298.9,310.1,1356,47.8,116,0,0,0,0,0,0,0,0.00012304913,Baixo
9625,H39038,H,299.0,310.1,1555,38.6,118,0,0,0,0,0,0,0,2.817805e-07,Baixo
9626,M24485,M,299.0,310.1,1487,47.5,123,0,0,0,0,0,0,0,8.2371736e-07,Baixo
9627,M24486,M,299.0,310.0,1341,58.9,126,0,0,0,0,0,0,0,8.352203e-06,Baixo
9628,M24487,M,298.9,310.0,1487,36.6,129,0,0,0,0,0,0,0,2.606424e-07,Baixo
9629,H39042,H,299.0,310.0,1569,34.3,132,0,0,0,0,0,0,0,1.4501141e-07,Baixo
9630,H39043,H,299.0,310.1,2053,19.7,137,0,0,0,0,0,0,0,2.3220206e-05,Baixo
9631,L56810,L,299.0,310.1,1583,35.8,142,0,0,0,0,0,0,0,7.399778e-07,Baixo
9632,L56811,L,299.0,310.0,1672,33.2,144,0,0,0,0,0,0,0,1.4057302e-08,Baixo
9633,M24492,M,299.0,310.0,1337,57.4,146,0,0,0,0,0,0,0,1.050983e-05,Baixo
9634,H39047,H,299.1,310.1,1421,41.2,149,0,0,0,0,0,0,0,2.0063798e-07,Baixo
9635,L56814,L,299.1,310.2,1425,52.7,154,0,0,0,0,0,0,0,2.11196e-06,Baixo
9636,L56815,L,299.2,310.2,1609,33.2,156,0,0,0,0,0,0,0,2.9384227e-08,Baixo
9637,L56816,L,299.2,310.3,1507,41.3,158,0,0,0,0,0,0,0,8.380279e-06,Baixo
9638,L56817,L,299.2,310.3,1463,38.9,160,0,0,0,0,0,0,0,1.9142412e-06,Baixo
9639,H39052,H,299.3,310.4,1393,44.9,162,0,0,0,0,0,0,0,3.5328029e-07,Baixo
9640,L56819,L,299.3,310.4,1725,26.8,167,0,0,0,0,0,0,0,1.2693523e-06,Baixo
9641,L56820,L,299.4,310.5,1514,36.1,169,0,0,0,0,0,0,0,9.582491e-07,Baixo
9642,L56821,L,299.3,310.4,1365,53.9,171,0,0,0,0,0,0,0,9.189851e-06,Baixo
9643,L56822,L,299.4,310.5,1372,46.3,173,0,0,0,0,0,0,0,2.0841167e-06,Baixo
9644,L56823,L,299.4,310.4,1509,40.6,175,0,0,0,0,0,0,0,2.8398292e-06,Baixo
9645,L56824,L,299.3,310.4,1629,32.6,177,0,0,0,0,0,0,0,4.8947214e-07,Baixo
9646,L56825,L,299.4,310.5,1749,28.1,179,0,0,0,0,0,0,0,5.154308e-06,Baixo
9647,L56826,L,299.4,310.4,1582,31.7,181,0,0,0,0,0,0,0,1.6076731e-06,Baixo
9648,L56827,L,299.2,310.2,1458,47.0,183,0,0,0,0,0,0,0,2.9868174e-06,Baixo
9649,L56828,L,299.1,310.1,1416,41.2,185,0,0,0,0,0,0,0,4.927304e-06,Baixo
9650,H39063,H,299.1,310.0,1657,33.1,187,0,0,0,0,0,0,0,5.3717105e-07,Baixo
9651,M24510,M,299.1,310.0,1437,41.1,192,0,0,0,0,0,0,0,4.773317e-06,Baixo
9652,M24511,M,299.1,310.0,1580,36.0,195,0,0,0,0,0,0,0,3.472328e-07,Baixo
9653,M24512,M,299.0,310.0,1488,46.3,198,0,0,0,0,0,0,0,5.59254e-06,Baixo
9654,L56833,L,299.0,309.9,1373,55.7,201,1,0,0,0,1,0,1,0.053980973,Baixo
9655,L56834,L,299.1,310.0,1367,56.3,203,1,0,0,0,1,0,1,0.99642664,Crítico
9656,H39069,H,299.1,310.0,1431,49.5,205,0,0,0,0,0,0,0,0.00015319501,Baixo
9657,L56836,L,299.0,310.1,1623,33.0,210,0,0,0,0,0,0,0,0.00010728213,Baixo
9658,L56837,L,299.0,310.0,1484,39.6,212,0,0,0,0,0,0,0,0.00018298268,Baixo
9659,L56838,L,299.0,309.9,1548,34.5,214,0,0,0,0,0,0,0,0.0029436424,Baixo
9660,L56839,L,298.9,309.8,1287,61.9,216,1,0,0,0,1,0,1,0.99998343,Crítico
9661,M24520,M,298.9,309.8,1392,43.1,218,0,0,0,0,0,0,0,0.006127402,Baixo
9662,H39075,H,299.0,310.0,1458,44.9,221,0,0,0,0,0,0,0,0.00011769655,Baixo
9663,M24522,M,299.1,310.1,1570,30.9,226,0,0,0,0,0,0,0,0.0007077749,Baixo
9664,L56843,L,299.1,310.1,1435,48.8,229,1,0,0,0,1,0,1,0.90902823,Crítico
9665,L56844,L,299.1,310.2,1317,54.8,231,1,0,0,0,1,0,1,0.9999181,Crítico
9666,L56845,L,299.2,310.3,1610,33.3,233,0,0,0,0,0,0,0,0.072324745,Baixo
9667,M24526,M,299.1,310.3,1838,24.0,235,0,0,0,0,0,0,0,0.17533764,Baixo
9668,L56847,L,299.2,310.3,1352,48.9,238,1,0,0,0,1,0,1,0.9943211,Crítico
9669,L56848,L,299.1,310.3,1619,35.2,240,0,0,0,0,0,0,0,0.00734144,Baixo
9670,L56849,L,299.1,310.3,1619,31.1,242,0,0,0,0,0,0,0,0.0038814978,Baixo
9671,L56850,L,299.0,310.2,1690,30.7,244,0,0,0,0,0,0,0,0.15201598,Baixo
9672,L56851,L,299.0,310.2,1412,44.1,246,0,0,0,0,0,0,0,0.017594883,Baixo
9673,H39086,H,299.0,310.2,1744,31.5,0,0,0,0,0,0,0,0,3.4935664e-07,Baixo
9674,M24533,M,299.0,310.1,1593,35.4,5,0,0,0,0,0,0,0,1.5036526e-06,Baixo
9675,L56854,L,299.1,310.2,1695,29.6,8,0,0,0,0,0,0,0,2.5497498e-06,Baixo
9676,M24535,M,299.0,310.2,1298,57.2,10,0,0,0,0,0,0,0,2.3147913e-06,Baixo
9677,L56856,L,299.0,310.1,1886,21.2,13,0,0,0,0,0,0,0,2.1958682e-05,Baixo
9678,L56857,L,299.0,310.1,2033,19.3,15,0,0,0,0,0,0,0,3.369038e-05,Baixo
9679,M24538,M,299.1,310.2,1711,28.1,17,0,0,0,0,0,0,0,2.0091134e-06,Baixo
9680,L56859,L,299.1,310.2,1598,33.4,20,0,0,0,0,0,0,0,3.0578608e-08,Baixo
9681,L56860,L,299.1,310.1,1894,24.2,22,0,0,0,0,0,0,0,2.7645543e-05,Baixo
9682,M24541,M,299.1,310.1,1412,44.4,24,0,0,0,0,0,0,0,1.1031797e-06,Baixo
9683,L56862,L,299.1,310.0,1394,46.6,27,0,0,0,0,0,0,0,1.7485076e-05,Baixo
9684,M24543,M,299.0,310.0,1338,56.4,29,0,0,0,0,0,0,0,1.6425694e-06,Baixo
9685,H39098,H,298.9,309.9,1376,51.0,32,0,0,0,0,0,0,0,4.3058585e-06,Baixo
9686,L56865,L,299.0,310.0,1360,48.1,37,0,0,0,0,0,0,0,8.781348e-06,Baixo
9687,L56866,L,299.1,310.1,1486,40.7,39,0,0,0,0,0,0,0,1.5199182e-06,Baixo
9688,M24547,M,299.1,310.1,1649,31.6,41,0,0,0,0,0,0,0,4.0031168e-08,Baixo
9689,L56868,L,299.1,310.1,1367,45.6,44,0,0,0,0,0,0,0,2.4062303e-05,Baixo
9690,L56869,L,299.0,310.1,1362,59.5,46,0,0,0,0,0,0,0,0.0038171601,Baixo
9691,M24550,M,298.9,310.0,1520,35.6,48,0,0,0,0,0,0,0,1.9398175e-07,Baixo
9692,L56871,L,299.0,310.0,1582,31.9,51,0,0,0,0,0,0,0,8.841145e-08,Baixo
9693,M24552,M,299.0,310.0,1667,30.0,53,0,0,0,0,0,0,0,2.1254114e-07,Baixo
9694,L56873,L,298.9,310.0,1693,28.8,56,0,0,0,0,0,0,0,5.9959257e-07,Baixo
9695,L56874,L,298.9,310.0,1559,33.4,58,0,0,0,0,0,0,0,6.662365e-08,Baixo
9696,L56875,L,298.9,309.9,1592,32.0,60,0,0,0,0,0,0,0,4.2977618e-07,Baixo
9697,L56876,L,298.9,309.9,1404,39.8,62,0,0,0,0,0,0,0,8.087441e-06,Baixo
9698,M24557,M,298.8,309.8,1413,45.5,64,0,0,0,0,0,0,0,1.955076e-06,Baixo
9699,L56878,L,298.8,309.8,1663,28.2,67,0,0,0,0,0,0,0,1.2750504e-05,Baixo
9700,L56879,L,298.8,309.8,1508,36.3,69,0,0,0,0,0,0,0,1.7255313e-06,Baixo
9701,M24560,M,298.9,309.8,1353,53.7,71,0,0,0,0,0,0,0,2.108595e-06,Baixo
9702,L56881,L,298.8,309.8,1485,42.4,74,0,0,0,0,0,0,0,7.5534797e-07,Baixo
9703,L56882,L,298.9,310.0,1633,31.2,76,0,0,0,0,0,0,0,3.8240037e-07,Baixo
9704,L56883,L,298.9,310.0,1422,43.6,78,0,0,0,0,0,0,0,7.458107e-07,Baixo
9705,L56884,L,298.9,310.1,1577,41.4,80,0,0,0,0,0,0,0,1.4575083e-06,Baixo
9706,L56885,L,298.9,310.0,1482,41.1,82,0,0,0,0,0,0,0,8.9699955e-07,Baixo
9707,M24566,M,299.0,310.1,1705,30.1,84,0,0,0,0,0,0,0,4.2049264e-06,Baixo
9708,L56887,L,299.0,310.1,1699,32.9,87,0,0,0,0,0,0,0,1.0912344e-06,Baixo
9709,L56888,L,299.0,310.1,1664,29.7,89,0,0,0,0,0,0,0,2.0437203e-06,Baixo
9710,M24569,M,299.0,310.0,1486,34.6,91,0,0,0,0,0,0,0,1.9049535e-06,Baixo
9711,L56890,L,299.1,310.1,1336,61.3,94,0,0,0,0,0,0,0,0.00012642285,Baixo
9712,H39125,H,299.1,310.1,1429,42.9,96,0,0,0,0,0,0,0,1.0306624e-06,Baixo
9713,M24572,M,299.1,310.2,1456,48.4,101,0,0,0,0,0,0,0,1.683757e-06,Baixo
9714,L56893,L,299.1,310.2,1496,45.0,104,0,0,0,0,0,0,0,1.2260573e-06,Baixo
9715,L56894,L,299.1,310.1,1894,20.1,106,0,0,0,0,0,0,0,3.5357257e-06,Baixo
9716,L56895,L,299.1,310.1,1373,55.6,108,0,0,0,0,0,0,0,0.0007227689,Baixo
9717,H39130,H,299.0,310.0,1387,45.2,110,0,0,0,0,0,0,0,6.037618e-07,Baixo
9718,L56897,L,298.9,309.9,1500,44.2,115,0,0,0,0,0,0,0,3.2387284e-06,Baixo
9719,L56898,L,298.9,309.9,1517,36.6,117,0,0,0,0,0,0,0,8.479806e-06,Baixo
9720,L56899,L,298.9,309.9,1309,56.2,119,0,0,0,0,0,0,0,4.042059e-05,Baixo
9721,M24580,M,298.9,309.9,1357,54.5,121,0,0,0,0,0,0,0,1.9941643e-05,Baixo
9722,L56901,L,298.8,309.8,1490,40.6,124,0,0,0,0,0,0,0,1.2404314e-05,Baixo
9723,H39136,H,298.8,309.8,1911,21.6,126,0,0,0,0,0,0,0,1.2652704e-05,Baixo
9724,L56903,L,298.8,309.8,1599,33.6,131,0,0,0,0,0,0,0,1.1166452e-07,Baixo
9725,M24584,M,298.8,309.7,2098,19.0,133,0,0,0,0,0,0,0,2.306349e-05,Baixo
9726,M24585,M,298.7,309.7,1629,27.9,136,0,0,0,0,0,0,0,2.4196097e-06,Baixo
9727,L56906,L,298.8,309.8,1557,37.2,139,0,0,0,0,0,0,0,9.617715e-08,Baixo
9728,L56907,L,298.8,309.8,1461,39.4,141,0,0,0,0,0,0,0,2.4885812e-06,Baixo
9729,L56908,L,298.8,309.8,1563,33.7,143,0,0,0,0,0,0,0,7.957571e-07,Baixo
9730,L56909,L,298.7,309.8,1695,29.0,145,0,0,0,0,0,0,0,5.356821e-05,Baixo
9731,L56910,L,298.8,310.0,1528,36.7,147,0,0,0,0,0,0,0,7.183496e-08,Baixo
9732,L56911,L,298.8,310.0,1389,49.6,149,0,0,0,0,0,0,0,3.3710476e-06,Baixo
9733,L56912,L,298.9,310.0,2231,17.4,151,0,0,0,0,0,0,0,4.1798703e-05,Baixo
9734,M24593,M,298.9,310.1,1442,42.9,153,0,0,0,0,0,0,0,7.4348355e-07,Baixo
9735,H39148,H,298.9,310.1,1458,44.3,156,0,0,0,0,0,0,0,8.299665e-07,Baixo
9736,L56915,L,299.0,310.1,1444,47.7,161,0,0,0,0,0,0,0,9.807724e-06,Baixo
9737,M24596,M,298.9,310.0,1348,58.2,163,0,0,0,0,0,0,0,6.5998297e-06,Baixo
9738,L56917,L,298.9,310.0,1791,27.6,166,0,0,0,0,0,0,0,3.1489574e-06,Baixo
9739,L56918,L,299.0,310.0,1509,38.0,168,0,0,0,0,0,0,0,2.8957513e-06,Baixo
9740,L56919,L,298.9,310.0,1515,42.9,170,0,0,0,0,0,0,0,2.397138e-06,Baixo
9741,M24600,M,298.9,310.1,1655,31.5,172,0,0,0,0,0,0,0,5.362942e-07,Baixo
9742,L56921,L,298.9,310.1,1495,42.9,175,0,0,0,0,0,0,0,6.5066786e-07,Baixo
9743,L56922,L,298.9,310.2,1623,37.2,177,0,0,0,0,0,0,0,1.3036446e-06,Baixo
9744,L56923,L,298.9,310.2,1562,42.5,179,0,0,0,0,0,0,0,1.2447886e-07,Baixo
9745,L56924,L,298.8,310.1,1574,36.2,181,0,0,0,0,0,0,0,1.8384799e-06,Baixo
9746,L56925,L,298.8,310.0,1611,32.4,183,0,0,0,0,0,0,0,7.7462026e-08,Baixo
9747,L56926,L,298.8,310.0,1403,45.6,185,0,0,0,0,0,0,0,8.4001564e-05,Baixo
9748,L56927,L,298.8,310.1,1481,47.4,187,0,0,0,0,0,0,0,2.6670643e-05,Baixo
9749,M24608,M,298.9,310.1,1441,41.2,189,0,0,0,0,0,0,0,1.4940626e-06,Baixo
9750,H39163,H,298.8,310.1,1483,45.4,192,0,0,0,0,0,0,0,8.7812367e-07,Baixo
9751,L56930,L,298.7,310.0,1555,32.6,197,0,0,0,0,0,0,0,2.6944106e-06,Baixo
9752,L56931,L,298.6,309.9,1615,28.8,199,0,0,0,0,0,0,0,0.00010343585,Baixo
9753,L56932,L,298.6,309.8,1561,32.6,201,0,0,0,0,0,0,0,1.9409554e-05,Baixo
9754,L56933,L,298.5,309.8,1593,35.1,203,0,0,0,0,0,0,0,2.3046496e-05,Baixo
9755,M24614,M,298.5,309.7,1552,34.0,205,0,0,0,0,0,0,0,0.0022379062,Baixo
9756,H39169,H,298.5,309.7,1561,35.3,208,0,0,0,0,0,0,0,0.0032215791,Baixo
9757,L56936,L,298.6,309.8,1597,35.9,213,0,0,0,0,0,0,0,4.8916336e-05,Baixo
9758,M24617,M,298.6,309.9,1517,34.0,215,0,0,0,0,0,0,0,0.0022470304,Baixo
9759,L56938,L,298.6,309.8,2271,16.2,218,1,1,0,0,0,0,1,0.009684378,Baixo
9760,L56939,L,298.5,309.7,1613,36.7,0,0,0,0,0,0,0,0,9.930263e-06,Baixo
9761,M24620,M,298.5,309.6,1509,47.3,2,0,0,0,0,0,0,0,3.6135334e-06,Baixo
9762,L56941,L,298.6,309.7,1703,26.1,5,0,0,0,0,0,0,0,1.10126775e-05,Baixo
9763,L56942,L,298.6,309.7,1925,22.1,7,0,0,0,0,0,0,0,0.00011823265,Baixo
9764,M24623,M,298.6,309.6,1635,29.7,9,0,0,0,0,0,0,0,3.7669233e-07,Baixo
9765,L56944,L,298.5,309.5,1294,66.7,12,1,0,0,1,0,0,1,0.672813,Alto
9766,L56945,L,298.6,309.6,1472,39.1,14,0,0,0,0,0,0,0,8.1682465e-06,Baixo
9767,H39180,H,298.6,309.6,1449,42.5,16,0,0,0,0,0,0,0,7.193825e-06,Baixo
9768,L56947,L,298.6,309.6,1563,35.0,21,0,0,0,0,0,0,0,1.1561836e-07,Baixo
9769,L56948,L,298.6,309.6,1611,35.7,23,0,0,0,0,0,0,0,1.6079413e-06,Baixo
9770,L56949,L,298.6,309.6,1386,48.6,25,0,0,0,0,0,0,0,3.869585e-05,Baixo
9771,H39184,H,298.6,309.5,1584,31.8,27,0,0,0,0,0,0,0,1.6307158e-08,Baixo
9772,M24631,M,298.7,309.6,1424,50.4,32,0,0,0,0,0,0,0,1.4666902e-06,Baixo
9773,L56952,L,298.5,309.5,1561,34.8,35,0,0,0,0,0,0,0,5.989039e-07,Baixo
9774,L56953,L,298.5,309.4,1560,37.9,37,0,0,0,0,0,0,0,3.4427453e-06,Baixo
9775,H39188,H,298.6,309.5,1375,41.0,39,0,0,0,0,0,0,0,3.931189e-06,Baixo
9776,M24635,M,298.6,309.5,1684,27.8,44,0,0,0,0,0,0,0,3.7876256e-07,Baixo
9777,M24636,M,298.6,309.6,1397,54.1,47,0,0,0,0,0,0,0,1.8646679e-05,Baixo
9778,L56957,L,298.6,309.6,1387,57.6,50,0,0,0,0,0,0,0,0.0003615528,Baixo
9779,H39192,H,298.7,309.7,1311,54.5,52,0,0,0,0,0,0,0,5.468977e-07,Baixo
9780,L56959,L,298.8,309.8,1509,36.2,57,0,0,0,0,0,0,0,7.852474e-07,Baixo
9781,M24640,M,298.8,309.8,1477,46.7,59,0,0,0,0,0,0,0,1.3928972e-06,Baixo
9782,L56961,L,298.8,309.9,1441,41.6,62,0,0,0,0,0,0,0,2.406141e-05,Baixo
9783,L56962,L,298.7,309.9,1404,47.1,64,0,0,0,0,0,0,0,9.2614855e-06,Baixo
9784,H39197,H,298.8,309.9,1466,44.6,66,0,0,0,0,0,0,0,4.8304815e-07,Baixo
9785,M24644,M,298.7,309.8,1435,48.8,71,0,0,0,0,0,0,0,4.0093055e-06,Baixo
9786,H39199,H,298.7,309.7,1697,29.8,74,0,0,0,0,0,0,0,6.522098e-07,Baixo
9787,M24646,M,298.7,309.6,1738,27.3,79,0,0,0,0,0,0,0,2.6998455e-06,Baixo
9788,H39201,H,298.6,309.5,1420,50.4,82,0,0,0,0,0,0,0,1.2030888e-06,Baixo
9789,M24648,M,298.5,309.5,1535,39.8,87,0,0,0,0,0,0,0,1.5337204e-05,Baixo
9790,L56969,L,298.6,309.6,1715,28.4,90,0,0,0,0,0,0,0,4.3527994e-05,Baixo
9791,L56970,L,298.6,309.5,1483,43.2,92,0,0,0,0,0,0,0,2.203677e-06,Baixo
9792,M24651,M,298.5,309.4,1521,37.5,94,0,0,0,0,0,0,0,8.509288e-05,Baixo
9793,H39206,H,298.5,309.4,1573,36.0,97,0,0,0,0,0,0,0,2.633511e-07,Baixo
9794,H39207,H,298.5,309.4,1414,46.7,102,0,0,0,0,0,0,0,1.733128e-05,Baixo
9795,L56974,L,298.5,309.3,1590,33.9,107,0,0,0,0,0,0,0,1.651217e-06,Baixo
9796,L56975,L,298.5,309.3,1623,33.1,109,0,0,0,0,0,0,0,1.2194299e-07,Baixo
9797,H39210,H,298.4,309.3,1694,30.9,111,0,0,0,0,0,0,0,1.2726663e-06,Baixo
9798,M24657,M,298.4,309.2,1597,33.5,116,0,0,0,0,0,0,0,1.3891824e-07,Baixo
9799,L56978,L,298.5,309.3,1471,44.7,119,0,0,0,0,0,0,0,5.6148674e-06,Baixo
9800,M24659,M,298.5,309.3,1551,34.7,121,0,0,0,0,0,0,0,1.7944261e-06,Baixo
9801,H39214,H,298.5,309.3,1421,50.3,124,0,0,0,0,0,0,0,5.269164e-07,Baixo
9802,M24661,M,298.4,309.3,1496,45.6,129,0,0,0,0,0,0,0,8.4293765e-07,Baixo
9803,H39216,H,298.4,309.3,1984,19.2,132,0,0,0,0,0,0,0,1.4113596e-05,Baixo
9804,L56983,L,298.4,309.2,1692,29.8,137,0,0,0,0,0,0,0,5.978954e-06,Baixo
9805,L56984,L,298.4,309.1,1467,42.5,139,0,0,0,0,0,0,0,1.2185074e-06,Baixo
9806,L56985,L,298.4,309.2,1651,28.5,141,0,0,0,0,0,0,0,6.7653527e-06,Baixo
9807,L56986,L,298.3,309.1,1417,60.5,143,0,0,0,0,0,0,0,0.04073414,Baixo
9808,L56987,L,298.2,309.0,1413,55.0,145,0,0,0,0,0,0,0,4.3063014e-06,Baixo
9809,M24668,M,298.2,309.0,1441,44.2,147,0,0,0,0,0,0,0,2.7831736e-06,Baixo
9810,M24669,M,298.2,309.0,1353,50.3,150,0,0,0,0,0,0,0,1.839941e-06,Baixo
9811,L56990,L,298.1,309.0,1502,40.9,153,0,0,0,0,0,0,0,1.942357e-06,Baixo
9812,L56991,L,298.2,309.0,1610,31.7,155,0,0,0,0,0,0,0,2.8206847e-07,Baixo
9813,M24672,M,298.2,309.1,1411,45.8,157,0,0,0,0,0,0,0,3.493357e-06,Baixo
9814,L56993,L,298.3,309.1,1387,52.3,160,0,0,0,0,0,0,0,4.7252443e-06,Baixo
9815,H39228,H,298.3,309.1,1430,40.9,162,0,0,0,0,0,0,0,4.109909e-05,Baixo
9816,M24675,M,298.4,309.1,1576,38.8,167,0,0,0,0,0,0,0,3.8788994e-06,Baixo
9817,M24676,M,298.5,309.2,1721,29.4,170,0,0,0,0,0,0,0,1.2908131e-06,Baixo
9818,M24677,M,298.5,309.3,1465,42.4,173,0,0,0,0,0,0,0,3.617047e-06,Baixo
9819,M24678,M,298.6,309.4,1407,45.1,176,0,0,0,0,0,0,0,1.7495982e-05,Baixo
9820,M24679,M,298.6,309.4,1464,36.9,179,0,0,0,0,0,0,0,7.715267e-06,Baixo
9821,M24680,M,298.6,309.5,1568,36.7,182,0,0,0,0,0,0,0,3.7377941e-07,Baixo
9822,L57001,L,298.6,309.4,1667,35.6,185,0,0,0,0,0,0,0,1.8554898e-06,Baixo
9823,L57002,L,298.5,309.4,1360,60.9,187,1,0,0,0,1,0,1,0.99791616,Crítico
9824,M24683,M,298.5,309.3,1488,43.7,189,0,0,0,0,0,0,0,3.7178465e-06,Baixo
9825,L57004,L,298.4,309.3,1504,39.3,192,0,0,0,0,0,0,0,5.144094e-06,Baixo
9826,L57005,L,298.4,309.2,1610,32.4,194,0,0,0,0,0,0,0,3.6570734e-06,Baixo
9827,L57006,L,298.4,309.2,1345,52.7,196,0,0,0,0,0,0,0,0.0005579537,Baixo
9828,M24687,M,298.3,309.3,1376,57.0,198,0,0,0,0,0,0,0,0.004391534,Baixo
9829,L57008,L,298.4,309.4,1385,50.0,201,0,0,0,0,0,0,0,0.00018621299,Baixo
9830,M24689,M,298.4,309.4,1429,41.8,203,0,0,0,0,0,0,0,0.0016935258,Baixo
9831,L57010,L,298.3,309.3,1337,56.1,206,1,0,0,0,1,0,1,0.99563956,Crítico
9832,L57011,L,298.4,309.3,1542,35.4,208,0,0,0,0,0,0,0,0.092872605,Baixo
9833,L57012,L,298.4,309.2,2118,17.7,210,0,0,0,0,0,0,0,0.042123172,Baixo
9834,L57013,L,298.3,309.1,1386,45.3,212,0,0,0,0,0,0,0,0.06521271,Baixo
9835,M24694,M,298.3,309.1,1632,32.7,0,0,0,0,0,0,0,0,9.089072e-08,Baixo
9836,L57015,L,298.4,309.3,1545,36.9,3,0,0,0,0,0,0,0,1.258062e-05,Baixo
9837,M24696,M,298.4,309.3,1390,53.6,5,0,0,0,0,0,0,0,8.42509e-06,Baixo
9838,M24697,M,298.4,309.3,1355,50.6,8,0,0,0,0,0,0,0,1.1728534e-06,Baixo
9839,L57018,L,298.4,309.2,1425,45.5,11,0,0,0,0,0,0,0,6.3416496e-07,Baixo
9840,M24699,M,298.4,309.2,1491,51.2,13,0,0,0,0,0,0,0,3.4457933e-06,Baixo
9841,H39254,H,298.3,309.2,1486,42.4,16,0,0,0,0,0,0,0,6.263251e-08,Baixo
9842,M24701,M,298.3,309.2,1359,51.4,21,0,0,0,0,0,0,0,5.3010103e-06,Baixo
9843,L57022,L,298.4,309.3,1395,47.6,24,0,0,0,0,0,0,0,5.3802846e-06,Baixo
9844,L57023,L,298.3,309.2,1383,52.1,26,0,0,0,0,0,0,0,1.817742e-06,Baixo
9845,H39258,H,298.3,309.1,1484,37.0,28,0,0,0,0,0,0,0,4.2071775e-08,Baixo
9846,L57025,L,298.3,309.1,1421,47.4,33,0,0,0,0,0,0,0,2.1951985e-06,Baixo
9847,L57026,L,298.3,309.0,1339,58.8,35,0,0,0,0,0,0,0,7.2470734e-06,Baixo
9848,L57027,L,298.4,309.1,1362,46.1,37,0,0,0,0,0,0,0,6.7804904e-05,Baixo
9849,H39262,H,298.5,309.2,1568,40.6,39,0,0,0,0,0,0,0,6.388244e-08,Baixo
9850,L57029,L,298.6,309.4,2312,15.5,44,0,0,0,0,0,0,0,0.0022291786,Baixo
9851,M24710,M,298.5,309.3,1498,34.6,46,0,0,0,0,0,0,0,1.020948e-06,Baixo
9852,M24711,M,298.5,309.3,1761,27.2,49,0,0,0,0,0,0,0,2.6123567e-07,Baixo
9853,L57032,L,298.6,309.4,1316,51.4,52,0,0,0,0,0,0,0,3.0504876e-05,Baixo
9854,L57033,L,298.6,309.4,1525,37.8,54,0,0,0,0,0,0,0,2.381434e-06,Baixo
9855,H39268,H,298.6,309.4,1362,45.3,56,0,0,0,0,0,0,0,7.3831116e-06,Baixo
9856,L57035,L,298.7,309.6,1516,38.5,61,0,0,0,0,0,0,0,3.8798207e-06,Baixo
9857,L57036,L,298.6,309.5,1450,44.2,63,0,0,0,0,0,0,0,4.7355024e-06,Baixo
9858,M24717,M,298.6,309.5,1366,55.0,65,0,0,0,0,0,0,0,6.0796985e-05,Baixo
9859,L57038,L,298.5,309.5,1547,33.1,68,0,0,0,0,0,0,0,1.3741407e-06,Baixo
9860,M24719,M,298.6,309.5,1580,33.9,70,0,0,0,0,0,0,0,1.2237275e-07,Baixo
9861,H39274,H,298.7,309.6,1755,26.9,73,0,0,0,0,0,0,0,6.1498156e-07,Baixo
9862,M24721,M,298.7,309.6,1800,24.8,78,0,0,0,0,0,0,0,2.0834748e-06,Baixo
9863,M24722,M,298.8,309.7,1439,45.8,81,0,0,0,0,0,0,0,3.4724346e-06,Baixo
9864,L57043,L,298.9,309.8,1411,56.3,84,0,0,0,0,0,0,0,1.567192e-05,Baixo
9865,M24724,M,298.9,309.9,1645,31.4,86,0,0,0,0,0,0,0,1.1167543e-06,Baixo
9866,M24725,M,298.9,309.8,2450,13.9,89,0,0,0,0,0,0,0,0.06538599,Baixo
9867,L57046,L,299.0,309.9,1630,34.0,92,0,0,0,0,0,0,0,4.8447373e-07,Baixo
9868,L57047,L,299.0,309.9,1411,44.7,94,0,0,0,0,0,0,0,2.4581543e-05,Baixo
9869,L57048,L,298.9,309.9,1526,35.4,96,0,0,0,0,0,0,0,8.209097e-06,Baixo
9870,L57049,L,298.9,309.9,1590,31.3,98,0,0,0,0,0,0,0,9.075749e-07,Baixo
9871,H39284,H,299.0,309.9,1884,25.6,100,0,0,0,0,0,0,0,9.024975e-05,Baixo
9872,M24731,M,298.9,309.8,1947,21.7,105,0,0,0,0,0,0,0,4.9883674e-06,Baixo
9873,L57052,L,298.9,309.9,1373,52.1,108,0,0,0,0,0,0,0,0.0027876163,Baixo
9874,L57053,L,298.9,309.8,1616,36.5,110,0,0,0,0,0,0,0,3.6970638e-07,Baixo
9875,M24734,M,298.9,309.9,1449,44.1,112,0,0,0,0,0,0,0,9.2199525e-06,Baixo
9876,M24735,M,298.9,309.8,1363,50.6,115,0,0,0,0,0,0,0,2.6349726e-05,Baixo
9877,H39290,H,298.8,309.7,1461,55.1,118,0,0,0,0,0,0,0,4.7840604e-05,Baixo
9878,L57057,L,298.8,309.7,1374,58.6,123,0,0,0,0,0,0,0,0.0070778998,Baixo
9879,L57058,L,298.7,309.7,1293,59.1,125,0,0,0,0,0,0,0,3.1876578e-05,Baixo
9880,M24739,M,298.8,309.8,1490,38.6,127,0,0,0,0,0,0,0,7.784176e-07,Baixo
9881,L57060,L,298.8,309.8,1753,27.5,130,0,0,0,0,0,0,0,6.3219923e-06,Baixo
9882,L57061,L,298.8,309.8,1493,38.5,132,0,0,0,0,0,0,0,8.806583e-06,Baixo
9883,L57062,L,298.8,309.8,1895,22.0,134,0,0,0,0,0,0,0,2.7856431e-06,Baixo
9884,H39297,H,298.7,309.6,1654,34.3,136,0,0,0,0,0,0,0,5.5999465e-07,Baixo
9885,L57064,L,298.7,309.5,1673,30.8,141,0,0,0,0,0,0,0,7.913964e-06,Baixo
9886,L57065,L,298.8,309.6,1613,27.7,143,0,0,0,0,0,0,0,9.769851e-06,Baixo
9887,L57066,L,298.8,309.6,1903,22.3,145,0,0,0,0,0,0,0,7.7828496e-05,Baixo
9888,L57067,L,298.8,309.5,1368,44.7,147,0,0,0,0,0,0,0,0.00015655931,Baixo
9889,M24748,M,298.8,309.6,1575,34.4,149,0,0,0,0,0,0,0,6.2779975e-07,Baixo
9890,H39303,H,298.8,309.6,1516,40.2,152,0,0,0,0,0,0,0,2.071325e-07,Baixo
9891,L57070,L,298.8,309.5,1645,32.8,157,0,0,0,0,0,0,0,1.331436e-06,Baixo
9892,L57071,L,298.8,309.5,1374,48.1,159,0,0,0,0,0,0,0,7.402259e-06,Baixo
9893,H39306,H,298.9,309.7,1407,48.6,161,0,0,0,0,0,0,0,2.0730306e-07,Baixo
9894,M24753,M,298.9,309.6,1284,55.3,166,0,0,0,0,0,0,0,1.2799003e-05,Baixo
9895,L57074,L,298.9,309.5,1645,31.1,169,0,0,0,0,0,0,0,4.1568154e-07,Baixo
9896,L57075,L,298.8,309.4,1387,54.1,171,0,0,0,0,0,0,0,5.7547386e-06,Baixo
9897,M24756,M,298.8,309.3,1618,35.1,173,0,0,0,0,0,0,0,2.5756162e-07,Baixo
9898,L57077,L,298.8,309.3,1357,47.1,176,0,0,0,0,0,0,0,3.2100725e-06,Baixo
9899,L57078,L,298.7,309.2,1396,44.8,178,0,0,0,0,0,0,0,1.837595e-05,Baixo
9900,L57079,L,298.7,309.2,1586,31.4,180,0,0,0,0,0,0,0,6.152931e-08,Baixo
9901,H39314,H,298.7,309.2,1449,42.3,182,0,0,0,0,0,0,0,5.321227e-07,Baixo
9902,M24761,M,298.7,309.2,1423,48.9,187,0,0,0,0,0,0,0,9.758627e-07,Baixo
9903,H39316,H,298.7,309.3,1402,45.3,190,0,0,0,0,0,0,0,2.326944e-05,Baixo
9904,M24763,M,298.7,309.2,1437,45.7,195,0,0,0,0,0,0,0,7.363732e-06,Baixo
9905,L57084,L,298.6,309.1,1537,35.7,198,0,0,0,0,0,0,0,1.4155113e-05,Baixo
9906,M24765,M,298.7,309.1,1423,49.5,200,0,0,0,0,0,0,0,8.2298375e-06,Baixo
9907,M24766,M,298.6,309.1,1587,37.3,203,0,0,0,0,0,0,0,0.0030496076,Baixo
9908,M24767,M,298.6,309.1,1487,43.2,206,0,0,0,0,0,0,0,2.7340855e-05,Baixo
9909,L57088,L,298.6,309.0,1456,47.7,0,0,0,0,0,0,0,0,5.8768813e-07,Baixo
9910,L57089,L,298.7,309.1,1607,32.7,2,0,0,0,0,0,0,0,3.5765087e-08,Baixo
9911,L57090,L,298.6,309.0,1469,46.0,4,0,0,0,0,0,0,0,7.199564e-07,Baixo
9912,M24771,M,298.6,309.0,1481,40.8,6,0,0,0,0,0,0,0,2.8322864e-07,Baixo
9913,L57092,L,298.6,308.9,1327,58.8,9,0,0,0,0,0,0,0,1.4055115e-05,Baixo
9914,L57093,L,298.5,308.8,1589,30.6,11,0,0,0,0,0,0,0,4.7177064e-06,Baixo
9915,L57094,L,298.5,308.8,1670,29.6,13,0,0,0,0,0,0,0,2.7083272e-06,Baixo
9916,M24775,M,298.5,308.7,1662,28.3,15,0,0,0,0,0,0,0,3.495025e-05,Baixo
9917,M24776,M,298.5,308.8,1553,34.9,18,0,0,0,0,0,0,0,3.0807678e-06,Baixo
9918,M24777,M,298.5,308.8,1557,36.0,21,0,0,0,0,0,0,0,2.8154113e-06,Baixo
9919,L57098,L,298.4,308.8,1352,56.7,24,0,0,0,0,0,0,0,5.2974603e-05,Baixo
9920,L57099,L,298.5,308.8,1305,58.7,26,0,0,0,0,0,0,0,0.00028379596,Baixo
9921,H39334,H,298.5,308.7,1450,43.9,28,0,0,0,0,0,0,0,2.2212994e-06,Baixo
9922,M24781,M,298.5,308.7,1347,48.5,33,0,0,0,0,0,0,0,1.807562e-06,Baixo
9923,H39336,H,298.6,308.8,1566,39.1,36,0,0,0,0,0,0,0,4.890956e-07,Baixo
9924,M24783,M,298.5,308.7,1615,33.3,41,0,0,0,0,0,0,0,1.1854977e-06,Baixo
9925,M24784,M,298.5,308.6,1384,54.4,44,0,0,0,0,0,0,0,0.0003493525,Baixo
9926,M24785,M,298.5,308.7,1367,47.3,47,0,0,0,0,0,0,0,4.813003e-06,Baixo
9927,M24786,M,298.5,308.6,1897,20.2,50,0,0,0,0,0,0,0,2.1905891e-05,Baixo
9928,L57107,L,298.5,308.6,1522,36.9,53,0,0,0,0,0,0,0,8.786307e-06,Baixo
9929,M24788,M,298.4,308.5,1576,27.4,55,0,0,0,0,0,0,0,1.9766867e-06,Baixo
9930,H39343,H,298.4,308.4,1479,39.2,58,0,0,0,0,0,0,0,3.0273268e-06,Baixo
9931,L57110,L,298.3,308.3,1452,45.5,63,0,0,0,0,0,0,0,3.54375e-05,Baixo
9932,L57111,L,298.3,308.3,1432,46.9,65,0,0,0,0,0,0,0,7.383442e-06,Baixo
9933,L57112,L,298.3,308.2,1663,28.4,67,0,0,0,0,0,0,0,3.9590454e-06,Baixo
9934,L57113,L,298.3,308.3,1597,32.4,69,0,0,0,0,0,0,0,1.5975858e-06,Baixo
9935,L57114,L,298.3,308.2,1472,44.3,71,0,0,0,0,0,0,0,1.3692921e-05,Baixo
9936,L57115,L,298.4,308.3,1452,48.5,73,0,0,0,0,0,0,0,5.690906e-06,Baixo
9937,H39350,H,298.3,308.2,1534,33.2,75,0,0,0,0,0,0,0,6.1187984e-07,Baixo
9938,L57117,L,298.3,308.1,1505,46.1,80,0,0,0,0,0,0,0,7.030782e-07,Baixo
9939,L57118,L,298.3,308.1,1528,33.9,82,0,0,0,0,0,0,0,8.24905e-06,Baixo
9940,H39353,H,298.3,308.1,2636,12.8,84,0,0,0,0,0,0,0,0.94217753,Crítico
9941,M24800,M,298.3,308.1,1722,28.6,89,0,0,0,0,0,0,0,2.286264e-06,Baixo
9942,L57121,L,298.4,308.1,1395,44.0,92,0,0,0,0,0,0,0,1.4808977e-05,Baixo
9943,L57122,L,298.4,308.1,1375,50.8,94,0,0,0,0,0,0,0,3.990328e-05,Baixo
9944,M24803,M,298.3,308.0,1766,26.0,96,0,0,0,0,0,0,0,3.7764763e-05,Baixo
9945,L57124,L,298.3,307.9,1399,47.8,99,0,0,0,0,0,0,0,9.409886e-05,Baixo
9946,L57125,L,298.3,308.0,1578,37.8,101,0,0,0,0,0,0,0,1.653434e-05,Baixo
9947,L57126,L,298.3,307.9,1502,42.0,103,0,0,0,0,0,0,0,8.688175e-07,Baixo
9948,M24807,M,298.2,307.9,1529,36.6,105,0,0,0,0,0,0,0,9.5551586e-05,Baixo
9949,L57128,L,298.2,307.8,1804,25.1,108,0,0,0,0,0,0,0,1.890911e-05,Baixo
9950,M24809,M,298.2,307.8,1411,53.4,110,0,0,0,0,0,0,0,2.6088164e-05,Baixo
9951,L57130,L,298.1,307.8,1413,54.1,113,0,0,0,0,0,0,0,7.563719e-06,Baixo
9952,L57131,L,298.2,307.8,1355,59.4,115,0,0,0,0,0,0,0,0.00017457645,Baixo
9953,L57132,L,298.2,307.8,1429,46.9,117,0,0,0,0,0,0,0,6.4894407e-06,Baixo
9954,L57133,L,298.1,307.8,1565,35.3,119,0,0,0,0,0,0,0,8.787237e-06,Baixo
9955,M24814,M,298.1,307.9,1446,42.8,121,0,0,0,0,0,0,0,1.19967135e-05,Baixo
9956,M24815,M,298.2,307.9,1462,38.8,124,0,0,0,0,0,0,0,0.00018685576,Baixo
9957,M24816,M,298.2,307.8,1578,34.5,127,0,0,0,0,0,0,0,2.8185789e-06,Baixo
9958,L57137,L,298.1,307.8,1606,33.0,130,0,0,0,0,0,0,0,7.253047e-06,Baixo
9959,M24818,M,298.1,307.8,1525,35.9,132,0,0,0,0,0,0,0,0.0012173419,Baixo
9960,L57139,L,298.1,307.8,1379,49.1,135,0,0,0,0,0,0,0,3.9865245e-05,Baixo
9961,L57140,L,298.2,307.8,1575,35.0,137,0,0,0,0,0,0,0,7.419618e-06,Baixo
9962,L57141,L,298.2,307.9,1399,54.9,139,0,0,0,0,0,0,0,4.25822e-05,Baixo
9963,L57142,L,298.2,307.9,1429,49.4,141,0,0,0,0,0,0,0,5.038012e-06,Baixo
9964,L57143,L,298.3,307.9,1435,39.9,143,0,0,0,0,0,0,0,4.1852068e-06,Baixo
9965,L57144,L,298.3,307.9,1766,26.5,145,0,0,0,0,0,0,0,5.9294885e-05,Baixo
9966,L57145,L,298.3,307.9,1703,28.9,147,0,0,0,0,0,0,0,1.1377282e-05,Baixo
9967,L57146,L,298.3,307.9,1507,41.2,149,0,0,0,0,0,0,0,3.4108134e-06,Baixo
9968,M24827,M,298.3,307.9,1609,32.4,151,0,0,0,0,0,0,0,1.5678526e-05,Baixo
9969,L57148,L,298.4,308.0,1605,32.4,154,0,0,0,0,0,0,0,8.434491e-07,Baixo
9970,L57149,L,298.4,308.1,1491,50.0,156,0,0,0,0,0,0,0,1.5067407e-05,Baixo
9971,H39384,H,298.4,308.1,1891,24.7,158,0,0,0,0,0,0,0,1.6315287e-05,Baixo
9972,H39385,H,298.5,308.2,1563,44.6,163,0,0,0,0,0,0,0,5.8244115e-08,Baixo
9973,L57152,L,298.6,308.2,1390,51.4,168,0,0,0,0,0,0,0,4.2637992e-05,Baixo
9974,L57153,L,298.5,308.2,1444,40.5,170,0,0,0,0,0,0,0,0.00013387854,Baixo
9975,L57154,L,298.6,308.2,1361,68.2,172,1,0,0,1,1,0,2,0.99995065,Crítico
9976,M24835,M,298.6,308.3,1589,34.1,174,0,0,0,0,0,0,0,1.4375635e-06,Baixo
9977,L57156,L,298.6,308.2,1705,26.3,177,0,0,0,0,0,0,0,2.153081e-05,Baixo
9978,L57157,L,298.6,308.3,1422,40.4,179,0,0,0,0,0,0,0,0.00061676255,Baixo
9979,H39392,H,298.6,308.3,1377,52.1,181,0,0,0,0,0,0,0,1.4531999e-05,Baixo
9980,L57159,L,298.5,308.3,1334,49.8,186,0,0,0,0,0,0,0,5.3473734e-05,Baixo
9981,L57160,L,298.6,308.4,1559,36.6,188,0,0,0,0,0,0,0,3.4959332e-06,Baixo
9982,L57161,L,298.7,308.5,1353,47.0,190,0,0,0,0,0,0,0,2.5553447e-05,Baixo
9983,M24842,M,298.7,308.4,1507,45.7,192,0,0,0,0,0,0,0,8.009893e-05,Baixo
9984,L57163,L,298.7,308.4,1694,28.7,195,0,0,0,0,0,0,0,3.2867567e-05,Baixo
9985,H39398,H,298.7,308.4,1432,42.8,197,0,0,0,0,0,0,0,0.00011202891,Baixo
9986,H39399,H,298.7,308.5,1572,35.6,202,0,0,0,0,0,0,0,0.0010107292,Baixo
9987,M24846,M,298.8,308.6,1507,42.3,207,0,0,0,0,0,0,0,0.00019477618,Baixo
9988,M24847,M,298.8,308.6,1500,37.1,210,0,0,0,0,0,0,0,0.0002706334,Baixo
9989,L57168,L,298.9,308.6,1771,24.1,213,0,0,0,0,0,0,0,0.00012604464,Baixo
9990,M24849,M,298.8,308.5,1577,33.2,0,0,0,0,0,0,0,0,6.772279e-06,Baixo
9991,L57170,L,298.8,308.5,1527,36.2,3,0,0,0,0,0,0,0,1.7284354e-05,Baixo
9992,M24851,M,298.9,308.4,1827,26.1,5,0,0,0,0,0,0,0,5.7475256e-07,Baixo
9993,L57172,L,298.8,308.4,1484,39.2,8,0,0,0,0,0,0,0,2.3530833e-06,Baixo
9994,L57173,L,298.8,308.4,1401,47.3,10,0,0,0,0,0,0,0,1.768197e-05,Baixo
9995,L57174,L,298.8,308.3,1634,27.9,12,0,0,0,0,0,0,0,1.1758923e-05,Baixo
9996,M24855,M,298.8,308.4,1604,29.5,14,0,0,0,0,0,0,0,9.4386974e-07,Baixo
9997,H39410,H,298.9,308.4,1632,31.8,17,0,0,0,0,0,0,0,5.014903e-07,Baixo
9998,M24857,M,299.0,308.6,1645,33.4,22,0,0,0,0,0,0,0,1.3472308e-06,Baixo
9999,H39412,H,299.0,308.7,1408,48.5,25,0,0,0,0,0,0,0,8.409351e-07,Baixo
10000,M24859,M,299.0,308.7,1500,40.2,30,0,0,0,0,0,0,0,1.770521e-07,Baixo
